=~=~=~=~=~=~=~=~=~=~=~= PuTTY log 2026.09.12 13:15:56 =~=~=~=~=~=~=~=~=~=~=~=
13:15:55.347 R 0DFE1101 C2 FF FF FF FF FF FF FF
13:15:55.348 R 09F80101 F1 1F 50 1F 18 98 3E 03
13:15:55.407 R 09FD02B1 FF F0 01 3F 6D FA FF FF
13:15:55.408 R 09FD02B1 FF F0 01 3F 6D FC FF FF
13:15:55.408 R 09FD02B1 FF F2 01 D6 7F F9 FF FF
13:15:55.446 R 0DF90301 FF 7F FF FF FF 7F FF FF
13:15:55.447 R 09F80101 F1 1F 50 1F 18 98 3E 03
13:15:55.447 R 1DFFF001 C0 0D 3B 9F 90 FF FF FF
13:15:55.448 R 1DFFF001 C1 FF FF FF FF FF 36 01
13:15:55.456 R 19F51373 C0 0E FF FF FF FF FF FF
13:15:55.457 R 19F51373 C1 86 85 B0 00 00 00 00
13:15:55.457 R 19F51373 C2 00 FF FF FF FF FF FF
13:15:55.458 R 1DFF6773 E0 0B 3B 9F 03 00 04 B4
13:15:55.459 R 1DFF6773 E1 6E 11 19 09 09 FF FF
13:15:55.460 R 1DFF6773 00 0B 3B 9F 03 02 04 B4
13:15:55.460 R 1DFF6773 01 6E 11 19 09 09 FF FF
13:15:55.507 R 09FD02B1 FF F1 01 2F 6D FA FF FF
13:15:55.507 R 09FD02B1 FF F1 01 2F 6D FC FF FF
13:15:55.508 R 09FD02B1 FF F3 01 C4 7F F9 FF FF
13:15:55.547 R 09F80201 FF FC 00 00 02 00 FF FF
13:15:55.548 R 09F80101 F1 1F 50 1F 19 98 3E 03
13:15:55.548 R 19FA0301 00 DB 36 00 4D 00 31 00
13:15:55.549 R 19FA0601 40 0F 7F 34 00 FF FF FF
13:15:55.550 R 19FA0601 41 FF FF FF FF FF FF FF
13:15:55.550 R 19FA0601 42 FF FF FF FF FF FF FF
13:15:55.551 R 19FA0B01 40 0F 7F 09 00 FF FF FF
13:15:55.552 R 19FA0B01 41 FF FF FF FF FF FF FF
13:15:55.552 R 19FA0B01 42 FF FF FF FF FF FF FF
13:15:55.563 R 11F80E00 60 1C 01 31 B0 95 0E 4D
13:15:55.564 R 11F80E00 61 68 45 03 4F 66 56 1F
13:15:55.564 R 11F80E00 62 DF 17 1F 8C 01 07 09
13:15:55.565 R 11F80E00 63 00 FF FF FF 7F C0 F8
13:15:55.566 R 11F80E00 64 FF FF FF FF FF FF FF
13:15:55.606 R 09FD02B1 FF F3 01 28 6D FA FF FF
13:15:55.607 R 09FD02B1 FF F3 01 28 6D FC FF FF
13:15:55.607 R 09FD02B1 FF F5 01 BE 7F F9 FF FF
13:15:55.648 R 19FA0401 40 DB 7F FF 12 04 DD 08
13:15:55.649 R 19FA0401 41 2E 35 10 0E 00 00 00
13:15:55.650 R 19FA0401 42 00 F5 05 BA 11 F1 CF
13:15:55.650 R 19FA0401 43 48 0D 00 00 00 00 F5
13:15:55.651 R 19FA0401 44 07 AE 2D 67 4E 10 0E
13:15:55.652 R 19FA0401 45 00 00 00 00 F5 09 0B
13:15:55.652 R 19FA0401 46 20 DC 35 3C 0F 00 00
13:15:55.653 R 19FA0401 47 00 00 F5 0B 45 1B E6
13:15:55.654 R 19FA0401 48 A0 AC 0D 00 00 00 00
13:15:55.654 R 19FA0401 49 F5 14 23 06 4E B3 D8
13:15:55.655 R 19FA0401 4A 0E 00 00 00 00 F5 15
13:15:55.656 R 19FA0401 4B 45 2A B7 C5 3C 0F 00
13:15:55.657 R 19FA0401 4C 00 00 00 F5 1D 17 04
13:15:55.657 R 19FA0401 4D CD D8 AC 0D 00 00 00
13:15:55.658 R 19FA0401 4E 00 F5 1E 0B 20 DB 80
13:15:55.659 R 19FA0401 4F E4 0C 00 00 00 00 F5
13:15:55.659 R 19FA0401 50 44 C5 22 68 30 74 0E
13:15:55.660 R 19FA0401 51 00 00 00 00 F5 45 A2
13:15:55.661 R 19FA0401 52 2B C2 D6 D8 0E 00 00
13:15:55.661 R 19FA0401 53 00 00 F5 46 46 0C F1
13:15:55.662 R 19FA0401 54 C0 04 10 00 00 00 00
13:15:55.663 R 19FA0401 55 F5 31 74 14 66 7B E4
13:15:55.663 R 19FA0401 56 0C 00 00 00 00 F5 00
13:15:55.664 R 19FA0401 57 C5 31 DA AD 3C 0F 00
13:15:55.665 R 19FA0401 58 00 00 00 F5 00 AE 1E
13:15:55.666 R 19FA0401 59 CE AB 48 0D 00 00 00
13:15:55.666 R 19FA0401 5A 00 F5 00 22 24 20 AB
13:15:55.667 R 19FA0401 5B 80 0C 00 00 00 00 F5
13:15:55.668 R 19FA0401 5C 00 BA 20 0B 2F 48 0D
13:15:55.668 R 19FA0401 5D 00 00 00 00 F5 00 8B
13:15:55.669 R 19FA0401 5E 36 22 33 AC 0D 00 00
13:15:55.670 R 19FA0401 5F 00 00 F5 FF FF FF FF
13:15:55.670 R 09F80101 F1 1F 50 1F 19 98 3E 03
13:15:55.671 R 19F11A01 FF FF FF FF FB 01 FF FF
13:15:55.705 R 09FD02B1 FF F4 01 13 6D FA FF FF
13:15:55.706 R 09FD02B1 FF F4 01 13 6D FC FF FF
13:15:55.707 R 09FD02B1 FF F6 01 A8 7F F9 FF FF
13:15:55.750 R 09F80201 FF FC 00 00 02 00 FF FF
13:15:55.750 R 09F80101 F1 1F 50 1F 19 98 3E 03
13:15:55.773 R 0DF50B73 00 EB 01 00 00 FF FF FF
13:15:55.781 R 19FB1200 A0 23 18 31 54 8C 0E 24
13:15:55.781 R 19FB1200 A1 53 4D 54 45 27 5C 53
13:15:55.782 R 19FB1200 A2 50 49 35 35 35 39 40
13:15:55.782 R 19FB1200 A3 82 00 28 00 14 00 82
13:15:55.783 R 19FB1200 A4 00 00 00 00 00 03 E1
13:15:55.783 R 19FB1200 A5 FF FF FF FF FF FF FF
13:15:55.784 R 1DFF7700 A0 1C 3B 9F 18 31 54 8C
13:15:55.784 R 1DFF7700 A1 0E 01 24 53 4D 54 45
13:15:55.785 R 1DFF7700 A2 27 5C 53 50 49 35 35
13:15:55.786 R 1DFF7700 A3 35 39 40 82 00 A0 C1
13:15:55.786 R 1DFF7700 A4 FF FF FF FF FF FF FF
13:15:55.805 R 09FD02B1 FF F5 01 DB 6C FA FF FF
13:15:55.806 R 09FD02B1 FF F5 01 DB 6C FC FF FF
13:15:55.806 R 09FD02B1 FF F7 01 6E 7F F9 FF FF
13:15:55.833 R 11F80F00 C0 1B 12 0D 1F 98 0E 26
13:15:55.833 R 11F80F00 C1 59 50 03 A8 F0 5C 1F
13:15:55.834 R 11F80F00 C2 DF 8E B2 2F 01 06 00
13:15:55.835 R 11F80F00 C3 0E FF FF 00 74 FF FF
13:15:55.839 R 09F50373 00 00 00 FF FF 00 FF FF
13:15:55.851 R 0DF80501 60 2B 80 E4 50 86 58 2C
13:15:55.852 R 0DF80501 61 18 00 2A 2E FB 44 66
13:15:55.852 R 0DF80501 62 4A 07 00 BA 0D A6 44
13:15:55.853 R 0DF80501 63 63 C1 00 40 06 8A 02
13:15:55.854 R 0DF80501 64 00 00 00 00 23 FC 16
13:15:55.855 R 0DF80501 65 36 00 FF 7F EE 11 00
13:15:55.855 R 0DF80501 66 00 00 FF FF FF FF FF
13:15:55.856 R 09F80101 F1 1F 50 1F 19 98 3E 03
13:15:55.856 R 0DF80901 E4 50 86 58 2C 18 78 00
13:15:55.874 R 1CFF1A73 3B 9F 00 00 FF FF FF FF
13:15:55.875 R 09F50373 00 00 00 FF FF 00 FF FF
13:15:55.884 R 11F80E00 80 1C 01 90 2A 8B 0E B8
13:15:55.884 R 11F80E00 81 7C 3B 03 92 DA 4B 1F
13:15:55.885 R 11F80E00 82 E3 FF FF 00 00 C0 C0
13:15:55.885 R 11F80E00 83 08 FF FF FF 7F C0 F8
13:15:55.886 R 11F80E00 84 FF FF FF FF FF FF FF
13:15:55.900 R 15FD0773 00 C0 53 7A FF 7F FF FF
13:15:55.903 R 09FD02B1 FF F6 01 9F 6C FA FF FF
13:15:55.904 R 09FD02B1 FF F6 01 9F 6C FC FF FF
13:15:55.905 R 09FD02B1 FF F8 01 33 7F F9 FF FF
13:15:55.935 R 15FD0773 00 C0 53 7A FF 7F FF FF
13:15:55.951 R 09F80201 FF FC 00 00 02 00 FF FF
13:15:55.952 R 09F80101 F1 1F 50 1F 19 98 3E 03
13:15:55.943 R 0DF01001 FF FF E4 50 86 58 2C 18
13:15:55.993 R 09FD02B1 FF F7 01 8D 6C FA FF FF
13:15:55.994 R 09FD02B1 FF F7 01 8D 6C FC FF FF
13:15:55.995 R 09FD02B1 FF F9 01 1F 7F F9 FF FF
13:15:56.042 R 09F80101 F1 1F 50 1F 1A 98 3E 03
13:15:56.060 R 11F80E00 A0 1C 01 18 E6 96 0E 11
13:15:56.061 R 11F80E00 A1 26 3B 03 CD AC 4B 1F
13:15:56.062 R 11F80E00 A2 DD 9A B1 00 00 A4 40
13:15:56.062 R 11F80E00 A3 09 16 22 00 00 D0 F8
13:15:56.063 R 11F80E00 A4 FF FF FF FF FF FF FF
13:15:56.092 R 09FD02B1 FF F9 01 87 6C FA FF FF
13:15:56.093 R 09FD02B1 FF F9 01 87 6C FC FF FF
13:15:56.093 R 09FD02B1 FF FB 01 18 7F F9 FF FF
13:15:56.142 R 11F80E00 C0 1C 01 C7 44 98 0E 1F
13:15:56.142 R 11F80E00 C1 52 3D 03 07 3E 4E 1F
13:15:56.143 R 11F80E00 C2 E7 D7 0D 00 00 E5 C0
13:15:56.143 R 09F80201 FF FC 00 00 02 00 FF FF
13:15:56.144 R 11F80E00 C3 08 FF FF FF 7F C0 F8
13:15:56.144 R 09F80101 F0 1F 50 1F 1A 98 3E 03
13:15:56.145 R 11F80E00 C4 FF FF FF FF FF FF FF
13:15:56.185 R 11F80F00 E0 1B 12 7C 13 8D 0E 5B
13:15:56.185 R 11F80F00 E1 98 3E 03 BC 1F 50 1F
13:15:56.186 R 11F80F00 E2 E3 FF FF 00 00 00 00
13:15:56.187 R 11F80F00 E3 20 FF FF 00 70 FE FF
13:15:56.191 R 09FD02B1 FF FA 01 68 6C FA FF FF
13:15:56.192 R 09FD02B1 FF FA 01 68 6C FC FF FF
13:15:56.193 R 09FD02B1 FF FC 01 F9 7E F9 FF FF
13:15:56.245 R 09F80101 F0 1F 50 1F 1A 98 3E 03
13:15:56.291 R 09FD02B1 FF FB 01 3C 6C FA FF FF
13:15:56.292 R 09FD02B1 FF FB 01 3C 6C FC FF FF
13:15:56.292 R 09FD02B1 FF FD 01 CE 7E F9 FF FF
13:15:56.346 R 09F80201 FF FC 00 00 02 00 FF FF
13:15:56.346 R 0DFE1101 E0 0E C0 7C 00 00 02 00
13:15:56.347 R 0DFE1101 E1 FF FF FF FF FF FF FF
13:15:56.348 R 0DFE1101 E2 FF FF FF FF FF FF FF
13:15:56.348 R 09F80101 F0 1F 50 1F 1A 98 3E 03
13:15:56.390 R 09FD02B1 FF FC 01 1C 6C FA FF FF
13:15:56.391 R 09FD02B1 FF FC 01 1C 6C FC FF FF
13:15:56.392 R 09FD02B1 FF FE 01 AD 7E F9 FF FF
13:15:56.409 R 11F80E00 E0 1C 03 9E 61 95 0E 04
13:15:56.410 R 11F80E00 E1 8E 3D 03 08 61 50 1F
13:15:56.411 R 11F80E00 E2 E3 FF FF 00 00 BA 4A
13:15:56.411 R 11F80E00 E3 09 FF FF FF 7F D5 F8
13:15:56.412 R 11F80E00 E4 FF FF FF FF FF FF FF
13:15:56.447 R 0DF90301 FF 7F FF FF FF 7F FF FF
13:15:56.448 R 09F80101 F0 1F 50 1F 1A 98 3E 03
13:15:56.448 R 1DFFF001 E0 0D 3B 9F 90 FF FF FF
13:15:56.449 R 19F51373 20 0E FF FF FF FF FF FF
13:15:56.449 R 1DFFF001 E1 FF FF FF FF FF 38 01
13:15:56.450 R 19F51373 21 86 85 B0 00 00 00 00
13:15:56.451 R 19F51373 22 00 FF FF FF FF FF FF
13:15:56.451 R 1DFF6773 40 0B 3B 9F 03 00 04 B4
13:15:56.452 R 1DFF6773 41 6E 11 19 09 09 FF FF
13:15:56.453 R 1DFF6773 60 0B 3B 9F 03 02 04 B4
13:15:56.453 R 1DFF6773 61 6E 11 19 09 09 FF FF
13:15:56.490 R 09FD02B1 FF FD 01 08 6C FA FF FF
13:15:56.490 R 09FD02B1 FF FD 01 08 6C FC FF FF
13:15:56.491 R 09FD02B1 FF FF 01 9A 7E F9 FF FF
13:15:56.548 R 09F80201 FF FC 00 00 02 00 FF FF
13:15:56.549 R 09F80101 F0 1F 50 1F 1B 98 3E 03
13:15:56.550 R 19FA0301 00 DB 36 00 4D 00 31 00
13:15:56.550 R 19FA0601 60 0F 80 34 00 FF FF FF
13:15:56.551 R 19FA0601 61 FF FF FF FF FF FF FF
13:15:56.552 R 19FA0601 62 FF FF FF FF FF FF FF
13:15:56.552 R 19FA0B01 60 0F 80 0B 00 FF FF FF
13:15:56.553 R 19FA0B01 61 FF FF FF FF FF FF FF
13:15:56.554 R 19FA0B01 62 FF FF FF FF FF FF FF
13:15:56.589 R 09FD02B1 FF FF 01 F9 6B FA FF FF
13:15:56.590 R 09FD02B1 FF FF 01 F9 6B FC FF FF
13:15:56.590 R 09FD02B1 FF 01 02 8C 7E F9 FF FF
13:15:56.599 R 11F80F00 00 1B 12 9A 2F 8B 0E FF
13:15:56.599 R 11F80F00 01 EE 33 03 2E 0B 4E 1F
13:15:56.600 R 11F80F00 02 E3 47 EB B9 00 06 00
13:15:56.600 R 11F80F00 03 0E FF FF 00 74 FF FF
13:15:56.650 R 19FA0401 60 DB 80 FF 12 04 DD 08
13:15:56.650 R 19FA0401 61 2E 35 10 0E 00 00 00
13:15:56.651 R 19FA0401 62 00 F5 05 BA 11 F1 CF
13:15:56.651 R 19FA0401 63 AC 0D 00 00 00 00 F5
13:15:56.652 R 19FA0401 64 07 AE 2D 67 4E 10 0E
13:15:56.653 R 19FA0401 65 00 00 00 00 F5 09 0B
13:15:56.653 R 19FA0401 66 20 DC 35 3C 0F 00 00
13:15:56.654 R 19FA0401 67 00 00 F5 0B 45 1B E6
13:15:56.655 R 19FA0401 68 A0 48 0D 00 00 00 00
13:15:56.655 R 19FA0401 69 F5 14 23 06 4E B3 D8
13:15:56.656 R 19FA0401 6A 0E 00 00 00 00 F5 15
13:15:56.657 R 19FA0401 6B 45 2A B7 C5 A0 0F 00
13:15:56.657 R 19FA0401 6C 00 00 00 F5 1D 17 04
13:15:56.658 R 19FA0401 6D CD D8 AC 0D 00 00 00
13:15:56.659 R 19FA0401 6E 00 F5 1E 0B 20 DB 80
13:15:56.659 R 19FA0401 6F E4 0C 00 00 00 00 F5
13:15:56.660 R 19FA0401 70 44 C5 22 68 30 74 0E
13:15:56.661 R 19FA0401 71 00 00 00 00 F5 45 A2
13:15:56.661 R 19FA0401 72 2B C2 D6 D8 0E 00 00
13:15:56.662 R 19FA0401 73 00 00 F5 46 46 0C F1
13:15:56.663 R 19FA0401 74 C0 A0 0F 00 00 00 00
13:15:56.663 R 19FA0401 75 F5 31 74 14 66 7B 80
13:15:56.664 R 19FA0401 76 0C 00 00 00 00 F5 00
13:15:56.664 R 19FA0401 77 C5 31 DA AD A0 0F 00
13:15:56.665 R 19FA0401 78 00 00 00 F5 00 AE 1E
13:15:56.666 R 19FA0401 79 CE AB AC 0D 00 00 00
13:15:56.666 R 19FA0401 7A 00 F5 00 22 24 20 AB
13:15:56.667 R 19FA0401 7B E4 0C 00 00 00 00 F5
13:15:56.668 R 19FA0401 7C 00 BA 20 0B 2F 48 0D
13:15:56.668 R 19FA0401 7D 00 00 00 00 F5 00 8B
13:15:56.669 R 19FA0401 7E 36 22 33 AC 0D 00 00
13:15:56.670 R 19FA0401 7F 00 00 F5 FF FF FF FF
13:15:56.670 R 09F80101 F0 1F 50 1F 1B 98 3E 03
13:15:56.671 R 19F11A01 FF FF FF FF FB 01 FF FF
13:15:56.689 R 09FD02B1 FF 00 02 E8 6B FA FF FF
13:15:56.690 R 09FD02B1 FF 00 02 E8 6B FC FF FF
13:15:56.691 R 09FD02B1 FF 02 02 7B 7E F9 FF FF
13:15:56.750 R 09F80201 FF FC 00 00 02 00 FF FF
13:15:56.751 R 09F80101 F0 1F 50 1F 1B 98 3E 03
13:15:56.775 R 0DF50B73 00 E8 01 00 00 FF FF FF
13:15:56.788 R 09FD02B1 FF 01 02 CA 6B FA FF FF
13:15:56.789 R 09FD02B1 FF 01 02 CA 6B FC FF FF
13:15:56.789 R 09FD02B1 FF 03 02 5F 7E F9 FF FF
13:15:56.851 R 0DF80501 80 2B 81 E4 50 F4 7B 2C
13:15:56.852 R 0DF80501 81 18 00 60 93 BF 44 66
13:15:56.853 R 0DF80501 82 4A 07 00 4E 43 1D 45
13:15:56.853 R 0DF80501 83 63 C1 00 40 06 8A 02
13:15:56.854 R 0DF80501 84 00 00 00 00 23 FC 17
13:15:56.854 R 0DF80501 85 36 00 FF 7F EE 11 00
13:15:56.855 R 0DF80501 86 00 00 FF FF FF FF FF
13:15:56.856 R 09F80101 F0 1F 50 1F 1B 98 3E 03
13:15:56.856 R 0DF80901 E4 50 F4 7B 2C 18 78 00
13:15:56.886 R 09FD02B1 FF 02 02 B2 6B FA FF FF
13:15:56.887 R 09FD02B1 FF 02 02 B2 6B FC FF FF
13:15:56.888 R 09FD02B1 FF 04 02 46 7E F9 FF FF
13:15:56.893 R 09F50373 00 00 00 FF FF 00 FF FF
13:15:56.933 R 1CFF1A73 3B 9F 00 00 FF FF FF FF
13:15:56.933 R 09F50373 00 00 00 FF FF 00 FF FF
13:15:56.951 R 09F80201 FF FC 00 00 02 00 FF FF
13:15:56.952 R 09F80101 F0 1F 50 1F 1B 98 3E 03
13:15:57.000 R 0DF01001 FF FF E4 50 D0 81 2C 18
13:15:57.029 R 15FD0773 00 C0 53 7A FF 7F FF FF
13:15:57.034 R 09FD02B1 FF 04 02 B2 6B FA FF FF
13:15:57.036 R 09FD02B1 FF 04 02 B2 6B FC FF FF
13:15:57.036 R 09FD02B1 FF 06 02 46 7E F9 FF FF
13:15:57.041 R 1CFF7400 3B 9F FD 00 00 FF FF FF
13:15:57.057 R 15FD0773 00 C0 53 7A FF 7F FF FF
13:15:57.071 R 19FB1200 C0 23 18 1C 69 95 0E 25
13:15:57.072 R 19FB1200 C1 53 4D 54 46 2B 4F 57
13:15:57.072 R 19FB1200 C2 50 46 39 32 32 31 40
13:15:57.073 R 19FB1200 C3 5A 00 1E 00 0A 00 32
13:15:57.073 R 19FB1200 C4 00 00 00 00 00 F3 E1
13:15:57.074 R 19FB1200 C5 FF FF FF FF FF FF FF
13:15:57.075 R 1DFF7700 C0 1C 3B 9F 18 1C 69 95
13:15:57.075 R 1DFF7700 C1 0E 01 25 53 4D 54 46
13:15:57.076 R 1DFF7700 C2 2B 4F 57 50 46 39 32
13:15:57.076 R 1DFF7700 C3 32 31 40 81 40 A0 C0
13:15:57.077 R 1DFF7700 C4 FF FF FF FF FF FF FF
13:15:57.100 R 09F80101 F0 1F 50 1F 1C 98 3E 03
13:15:57.133 R 09FD02B1 FF 05 02 C2 6B FA FF FF
13:15:57.134 R 09FD02B1 FF 05 02 C2 6B FC FF FF
13:15:57.134 R 09FD02B1 FF 07 02 58 7E F9 FF FF
13:15:57.201 R 09F80201 FF FC 00 00 02 00 FF FF
13:15:57.202 R 09F80101 F0 1F 50 1F 1C 98 3E 03
13:15:57.232 R 09FD02B1 FF 07 02 BF 6B FA FF FF
13:15:57.233 R 09FD02B1 FF 07 02 BF 6B FC FF FF
13:15:57.234 R 09FD02B1 FF 09 02 56 7E F9 FF FF
13:15:57.236 R 11F80F00 20 1B 12 7C 13 8D 0E 4B
13:15:57.237 R 11F80F00 21 98 3E 03 BC 1F 50 1F
13:15:57.237 R 11F80F00 22 E7 FF FF 00 00 00 00
13:15:57.238 R 11F80F00 23 20 FF FF 00 70 FE FF
13:15:57.303 R 09F80101 F0 1F 50 1F 1C 98 3E 03
13:15:57.332 R 09FD02B1 FF 09 02 B0 6B FA FF FF
13:15:57.333 R 09FD02B1 FF 09 02 B0 6B FC FF FF
13:15:57.333 R 09FD02B1 FF 0B 02 48 7E F9 FF FF
13:15:57.393 R 19FB1100 60 1B 18 EA FA 9F 0C 50
13:15:57.393 R 19FB1100 61 41 50 41 4A 4F 45 40
13:15:57.394 R 19FB1100 62 40 40 40 40 40 40 40
13:15:57.394 R 19FB1100 63 40 40 40 40 40 E1 FF
13:15:57.395 R 1DFF7600 60 1C 3B 9F 18 EA FA 9F
13:15:57.395 R 1DFF7600 61 0C 00 50 41 50 41 4A
13:15:57.396 R 1DFF7600 62 4F 45 40 40 40 40 40
13:15:57.397 R 1DFF7600 63 40 40 40 40 40 40 40
13:15:57.397 R 1DFF7600 64 40 FF FF FF FF FF FF
13:15:57.404 R 09F80201 FF FC 00 00 02 00 FF FF
13:15:57.404 R 0DFE1101 00 0E C0 7D 00 00 02 00
13:15:57.405 R 0DFE1101 01 FF FF FF FF FF FF FF
13:15:57.406 R 0DFE1101 02 FF FF FF FF FF FF FF
13:15:57.406 R 09F80101 F0 1F 50 1F 1C 98 3E 03
13:15:57.431 R 09FD02B1 FF 0B 02 C8 6B FA FF FF
13:15:57.432 R 09FD02B1 FF 0B 02 C8 6B FC FF FF
13:15:57.433 R 09FD02B1 FF 0D 02 5F 7E F9 FF FF
13:15:57.499 R 19F51373 80 0E FF FF FF FF FF FF
13:15:57.500 R 19F51373 81 86 85 B0 00 00 00 00
13:15:57.500 R 19F51373 82 00 FF FF FF FF FF FF
13:15:57.501 R 1DFF6773 A0 0B 3B 9F 03 00 04 B4
13:15:57.502 R 1DFF6773 A1 6E 11 19 09 09 FF FF
13:15:57.502 R 1DFF6773 C0 0B 3B 9F 03 02 04 B4
13:15:57.503 R 1DFF6773 C1 6E 11 19 09 09 FF FF
13:15:57.505 R 0DF90301 FF 7F FF FF FF 7F FF FF
13:15:57.506 R 09F80101 F0 1F 50 1F 1C 98 3E 03
13:15:57.507 R 1DFFF001 00 0D 3B 9F 90 FF FF FF
13:15:57.508 R 1DFFF001 01 FF FF FF FF FF 3B 01
13:15:57.531 R 09FD02B1 FF 0D 02 E9 6B FA FF FF
13:15:57.531 R 09FD02B1 FF 0D 02 E9 6B FC FF FF
13:15:57.532 R 09FD02B1 FF 0F 02 82 7E F9 FF FF
13:15:57.607 R 09F80201 FF FC 00 00 02 00 FF FF
13:15:57.608 R 09F80101 F0 1F 50 1F 1D 98 3E 03
13:15:57.608 R 19FA0301 00 DB 36 00 4D 00 31 00
13:15:57.609 R 19FA0601 80 0F 81 34 00 FF FF FF
13:15:57.610 R 19FA0601 81 FF FF FF FF FF FF FF
13:15:57.611 R 19FA0601 82 FF FF FF FF FF FF FF
13:15:57.611 R 19FA0B01 80 0F 81 B0 02 2D 00 18
13:15:57.612 R 19FA0B01 81 00 00 00 2D 00 18 00
13:15:57.613 R 19FA0B01 82 38 00 FF FF FF FF FF
13:15:57.630 R 09FD02B1 FF 0F 02 D4 6B FA FF FF
13:15:57.631 R 09FD02B1 FF 0F 02 D4 6B FC FF FF
13:15:57.631 R 09FD02B1 FF 11 02 6F 7E F9 FF FF
13:15:57.709 R 19FA0401 80 DB 81 FF 12 04 DD 08
13:15:57.710 R 19FA0401 81 2E 35 AC 0D 00 00 00
13:15:57.710 R 19FA0401 82 00 F5 05 BA 11 F1 CF
13:15:57.711 R 19FA0401 83 AC 0D 00 00 00 00 F5
13:15:57.712 R 19FA0401 84 07 AE 2D 67 4E AC 0D
13:15:57.713 R 19FA0401 85 00 00 00 00 F5 09 0B
13:15:57.713 R 19FA0401 86 20 DC 35 A0 0F 00 00
13:15:57.714 R 19FA0401 87 00 00 F5 0B 45 1B E6
13:15:57.715 R 19FA0401 88 A0 E4 0C 00 00 00 00
13:15:57.715 R 19FA0401 89 F5 14 23 06 4E B3 D8
13:15:57.716 R 19FA0401 8A 0E 00 00 00 00 F5 15
13:15:57.717 R 19FA0401 8B 45 2A B7 C5 A0 0F 00
13:15:57.718 R 19FA0401 8C 00 00 00 F5 1D 17 04
13:15:57.718 R 19FA0401 8D CD D8 10 0E 00 00 00
13:15:57.719 R 19FA0401 8E 00 F5 1E 0B 20 DB 80
13:15:57.720 R 19FA0401 8F 48 0D 00 00 00 00 F5
13:15:57.721 R 19FA0401 90 44 C5 22 68 30 74 0E
13:15:57.721 R 19FA0401 91 00 00 00 00 F5 45 A2
13:15:57.722 R 19FA0401 92 2B C2 D6 D8 0E 00 00
13:15:57.723 R 19FA0401 93 00 00 F5 46 46 0C F1
13:15:57.724 R 19FA0401 94 C0 D8 0E 00 00 00 00
13:15:57.724 R 19FA0401 95 F5 31 74 14 66 7B E4
13:15:57.725 R 19FA0401 96 0C 00 00 00 00 F5 00
13:15:57.726 R 19FA0401 97 C5 31 DA AD A0 0F 00
13:15:57.727 R 19FA0401 98 00 00 00 F5 00 AE 1E
13:15:57.727 R 19FA0401 99 CE AB 48 0D 00 00 00
13:15:57.728 R 19FA0401 9A 00 F5 00 51 1D 7D 8E
13:15:57.729 R 19FA0401 9B E4 0C 00 00 00 00 F5
13:15:57.729 R 19FA0401 9C 00 22 24 20 AB E4 0C
13:15:57.730 R 09FD02B1 FF 11 02 B8 6B FA FF FF
13:15:57.730 R 09FD02B1 FF 11 02 B8 6B FC FF FF
13:15:57.731 R 19FA0401 9D 00 00 00 00 F5 00 8B
13:15:57.732 R 09FD02B1 FF 13 02 52 7E F9 FF FF
13:15:57.732 R 19FA0401 9E 36 22 33 AC 0D 00 00
13:15:57.733 R 19FA0401 9F 00 00 F5 FF FF FF FF
13:15:57.734 R 09F80101 F0 1F 50 1F 1D 98 3E 03
13:15:57.734 R 19F11A01 FF FF FF FF FB 01 FF FF
13:15:57.796 R 11F80E00 00 1C 03 21 E8 8B 0E 9B
13:15:57.796 R 11F80E00 01 20 3A 03 3A 4D 4B 1F
13:15:57.797 R 11F80E00 02 EB FF FF 00 00 8A 4B
13:15:57.797 R 11F80E00 03 09 FF FF FF 7F C5 F8
13:15:57.798 R 11F80E00 04 FF FF FF FF FF FF FF
13:15:57.811 R 09F80201 FF FC 00 00 02 00 FF FF
13:15:57.811 R 09F80101 F0 1F 50 1F 1D 98 3E 03
13:15:57.823 R 11F80F00 40 1B 12 8C D4 91 0E 33
13:15:57.824 R 11F80F00 41 B8 31 03 74 03 4C 1F
13:15:57.824 R 11F80F00 42 E4 3E 77 2A 01 00 C0
13:15:57.825 R 11F80F00 43 08 A0 76 00 00 FE FF
13:15:57.829 R 09FD02B1 FF 13 02 D7 6B FA FF FF
13:15:57.830 R 09FD02B1 FF 13 02 D7 6B FC FF FF
13:15:57.830 R 09FD02B1 FF 15 02 71 7E F9 FF FF
13:15:57.851 R 0DF50B73 00 E8 01 00 00 FF FF FF
13:15:57.882 R 09F50373 00 00 00 FF FF 00 FF FF
13:15:57.912 R 0DF80501 A0 2B 82 E4 50 EE A4 2C
13:15:57.912 R 0DF80501 A1 18 00 60 93 BF 44 66
13:15:57.913 R 0DF80501 A2 4A 07 00 E2 78 94 45
13:15:57.914 R 0DF80501 A3 63 C1 00 E0 8C 8B 02
13:15:57.914 R 0DF80501 A4 00 00 00 00 23 FC 17
13:15:57.915 R 0DF80501 A5 36 00 FF 7F EE 11 00
13:15:57.916 R 0DF80501 A6 00 00 FF FF FF FF FF
13:15:57.917 R 09F80101 F0 1F 50 1F 1D 98 3E 03
13:15:57.917 R 0DF80901 E4 50 EE A4 2C 18 78 00
13:15:57.918 R 1CFF1A73 3B 9F 00 00 FF FF FF FF
13:15:57.919 R 09F50373 00 00 00 FF FF 00 FF FF
13:15:57.928 R 09FD02B1 FF 15 02 03 6C FA FF FF
13:15:57.930 R 09FD02B1 FF 15 02 03 6C FC FF FF
13:15:57.931 R 09FD02B1 FF 17 02 9D 7E F9 FF FF
13:15:57.946 R 15FD0773 00 C0 53 7A FF 7F FF FF
13:15:57.976 R 15FD0773 00 C0 53 7A FF 7F FF FF
13:15:58.013 R 09F80201 FF FC 00 00 02 00 FF FF
13:15:58.014 R 09F80101 F0 1F 50 1F 1D 98 3E 03
13:15:58.000 R 0DF01001 FF FF E4 50 E0 A8 2C 18
13:15:58.014 R 09FD02B1 FF 18 02 E7 6B FA FF FF
13:15:58.016 R 09FD02B1 FF 18 02 E7 6B FC FF FF
13:15:58.016 R 09FD02B1 FF 1A 02 83 7E F9 FF FF
13:15:58.100 R 09F80101 F0 1F 50 1F 1E 98 3E 03
13:15:58.113 R 09FD02B1 FF 1A 02 B5 6B FA FF FF
13:15:58.114 R 09FD02B1 FF 1A 02 B5 6B FC FF FF
13:15:58.114 R 09FD02B1 FF 1C 02 53 7E F9 FF FF
13:15:58.185 R 11F80F00 60 1B 12 7A E8 8B 0E E4
13:15:58.185 R 11F80F00 61 9A 19 03 C6 C8 4D 1F
13:15:58.186 R 11F80F00 62 E8 73 5C 68 01 06 00
13:15:58.187 R 11F80F00 63 0E FF FF 00 74 FF FF
13:15:58.201 R 09F80201 FF FC 00 00 02 00 FF FF
13:15:58.202 R 09F80101 F0 1F 50 1F 1E 98 3E 03
13:15:58.213 R 09FD02B1 FF 1D 02 D3 6B FA FF FF
13:15:58.213 R 09FD02B1 FF 1D 02 D3 6B FC FF FF
13:15:58.214 R 09FD02B1 FF 1F 02 71 7E F9 FF FF
13:15:58.226 R 11F80F00 80 1B 12 7C 13 8D 0E 4B
13:15:58.227 R 11F80F00 81 98 3E 03 BC 1F 50 1F
13:15:58.228 R 11F80F00 82 EB FF FF 00 00 00 00
13:15:58.228 R 11F80F00 83 20 FF FF 00 70 FE FF
13:15:58.264 R 11F80E00 20 1C 01 28 91 76 0C 2C
13:15:58.264 R 11F80E00 21 13 4F 03 0E 3D 5A 1F
13:15:58.265 R 11F80E00 22 E8 D6 31 00 00 01 09
13:15:58.265 R 11F80E00 23 08 FF FF FF 7F C0 F8
13:15:58.266 R 11F80E00 24 FF FF FF FF FF FF FF
13:15:58.302 R 09F80101 F0 1F 50 1F 1E 98 3E 03
13:15:58.312 R 09FD02B1 FF 1F 02 0C 6C FA FF FF
13:15:58.313 R 09FD02B1 FF 1F 02 0C 6C FC FF FF
13:15:58.313 R 09FD02B1 FF 21 02 AB 7E F9 FF FF
13:15:58.344 R 11F80E00 40 1C 01 22 AE 95 0E FF
13:15:58.344 R 11F80E00 41 FF FF 7F FF FF FF 7F
13:15:58.345 R 11F80E00 42 FC FF FF FF FF 31 C0
13:15:58.346 R 11F80E00 43 02 FF FF FF 7F C0 F8
13:15:58.346 R 11F80E00 44 FF FF FF FF FF FF FF
13:15:58.347 R 11F80E00 60 1C 03 50 53 8F 0E 25
13:15:58.347 R 11F80E00 61 76 3B 03 A5 D4 4B 1F
13:15:58.348 R 11F80E00 62 E5 FC EF 05 00 61 0F
13:15:58.348 R 11F80E00 63 08 7D 9D 96 FF C0 F8
13:15:58.349 R 11F80E00 64 FF FF FF FF FF FF FF
13:15:58.403 R 09F80201 FF FC 00 00 02 00 FF FF
13:15:58.404 R 0DFE1101 20 0E C0 7E 00 00 02 00
13:15:58.405 R 0DFE1101 21 FF FF FF FF FF FF FF
13:15:58.406 R 0DFE1101 22 FF FF FF FF FF FF FF
13:15:58.406 R 09F80101 F0 1F 50 1F 1E 98 3E 03
13:15:58.411 R 09FD02B1 FF 22 02 02 6C FA FF FF
13:15:58.413 R 09FD02B1 FF 22 02 02 6C FC FF FF
13:15:58.414 R 09FD02B1 FF 24 02 A2 7E F9 FF FF
13:15:58.489 R 19F51373 E0 0E FF FF FF FF FF FF
13:15:58.489 R 19F51373 E1 86 85 B0 00 00 00 00
13:15:58.490 R 19F51373 E2 00 FF FF FF FF FF FF
13:15:58.491 R 1DFF6773 00 0B 3B 9F 03 00 04 B4
13:15:58.491 R 1DFF6773 01 6E 11 19 09 09 FF FF
13:15:58.492 R 1DFF6773 20 0B 3B 9F 03 02 04 B4
13:15:58.493 R 1DFF6773 21 6E 11 19 09 09 FF FF
13:15:58.505 R 0DF90301 FF 7F FF FF FF 7F FF FF
13:15:58.506 R 09F80101 F0 1F 50 1F 1E 98 3E 03
13:15:58.507 R 1DFFF001 20 0D 3B 9F 90 FF FF FF
13:15:58.507 R 1DFFF001 21 FF FF FF FF FF 40 01
13:15:58.511 R 09FD02B1 FF 24 02 DC 6B FA FF FF
13:15:58.511 R 09FD02B1 FF 24 02 DC 6B FC FF FF
13:15:58.512 R 09FD02B1 FF 26 02 7C 7E F9 FF FF
13:15:58.606 R 09F80201 FF FC 00 00 02 00 FF FF
13:15:58.607 R 09F80101 F0 1F 50 1F 1F 98 3E 03
13:15:58.607 R 19FA0301 00 DB 36 00 4D 00 31 00
13:15:58.608 R 19FA0601 A0 0F 82 34 00 FF FF FF
13:15:58.609 R 19FA0601 A1 FF FF FF FF FF FF FF
13:15:58.610 R 19FA0601 A2 FF FF FF FF FF FF FF
13:15:58.610 R 19FA0B01 A0 0F 82 F6 02 2D 00 18
13:15:58.611 R 19FA0B01 A1 00 00 00 2D 00 18 00
13:15:58.612 R 19FA0B01 A2 38 00 FF FF FF FF FF
13:15:58.612 R 09FD02B1 FF 27 02 E2 6B FA FF FF
13:15:58.613 R 09FD02B1 FF 27 02 E2 6B FC FF FF
13:15:58.613 R 09FD02B1 FF 29 02 84 7E F9 FF FF
13:15:58.693 R 11F80F00 A0 1B 12 0A 1C A0 0C C7
13:15:58.693 R 11F80F00 A1 47 3C 03 8C E8 4D 1F
13:15:58.694 R 11F80F00 A2 63 88 BD 06 01 06 00
13:15:58.695 R 11F80F00 A3 06 FF FF 00 74 FF FF
13:15:58.708 R 19FA0401 A0 DB 82 FF 12 04 DD 08
13:15:58.709 R 19FA0401 A1 2E 35 AC 0D 00 00 00
13:15:58.709 R 19FA0401 A2 00 F5 05 BA 11 F1 CF
13:15:58.710 R 09FD02B1 FF 2A 02 00 6C FA FF FF
13:15:58.711 R 09FD02B1 FF 2A 02 00 6C FC FF FF
13:15:58.711 R 09FD02B1 FF 2C 02 A2 7E F9 FF FF
13:15:58.712 R 19FA0401 A3 AC 0D 00 00 00 00 F5
13:15:58.712 R 19FA0401 A4 07 AE 2D 67 4E AC 0D
13:15:58.713 R 19FA0401 A5 00 00 00 00 F5 09 0B
13:15:58.714 R 19FA0401 A6 20 DC 35 04 10 00 00
13:15:58.715 R 19FA0401 A7 00 00 F5 0B 45 1B E6
13:15:58.716 R 19FA0401 A8 A0 E4 0C 00 00 00 00
13:15:58.716 R 19FA0401 A9 F5 14 23 06 4E B3 D8
13:15:58.717 R 19FA0401 AA 0E 00 00 00 00 F5 15
13:15:58.718 R 19FA0401 AB 45 2A B7 C5 A0 0F 00
13:15:58.718 R 19FA0401 AC 00 00 00 F5 1D 17 04
13:15:58.719 R 19FA0401 AD CD D8 AC 0D 00 00 00
13:15:58.720 R 19FA0401 AE 00 F5 1E 0B 20 DB 80
13:15:58.720 R 19FA0401 AF AC 0D 00 00 00 00 F5
13:15:58.721 R 19FA0401 B0 44 C5 22 68 30 74 0E
13:15:58.722 R 19FA0401 B1 00 00 00 00 F5 45 A2
13:15:58.722 R 19FA0401 B2 2B C2 D6 3C 0F 00 00
13:15:58.723 R 19FA0401 B3 00 00 F5 46 46 0C F1
13:15:58.724 R 19FA0401 B4 C0 3C 0F 00 00 00 00
13:15:58.725 R 19FA0401 B5 F5 31 74 14 66 7B E4
13:15:58.725 R 19FA0401 B6 0C 00 00 00 00 F5 00
13:15:58.726 R 19FA0401 B7 C5 31 DA AD A0 0F 00
13:15:58.727 R 19FA0401 B8 00 00 00 F5 00 AE 1E
13:15:58.727 R 19FA0401 B9 CE AB 48 0D 00 00 00
13:15:58.728 R 19FA0401 BA 00 F5 00 51 1D 7D 8E
13:15:58.729 R 19FA0401 BB E4 0C 00 00 00 00 F5
13:15:58.729 R 19FA0401 BC 00 22 24 20 AB E4 0C
13:15:58.731 R 19FA0401 BD 00 00 00 00 F5 00 8B
13:15:58.732 R 19FA0401 BE 36 22 33 AC 0D 00 00
13:15:58.732 R 19FA0401 BF 00 00 F5 FF FF FF FF
13:15:58.733 R 09F80101 F0 1F 50 1F 1F 98 3E 03
13:15:58.734 R 19F11A01 FF FF FF FF FB 01 FF FF
13:15:58.772 R 11F80E00 80 1C 01 91 72 96 0E F5
13:15:58.773 R 11F80E00 81 96 41 03 1D E2 52 1F
13:15:58.774 R 11F80E00 82 EF AB B7 00 00 D5 08
13:15:58.774 R 11F80E00 83 00 FF FF FF 7F CF F8
13:15:58.775 R 11F80E00 84 FF FF FF FF FF FF FF
13:15:58.808 R 0DF50B73 00 EB 01 00 00 FF FF FF
13:15:58.809 R 09FD02B1 FF 2C 02 F7 6B FA FF FF
13:15:58.810 R 09F80201 FF FC 00 00 02 00 FF FF
13:15:58.810 R 09FD02B1 FF 2C 02 F7 6B FC FF FF
13:15:58.811 R 09F80101 F0 1F 50 1F 1F 98 3E 03
13:15:58.811 R 09FD02B1 FF 2E 02 99 7E F9 FF FF
13:15:58.828 R 11F80E00 A0 1C 01 B4 D6 95 0E A1
13:15:58.829 R 11F80E00 A1 3F 3D 03 C6 EE 4F 1F
13:15:58.829 R 11F80E00 A2 EC FF FF 00 00 BA 08
13:15:58.830 R 11F80E00 A3 00 FF FF FF 7F C0 F8
13:15:58.831 R 11F80E00 A4 FF FF FF FF FF FF FF
13:15:58.874 R 09F50373 00 00 00 FF FF 00 FF FF
13:15:58.908 R 09FD02B1 FF 2E 02 D3 6B FA FF FF
13:15:58.909 R 09FD02B1 FF 2E 02 D3 6B FC FF FF
13:15:58.910 R 09FD02B1 FF 30 02 74 7E F9 FF FF
13:15:58.910 R 1CFF1A73 3B 9F 00 00 FF FF FF FF
13:15:58.911 R 09F50373 00 00 00 FF FF 00 FF FF
13:15:58.911 R 0DF80501 C0 2B 83 E4 50 20 C8 2C
13:15:58.912 R 0DF80501 C1 18 00 60 93 BF 44 66
13:15:58.913 R 0DF80501 C2 4A 07 00 76 AE 0B 46
13:15:58.913 R 0DF80501 C3 63 C1 00 E0 8C 8B 02
13:15:58.914 R 0DF80501 C4 00 00 00 00 23 FC 17
13:15:58.915 R 0DF80501 C5 36 00 FF 7F EE 11 00
13:15:58.916 R 0DF80501 C6 00 00 FF FF FF FF FF
13:15:58.917 R 09F80101 F0 1F 50 1F 1F 98 3E 03
13:15:58.917 R 0DF80901 E4 50 20 C8 2C 18 78 00
13:15:58.933 R 11F80E00 C0 1C 01 CA 71 96 0E 8F
13:15:58.934 R 11F80E00 C1 37 3D 03 EC F0 4F 1F
13:15:58.934 R 11F80E00 C2 EF 00 00 00 00 3C 56
13:15:58.935 R 11F80E00 C3 08 FF FF FF 7F C0 F8
13:15:58.935 R 11F80E00 C4 FF FF FF FF FF FF FF
13:15:58.988 R 11F80F00 C0 1B 12 51 3D 8B 0E 81
13:15:58.989 R 11F80F00 C1 FB 45 03 2D B2 54 1F
13:15:58.990 R 11F80F00 C2 E8 BC DB 34 01 06 00
13:15:58.990 R 11F80F00 C3 06 FF FF 00 74 FF FF
13:15:59.008 R 09FD02B1 FF 31 02 CE 6B FA FF FF
13:15:59.008 R 09FD02B1 FF 31 02 CE 6B FC FF FF
13:15:59.009 R 09FD02B1 FF 33 02 6E 7E F9 FF FF
13:15:59.013 R 09F80201 FF FC 00 00 02 00 FF FF
13:15:59.014 R 09F80101 F0 1F 50 1F 1F 98 3E 03
13:15:58.974 R 0DF01001 FF FF E4 50 EC CE 2C 18
13:15:58.984 R 15FD0773 00 C0 53 7A FF 7F FF FF
13:15:59.012 R 15FD0773 00 C0 53 7A FF 7F FF FF
13:15:59.067 R 09FD02B1 FF 33 02 F5 6B FA FF FF
13:15:59.069 R 09FD02B1 FF 33 02 F5 6B FC FF FF
13:15:59.070 R 09FD02B1 FF 35 02 94 7E F9 FF FF
13:15:59.074 R 09F80101 F0 1F 50 1F 20 98 3E 03
13:15:59.163 R 11F80F00 E0 1B 12 9F F6 8D 0E 08
13:15:59.164 R 11F80F00 E1 A6 44 03 2E 92 57 1F
13:15:59.165 R 11F80F00 E2 83 E5 E5 58 01 06 00
13:15:59.165 R 11F80F00 E3 06 CD E7 00 74 FF FF
13:15:59.167 R 09FD02B1 FF 35 02 15 6C FA FF FF
13:15:59.167 R 09FD02B1 FF 35 02 15 6C FC FF FF
13:15:59.168 R 09FD02B1 FF 37 02 B2 7E F9 FF FF
13:15:59.175 R 09F80201 FF FC 00 00 02 00 FF FF
13:15:59.176 R 09F80101 F0 1F 50 1F 20 98 3E 03
13:15:59.177 R 19F81401 A0 14 57 38 34 00 00 00
13:15:59.177 R 19F81401 A1 00 00 00 00 00 00 00
13:15:59.178 R 19F81401 A2 00 00 00 57 38 34 00
13:15:59.191 R 11F80F00 00 1B 12 7C 13 8D 0E 4B
13:15:59.191 R 11F80F00 01 98 3E 03 BC 1F 50 1F
13:15:59.192 R 11F80F00 02 EF FF FF 00 00 00 00
13:15:59.192 R 11F80F00 03 20 FF FF 00 70 FE FF
13:15:59.266 R 09FD02B1 FF 36 02 12 6C FA FF FF
13:15:59.268 R 09FD02B1 FF 36 02 12 6C FC FF FF
13:15:59.269 R 09FD02B1 FF 38 02 AF 7E F9 FF FF
13:15:59.277 R 09F80101 F0 1F 50 1F 20 98 3E 03
13:15:59.321 R 11F80E00 E0 1C 01 D7 AF 95 0E 03
13:15:59.321 R 11F80E00 E1 2D 3D 03 8C 14 4F 1F
13:15:59.322 R 11F80E00 E2 EF FF FF 0F 00 3C 56
13:15:59.323 R 11F80E00 E3 00 FF FF FF 7F C0 F8
13:15:59.323 R 11F80E00 E4 FF FF FF FF FF FF FF
13:15:59.365 R 09FD02B1 FF 38 02 13 6C FA FF FF
13:15:59.366 R 09FD02B1 FF 38 02 13 6C FC FF FF
13:15:59.367 R 09FD02B1 FF 3A 02 AD 7E F9 FF FF
13:15:59.378 R 09F80201 FF FC 00 00 02 00 FF FF
13:15:59.378 R 0DFE1101 40 0E C0 7F 00 00 02 00
13:15:59.379 R 0DFE1101 41 FF FF FF FF FF FF FF
13:15:59.380 R 0DFE1101 42 FF FF FF FF FF FF FF
13:15:59.380 R 09F80101 F0 1F 50 1F 20 98 3E 03
13:15:59.452 R 19F51373 40 0E FF FF FF FF FF FF
13:15:59.453 R 19F51373 41 86 85 B0 00 00 00 00
13:15:59.453 R 19F51373 42 00 FF FF FF FF FF FF
13:15:59.454 R 1DFF6773 60 0B 3B 9F 03 00 04 B4
13:15:59.455 R 1DFF6773 61 6E 11 19 09 09 FF FF
13:15:59.455 R 1DFF6773 80 0B 3B 9F 03 02 04 B4
13:15:59.456 R 1DFF6773 81 6E 11 19 09 09 FF FF
13:15:59.465 R 09FD02B1 FF 39 02 2B 6C FA FF FF
13:15:59.467 R 09FD02B1 FF 39 02 2B 6C FC FF FF
13:15:59.467 R 09FD02B1 FF 3B 02 C3 7E F9 FF FF
13:15:59.479 R 0DF90301 FF 7F FF FF FF 7F FF FF
13:15:59.480 R 09F80101 F0 1F 50 1F 20 98 3E 03
13:15:59.480 R 1DFFF001 40 0D 3B 9F 90 FF FF FF
13:15:59.481 R 1DFFF001 41 FF FF FF FF FF 44 01
13:15:59.482 R 19FB1200 E0 23 18 84 E0 9D 0C 25
13:15:59.482 R 19FB1200 E1 53 4D 54 44 5E 44 5A
13:15:59.483 R 19FB1200 E2 44 46 36 33 31 32 40
13:15:59.483 R 19FB1200 E3 8C 00 28 00 14 00 3C
13:15:59.484 R 19FB1200 E4 00 00 00 00 00 F3 E0
13:15:59.484 R 19FB1200 E5 FF FF FF FF FF FF FF
13:15:59.485 R 1DFF7700 E0 1C 3B 9F 18 84 E0 9D
13:15:59.486 R 1DFF7700 E1 0C 01 25 53 4D 54 44
13:15:59.486 R 1DFF7700 E2 5E 44 5A 44 46 36 33
13:15:59.487 R 1DFF7700 E3 31 32 40 82 80 C0 C0
13:15:59.487 R 1DFF7700 E4 FF FF FF FF FF FF FF
13:15:59.490 R 1CFFFF01 4F 9A 00 F5 FF FF FF FF
13:15:59.511 R 11F80F00 20 1B 12 00 AC 97 0E F2
13:15:59.511 R 11F80F00 21 F4 3D 03 35 BE 4F 1F
13:15:59.512 R 11F80F00 22 EC 88 D5 00 00 06 00
13:15:59.512 R 11F80F00 23 06 FF FF 00 74 FF FF
13:15:59.564 R 09FD02B1 FF 3B 02 48 6C FA FF FF
13:15:59.565 R 09FD02B1 FF 3B 02 48 6C FC FF FF
13:15:59.565 R 09FD02B1 FF 3D 02 DD 7E F9 FF FF
13:15:59.580 R 09F80201 FF FC 00 00 02 00 FF FF
13:15:59.581 R 09F80101 F0 1F 50 1F 21 98 3E 03
13:15:59.582 R 19FA0301 00 DB 36 00 4D 00 31 00
13:15:59.582 R 19FA0601 C0 0F 83 34 00 FF FF FF
13:15:59.583 R 19FA0601 C1 FF FF FF FF FF FF FF
13:15:59.584 R 19FA0601 C2 FF FF FF FF FF FF FF
13:15:59.584 R 19FA0B01 C0 0F 83 07 03 2D 00 18
13:15:59.585 R 19FA0B01 C1 00 00 00 2D 00 18 00
13:15:59.586 R 19FA0B01 C2 38 00 FF FF FF FF FF
13:15:59.664 R 09FD02B1 FF 3C 02 53 6C FA FF FF
13:15:59.664 R 09FD02B1 FF 3C 02 53 6C FC FF FF
13:15:59.665 R 09FD02B1 FF 3E 02 E5 7E F9 FF FF
13:15:59.681 R 19FA0401 C0 DB 83 FF 12 04 DD 08
13:15:59.682 R 19FA0401 C1 2E 35 AC 0D 00 00 00
13:15:59.683 R 19FA0401 C2 00 F5 05 BA 11 F1 CF
13:15:59.683 R 19FA0401 C3 AC 0D 00 00 00 00 F5
13:15:59.684 R 19FA0401 C4 07 AE 2D 67 4E AC 0D
13:15:59.685 R 19FA0401 C5 00 00 00 00 F5 09 0B
13:15:59.685 R 19FA0401 C6 20 DC 35 04 10 00 00
13:15:59.686 R 19FA0401 C7 00 00 F5 0B 45 1B E6
13:15:59.687 R 19FA0401 C8 A0 48 0D 00 00 00 00
13:15:59.687 R 19FA0401 C9 F5 14 23 06 4E B3 3C
13:15:59.688 R 19FA0401 CA 0F 00 00 00 00 F5 15
13:15:59.688 R 19FA0401 CB 45 2A B7 C5 A0 0F 00
13:15:59.689 R 19FA0401 CC 00 00 00 F5 1D 17 04
13:15:59.690 R 19FA0401 CD CD D8 AC 0D 00 00 00
13:15:59.690 R 19FA0401 CE 00 F5 1E 0B 20 DB 80
13:15:59.691 R 19FA0401 CF 48 0D 00 00 00 00 F5
13:15:59.692 R 19FA0401 D0 44 C5 22 16 31 D8 0E
13:15:59.692 R 19FA0401 D1 00 00 00 00 F5 45 A2
13:15:59.693 R 19FA0401 D2 2B C2 D6 3C 0F 00 00
13:15:59.694 R 19FA0401 D3 00 00 F5 46 46 0C F1
13:15:59.694 R 19FA0401 D4 C0 3C 0F 00 00 00 00
13:15:59.695 R 19FA0401 D5 F5 31 74 14 66 7B E4
13:15:59.696 R 19FA0401 D6 0C 00 00 00 00 F5 00
13:15:59.696 R 19FA0401 D7 C5 31 DA AD A0 0F 00
13:15:59.697 R 19FA0401 D8 00 00 00 F5 00 AE 1E
13:15:59.697 R 19FA0401 D9 CE AB AC 0D 00 00 00
13:15:59.698 R 19FA0401 DA 00 F5 00 22 24 20 AB
13:15:59.699 R 19FA0401 DB 48 0D 00 00 00 00 F5
13:15:59.699 R 19FA0401 DC 00 BA 20 0B 2F E4 0C
13:15:59.700 R 19FA0401 DD 00 00 00 00 F5 00 8B
13:15:59.701 R 19FA0401 DE 36 22 33 AC 0D 00 00
13:15:59.701 R 19FA0401 DF 00 00 F5 FF FF FF FF
13:15:59.702 R 09F80101 F0 1F 50 1F 21 98 3E 03
13:15:59.703 R 19F11A01 FF FF FF FF FB 01 FF FF
13:15:59.703 R 1CFF1F01 3B 9F FF FB 01 FF FF FF
13:15:59.763 R 09FD02B1 FF 3D 02 51 6C FA FF FF
13:15:59.765 R 09FD02B1 FF 3D 02 51 6C FC FF FF
13:15:59.766 R 09FD02B1 FF 3F 02 E2 7E F9 FF FF
13:15:59.775 R 0DF50B73 00 E8 01 00 00 FF FF FF
13:15:59.782 R 09F80201 FF FC 00 00 02 00 FF FF
13:15:59.783 R 09F80101 F0 1F 50 1F 21 98 3E 03
13:15:59.804 R 11F80E00 00 1C 01 D9 88 94 0E 65
13:15:59.804 R 11F80E00 01 57 3D 03 77 55 4E 1F
13:15:59.805 R 11F80E00 02 EF FF FF 05 00 C0 40
13:15:59.805 R 11F80E00 03 09 FF FF FF 7F C0 F8
13:15:59.806 R 11F80E00 04 FF FF FF FF FF FF FF
13:15:59.836 R 09F50373 00 00 00 FF FF 00 FF FF
13:15:59.862 R 09FD02B1 FF 3E 02 53 6C FA FF FF
13:15:59.864 R 09FD02B1 FF 3E 02 53 6C FC FF FF
13:15:59.865 R 09FD02B1 FF 40 02 E4 7E F9 FF FF
13:15:59.874 R 1CFF1A73 3B 9F 00 00 FF FF FF FF
13:15:59.875 R 09F50373 00 00 00 FF FF 00 FF FF
13:15:59.883 R 0DF80501 E0 2B 84 E4 50 0C F5 2C
13:15:59.884 R 0DF80501 E1 18 00 60 93 BF 44 66
13:15:59.884 R 0DF80501 E2 4A 07 00 0A E4 82 46
13:15:59.885 R 0DF80501 E3 63 C1 00 E0 8C 8B 02
13:15:59.886 R 0DF80501 E4 00 00 00 00 23 FC 17
13:15:59.886 R 0DF80501 E5 36 00 FF 7F EE 11 00
13:15:59.887 R 0DF80501 E6 00 00 FF FF FF FF FF
13:15:59.888 R 09F80101 F0 1F 50 1F 21 98 3E 03
13:15:59.889 R 0DF80901 E4 50 0C F5 2C 18 78 00
13:15:59.900 R 15FD0773 00 C0 53 7A FF 7F FF FF
13:15:59.935 R 15FD0773 00 C0 53 7A FF 7F FF FF
13:15:59.962 R 09FD02B1 FF 3F 02 5A 6C FA FF FF
13:15:59.964 R 09FD02B1 FF 3F 02 5A 6C FC FF FF
13:15:59.964 R 09FD02B1 FF 41 02 EA 7E F9 FF FF
13:15:59.984 R 09F80201 FF FC 00 00 02 00 FF FF
13:15:59.985 R 09F80101 F0 1F 50 1F 21 98 3E 03
13:15:59.950 R 0DF01001 FF FF E4 50 0C F5 2C 18
13:15:59.956 R 11F80E00 20 1C 03 65 13 95 0E 8D
13:15:59.957 R 11F80E00 21 91 3B 03 F0 E6 4B 1F
13:15:59.957 R 11F80E00 22 EF 79 45 00 00 33 2F
13:15:59.958 R 11F80E00 23 08 FF FF FF 7F C0 F8
13:15:59.958 R 11F80E00 24 FF FF FF FF FF FF FF
13:15:59.964 R 1CFF7400 3B 9F FD 00 00 FF FF FF
13:16:00.026 R 09FD02B1 FF 40 02 62 6C FA FF FF
13:16:00.027 R 09FD02B1 FF 40 02 62 6C FC FF FF
13:16:00.027 R 09FD02B1 FF 42 02 F0 7E F9 FF FF
13:16:00.050 R 09F80101 F0 1F 50 1F 22 98 3E 03
13:16:00.126 R 09FD02B1 FF 41 02 66 6C FA FF FF
13:16:00.128 R 09FD02B1 FF 41 02 66 6C FC FF FF
13:16:00.128 R 09FD02B1 FF 43 02 F2 7E F9 FF FF
13:16:00.151 R 09F80201 FF FC 00 00 02 00 FF FF
13:16:00.151 R 09F80101 F0 1F 50 1F 22 98 3E 03
13:16:00.160 R 11F80F00 40 1B 12 7C 13 8D 0E 5B
13:16:00.161 R 11F80F00 41 98 3E 03 BC 1F 50 1F
13:16:00.161 R 11F80F00 42 03 FF FF 00 00 00 00
13:16:00.162 R 11F80F00 43 20 FF FF 00 70 FE FF
13:16:00.225 R 09FD02B1 FF 42 02 67 6C FA FF FF
13:16:00.226 R 09FD02B1 FF 42 02 67 6C FC FF FF
13:16:00.226 R 09FD02B1 FF 44 02 F2 7E F9 FF FF
13:16:00.251 R 09F80101 F0 1F 50 1F 22 98 3E 03
13:16:00.324 R 09FD02B1 FF 42 02 6C 6C FA FF FF
13:16:00.326 R 09FD02B1 FF 42 02 6C 6C FC FF FF
13:16:00.327 R 09FD02B1 FF 44 02 F2 7E F9 FF FF
13:16:00.331 R 11F80E00 40 1C 01 51 99 96 0E 04
13:16:00.332 R 11F80E00 41 C4 34 03 05 11 69 1F
13:16:00.332 R 11F80E00 42 03 5A C4 A4 00 07 C1
13:16:00.333 R 11F80E00 43 08 FF FF FF 7F C0 F8
13:16:00.333 R 11F80E00 44 FF FF FF FF FF FF FF
13:16:00.352 R 09F80201 FF FC 00 00 02 00 FF FF
13:16:00.353 R 0DFE1101 60 0E C0 80 00 00 02 00
13:16:00.353 R 0DFE1101 61 FF FF FF FF FF FF FF
13:16:00.354 R 0DFE1101 62 FF FF FF FF FF FF FF
13:16:00.355 R 09F80101 F0 1F 50 1F 22 98 3E 03
13:16:00.421 R 19F51373 A0 0E FF FF FF FF FF FF
13:16:00.421 R 19F51373 A1 86 85 B0 00 00 00 00
13:16:00.422 R 19F51373 A2 00 FF FF FF FF FF FF
13:16:00.422 R 1DFF6773 C0 0B 3B 9F 03 00 04 B4
13:16:00.423 R 1DFF6773 C1 6E 11 19 09 09 FF FF
13:16:00.424 R 1DFF6773 E0 0B 3B 9F 03 02 04 B4
13:16:00.424 R 1DFF6773 E1 6E 11 19 09 09 FF FF
13:16:00.425 R 09FD02B1 FF 42 02 80 6C FA FF FF
13:16:00.425 R 09FD02B1 FF 42 02 6C 6C FC FF FF
13:16:00.426 R 09FD02B1 FF 44 02 FA 7E F9 FF FF
13:16:00.438 R 19FB1100 80 1B 18 51 3D 8B 0E 4D
13:16:00.439 R 19FB1100 81 49 54 5A 40 40 40 40
13:16:00.439 R 19FB1100 82 40 40 40 40 40 40 40
13:16:00.440 R 19FB1100 83 40 40 40 40 40 E1 FF
13:16:00.440 R 1DFF7600 80 1C 3B 9F 18 51 3D 8B
13:16:00.441 R 1DFF7600 81 0E 00 4D 49 54 5A 40
13:16:00.441 R 1DFF7600 82 40 40 40 40 40 40 40
13:16:00.442 R 1DFF7600 83 40 40 40 40 40 40 40
13:16:00.442 R 1DFF7600 84 40 FF FF FF FF FF FF
13:16:00.453 R 0DF90301 FF 7F FF FF FF 7F FF FF
13:16:00.454 R 09F80101 F0 1F 50 1F 22 98 3E 03
13:16:00.454 R 1DFFF001 60 0D 3B 9F 90 FF FF FF
13:16:00.455 R 1DFFF001 61 FF FF FF FF FF 47 01
13:16:00.523 R 09FD02B1 FF 44 02 95 6C FA FF FF
13:16:00.525 R 09FD02B1 FF 43 02 95 6C FC FF FF
13:16:00.527 R 09FD02B1 FF 45 02 0D 7F F9 FF FF
13:16:00.554 R 09F80201 FF FC 00 00 02 00 FF FF
13:16:00.555 R 09F80101 F0 1F 50 1F 23 98 3E 03
13:16:00.555 R 19FA0301 00 DB 38 00 4D 00 32 00
13:16:00.556 R 19FA0601 E0 0F 84 34 00 FF FF FF
13:16:00.557 R 19FA0601 E1 FF FF FF FF FF FF FF
13:16:00.557 R 19FA0601 E2 FF FF FF FF FF FF FF
13:16:00.558 R 19FA0B01 E0 0F 84 83 02 2D 00 18
13:16:00.558 R 19FA0B01 E1 00 00 00 2D 00 18 00
13:16:00.559 R 19FA0B01 E2 38 00 FF FF FF FF FF
13:16:00.622 R 09FD02B1 FF 44 02 95 6C FA FF FF
13:16:00.623 R 09FD02B1 FF 44 02 95 6C FC FF FF
13:16:00.624 R 09FD02B1 FF 46 02 21 7F F9 FF FF
13:16:00.652 R 11F80E00 60 1C 01 1C 30 8B 0E AA
13:16:00.652 R 11F80E00 61 0F 2F 03 C2 DE 49 1F
13:16:00.653 R 11F80E00 62 EF 8F A0 AA 01 40 56
13:16:00.653 R 11F80E00 63 08 FF FF FF 7F C0 F8
13:16:00.654 R 11F80E00 64 FF FF FF FF FF FF FF
13:16:00.655 R 19FA0401 E0 DB 84 FF 12 04 DD 08
13:16:00.656 R 19FA0401 E1 2E 35 E4 0C 00 00 00
13:16:00.656 R 19FA0401 E2 00 F5 05 BA 11 F1 CF
13:16:00.657 R 19FA0401 E3 48 0D 00 00 00 00 F5
13:16:00.658 R 19FA0401 E4 07 AE 2D 67 4E AC 0D
13:16:00.659 R 19FA0401 E5 00 00 00 00 F5 09 0B
13:16:00.659 R 19FA0401 E6 20 DC 35 A0 0F 00 00
13:16:00.660 R 19FA0401 E7 00 00 F5 0B 45 1B E6
13:16:00.661 R 19FA0401 E8 A0 48 0D 00 00 00 00
13:16:00.661 R 19FA0401 E9 F5 14 23 06 4E B3 74
13:16:00.662 R 19FA0401 EA 0E 00 00 00 00 F5 15
13:16:00.663 R 19FA0401 EB 45 2A B7 C5 A0 0F 00
13:16:00.663 R 19FA0401 EC 00 00 00 F5 1D 17 04
13:16:00.664 R 19FA0401 ED CD D8 48 0D 00 00 00
13:16:00.665 R 19FA0401 EE 00 F5 1E 0B 20 DB 80
13:16:00.666 R 19FA0401 EF 1C 0C 00 00 00 00 F5
13:16:00.666 R 19FA0401 F0 44 C5 22 16 31 74 0E
13:16:00.667 R 19FA0401 F1 00 00 00 00 F5 45 A2
13:16:00.668 R 19FA0401 F2 2B C2 D6 3C 0F 00 00
13:16:00.668 R 19FA0401 F3 00 00 F5 46 46 0C F1
13:16:00.669 R 19FA0401 F4 C0 74 0E 00 00 00 00
13:16:00.670 R 19FA0401 F5 F5 31 74 14 66 7B AC
13:16:00.670 R 19FA0401 F6 0D 00 00 00 00 F5 00
13:16:00.671 R 19FA0401 F7 C5 31 DA AD A0 0F 00
13:16:00.672 R 19FA0401 F8 00 00 00 F5 00 AE 1E
13:16:00.673 R 19FA0401 F9 CE AB AC 0D 00 00 00
13:16:00.674 R 19FA0401 FA 00 F5 00 22 24 20 AB
13:16:00.675 R 19FA0401 FB E4 0C 00 00 00 00 F5
13:16:00.675 R 19FA0401 FC 00 BA 20 0B 2F E4 0C
13:16:00.676 R 19FA0401 FD 00 00 00 00 F5 00 8B
13:16:00.677 R 19FA0401 FE 36 22 33 AC 0D 00 00
13:16:00.677 R 19FA0401 FF 00 00 F5 FF FF FF FF
13:16:00.678 R 09F80101 F0 1F 50 1F 23 98 3E 03
13:16:00.679 R 19F11A01 FF FF FF FF FB 01 FF FF
13:16:00.722 R 09FD02B1 FF 45 02 A0 6C FA FF FF
13:16:00.724 R 09FD02B1 FF 45 02 A0 6C FC FF FF
13:16:00.725 R 09FD02B1 FF 47 02 2B 7F F9 FF FF
13:16:00.757 R 09F80201 FF FC 00 00 02 00 FF FF
13:16:00.758 R 09F80101 F0 1F 50 1F 23 98 3E 03
13:16:00.781 R 1DF01100 60 EA 9D FF FF FF FF FF
13:16:00.788 R 11F80F00 60 1B 12 54 E8 8B 0E 87
13:16:00.789 R 11F80F00 61 7F 3A 03 78 4E 57 1F
13:16:00.789 R 11F80F00 62 03 78 75 44 01 06 00
13:16:00.790 R 11F80F00 63 06 FF FF 00 74 FF FF
13:16:00.814 R 19FB1200 00 23 18 51 3D 8B 0E 25
13:16:00.814 R 19FB1200 01 47 41 52 4D 49 4E 40
13:16:00.815 R 19FB1200 02 50 44 36 30 35 30 40
13:16:00.815 R 19FB1200 03 64 00 1E 00 0A 00 5A
13:16:00.816 R 19FB1200 04 00 00 00 00 00 03 E1
13:16:00.816 R 19FB1200 05 FF FF FF FF FF FF FF
13:16:00.817 R 1DFF7700 00 1C 3B 9F 18 51 3D 8B
13:16:00.818 R 1DFF7700 01 0E 01 25 47 41 52 4D
13:16:00.818 R 1DFF7700 02 49 4E 40 50 44 36 30
13:16:00.819 R 1DFF7700 03 35 30 40 81 10 20 C1
13:16:00.819 R 1DFF7700 04 FF FF FF FF FF FF FF
13:16:00.821 R 09FD02B1 FF 46 02 A0 6C FA FF FF
13:16:00.823 R 09FD02B1 FF 46 02 A0 6C FC FF FF
13:16:00.824 R 09FD02B1 FF 48 02 2A 7F F9 FF FF
13:16:00.858 R 0DF80501 00 2B 85 E4 50 CC 1B 2D
13:16:00.859 R 0DF80501 01 18 00 60 93 BF 44 66
13:16:00.860 R 0DF80501 02 4A 07 00 9E 19 FA 46
13:16:00.860 R 0DF80501 03 63 C1 00 E0 8C 8B 02
13:16:00.861 R 0DF80501 04 00 00 00 00 23 FC 17
13:16:00.862 R 0DF80501 05 36 00 FF 7F EE 11 00
13:16:00.862 R 0DF80501 06 00 00 FF FF FF FF FF
13:16:00.863 R 09F80101 F0 1F 50 1F 23 98 3E 03
13:16:00.863 R 0DF80901 E4 50 CC 1B 2D 18 78 00
13:16:00.866 R 11F80F00 80 1B 12 2E 41 90 0E 13
13:16:00.866 R 11F80F00 81 6E 2E 03 9B 3F 59 1F
13:16:00.867 R 11F80F00 82 04 70 E3 2A 01 2C 80
13:16:00.867 R 11F80F00 83 08 FF FF 00 70 FE FF
13:16:00.868 R 0DF50B73 00 EB 01 00 00 FF FF FF
13:16:00.884 R 09F50373 00 00 00 FF FF 00 FF FF
13:16:00.920 R 09FD02B1 FF 46 02 A0 6C FA FF FF
13:16:00.920 R 09FD02B1 FF 46 02 A0 6C FC FF FF
13:16:00.921 R 09FD02B1 FF 48 02 2A 7F F9 FF FF
13:16:00.958 R 09F80201 FF FC 00 00 02 00 FF FF
13:16:00.959 R 09F80101 F0 1F 50 1F 24 98 3E 03
13:16:00.942 R 0DF01001 FF FF E4 50 CC 1B 2D 18
13:16:00.975 R 1CFF1A73 3B 9F 00 00 FF FF FF FF
13:16:00.976 R 09F50373 00 00 00 FF FF 00 FF FF
13:16:00.982 R 11F80E00 80 1C 01 6B 5A 8E 0E CC
13:16:00.982 R 11F80E00 81 66 33 03 9A 72 57 1F
13:16:00.983 R 11F80E00 82 07 28 0D 7B 00 31 00
13:16:00.983 R 11F80E00 83 09 FF FF FF 7F C0 F8
13:16:00.984 R 11F80E00 84 FF FF FF FF FF FF FF
13:16:01.001 R 09FD02B1 FF 48 02 A7 6C FA FF FF
13:16:01.002 R 15FD0773 00 C0 53 7A FF 7F FF FF
13:16:01.003 R 09FD02B1 FF 48 02 A7 6C FC FF FF
13:16:01.005 R 09FD02B1 FF 4A 02 30 7F F9 FF FF
13:16:01.031 R 15FD0773 00 C0 53 7A FF 7F FF FF
13:16:01.041 R 09F80101 F0 1F 50 1F 24 98 3E 03
13:16:01.100 R 09FD02B1 FF 48 02 A7 6C FA FF FF
13:16:01.101 R 09FD02B1 FF 48 02 A7 6C FC FF FF
13:16:01.102 R 09FD02B1 FF 4A 02 30 7F F9 FF FF
13:16:01.142 R 09F80201 FF FC 00 00 02 00 FF FF
13:16:01.143 R 09F80101 F0 1F 50 1F 24 98 3E 03
13:16:01.145 R 11F80F00 A0 1B 12 7C 13 8D 0E 5B
13:16:01.146 R 11F80F00 A1 98 3E 03 BC 1F 50 1F
13:16:01.147 R 11F80F00 A2 07 FF FF 00 00 00 00
13:16:01.147 R 11F80F00 A3 20 FF FF 00 70 FE FF
13:16:01.196 R 11F80E00 A0 1C 01 BC 0F 97 0E 85
13:16:01.196 R 11F80E00 A1 8C 43 03 86 3C 55 1F
13:16:01.197 R 11F80E00 A2 04 3A 1F A0 01 39 80
13:16:01.198 R 11F80E00 A3 08 FF FF FF 7F C0 F8
13:16:01.698 R 09FD02B1 FF 4F 02 A5 6C FC FF FF
13:16:01.698 R 09FD02B1 FF 51 02 30 7F F9 FF FF
13:16:01.732 R 0DF50B73 00 E8 01 00 00 FF FF FF
13:16:01.753 R 09F80201 FF FC 00 00 02 00 FF FF
13:16:01.754 R 09F80101 F0 1F 50 1F 25 98 3E 03
13:16:01.758 R 11F80E00 00 1C 01 12 09 8C 0E 90
13:16:01.759 R 11F80E00 01 91 3A 03 6A 77 4B 1F
13:16:01.759 R 11F80E00 02 0B 25 B2 00 00 4E 80
13:16:01.760 R 11F80E00 03 00 FF FF FF 7F CF F8
13:16:01.761 R 11F80E00 04 FF FF FF FF FF FF FF
13:16:01.789 R 09F50373 00 00 00 FF FF 00 FF FF
13:16:01.796 R 09FD02B1 FF 50 02 AE 6C FA FF FF
13:16:01.798 R 09FD02B1 FF 50 02 AE 6C FC FF FF
13:16:01.799 R 09FD02B1 FF 52 02 3C 7F F9 FF FF
13:16:01.830 R 1CFF1A73 3B 9F 00 00 FF FF FF FF
13:16:01.831 R 09F50373 00 00 00 FF FF 00 FF FF
13:16:01.855 R 0DF80501 20 2B 86 E4 50 50 3D 2D
13:16:01.855 R 0DF80501 21 18 00 60 93 BF 44 66
13:16:01.856 R 15FD0773 00 C0 53 7A FF 7F FF FF
13:16:01.856 R 0DF80501 22 4A 07 00 32 4F 71 47
13:16:01.857 R 0DF80501 23 63 C1 00 80 13 8D 02
13:16:01.858 R 0DF80501 24 00 00 00 00 23 FC 16
13:16:01.859 R 0DF80501 25 39 00 FF 7F EE 11 00
13:16:01.859 R 0DF80501 26 00 00 FF FF FF FF FF
13:16:01.860 R 09F80101 F0 1F 50 1F 25 98 3E 03
13:16:01.860 R 0DF80901 E4 50 50 3D 2D 18 78 00
13:16:01.866 R 11F80F00 C0 1B 12 52 D7 9C 0C D1
13:16:01.867 R 11F80F00 C1 76 3F 03 5A 34 52 1F
13:16:01.867 R 11F80F00 C2 0B 5D 16 D8 00 06 00
13:16:01.868 R 11F80F00 C3 06 FF FF 00 74 FF FF
13:16:01.890 R 15FD0773 00 C0 53 7A FF 7F FF FF
13:16:01.895 R 09FD02B1 FF 51 02 C9 6C FA FF FF
13:16:01.895 R 09FD02B1 FF 51 02 C9 6C FC FF FF
13:16:01.896 R 09FD02B1 FF 52 02 57 7F F9 FF FF
13:16:01.955 R 09F80201 FF FC 00 00 02 00 FF FF
13:16:01.956 R 09F80101 F0 1F 50 1F 26 98 3E 03
13:16:02.000 R 0DF01001 FF FF E4 50 20 45 2D 18
13:16:02.037 R 09FD02B1 FF 51 02 F0 6C FA FF FF
13:16:02.038 R 09FD02B1 FF 51 02 F0 6C FC FF FF
13:16:02.038 R 09FD02B1 FF 53 02 7E 7F F9 FF FF
13:16:02.100 R 09F80101 F0 1F 50 1F 26 98 3E 03
13:16:02.137 R 09FD02B1 FF 52 02 0F 6D FA FF FF
13:16:02.138 R 09FD02B1 FF 52 02 0F 6D FC FF FF
13:16:02.139 R 09FD02B1 FF 53 02 9E 7F F9 FF FF
13:16:02.148 R 11F80E00 20 1C 01 62 4C 96 0E 7C
13:16:02.149 R 11F80E00 21 E3 38 03 E1 CA 4B 1F
13:16:02.150 R 11F80E00 22 0B 6C A0 53 01 40 56
13:16:02.150 R 11F80E00 23 08 FF FF FF 7F CF F8
13:16:02.151 R 11F80E00 24 FF FF FF FF FF FF FF
13:16:02.192 R 11F80F00 E0 1B 12 7C 13 8D 0E 6C
13:16:02.192 R 11F80F00 E1 98 3E 03 BC 1F 50 1F
13:16:02.193 R 11F80F00 E2 0B FF FF 00 00 00 00
13:16:02.193 R 11F80F00 E3 20 FF FF 00 70 FE FF
13:16:02.202 R 09F80201 FF FC 00 00 02 00 FF FF
13:16:02.202 R 09F80101 F0 1F 50 1F 26 98 3E 03
13:16:02.236 R 09FD02B1 FF 52 02 1E 6D FA FF FF
13:16:02.237 R 09FD02B1 FF 52 02 1E 6D FC FF FF
13:16:02.237 R 09FD02B1 FF 54 02 AD 7F F9 FF FF
13:16:02.293 R 11F80F00 00 1B 12 A0 FF 8B 0E F3
13:16:02.294 R 11F80F00 01 0A 3E 03 17 AA 4F 1F
13:16:02.294 R 11F80F00 02 04 21 78 00 00 06 00
13:16:02.295 R 11F80F00 03 0B FF FF 00 00 FF FF
13:16:02.303 R 09F80101 F0 1F 50 1F 26 98 3E 03
13:16:02.335 R 09FD02B1 FF 53 02 2B 6D FA FF FF
13:16:02.336 R 09FD02B1 FF 53 02 2B 6D FC FF FF
13:16:02.337 R 09FD02B1 FF 55 02 BE 7F F9 FF FF
13:16:02.390 R 11F80F00 20 1B 12 08 1E 8D 0E 4E
13:16:02.390 R 11F80F00 21 42 49 03 D5 BD 5A 1F
13:16:02.391 R 11F80F00 22 08 DB 62 77 01 64 00
13:16:02.391 R 11F80F00 23 09 FF FF 00 70 FE FF
13:16:02.404 R 09F80201 FF FC 00 00 02 00 FF FF
13:16:02.404 R 0DFE1101 A0 0E C0 82 00 00 02 00
13:16:02.405 R 0DFE1101 A1 FF FF FF FF FF FF FF
13:16:02.406 R 0DFE1101 A2 FF FF FF FF FF FF FF
13:16:02.407 R 09F80101 F0 1F 50 1F 26 98 3E 03
13:16:02.435 R 09FD02B1 FF 54 02 45 6D FA FF FF
13:16:02.435 R 09FD02B1 FF 54 02 45 6D FC FF FF
13:16:02.436 R 09FD02B1 FF 56 02 DA 7F F9 FF FF
13:16:02.451 R 19F51373 60 0E FF FF FF FF FF FF
13:16:02.451 R 19F51373 61 86 85 B0 00 00 00 00
13:16:02.452 R 19F51373 62 00 FF FF FF FF FF FF
13:16:02.452 R 1DFF6773 80 0B 3B 9F 03 00 04 B4
13:16:02.453 R 1DFF6773 81 6E 11 19 09 09 FF FF
13:16:02.454 R 1DFF6773 A0 0B 3B 9F 03 02 04 B4
13:16:02.454 R 1DFF6773 A1 6E 11 19 09 09 FF FF
13:16:02.505 R 0DF90301 FF 7F FF FF FF 7F FF FF
13:16:02.506 R 09F80101 F0 1F 50 1F 27 98 3E 03
13:16:02.506 R 1DFFF001 A0 0D 3B 9F 90 FF FF FF
13:16:02.507 R 1DFFF001 A1 FF FF FF FF FF 4C 01
13:16:02.523 R 11F80E00 40 1C 01 D4 45 8D 0E C1
13:16:02.524 R 11F80E00 41 43 3B 03 6E B9 4B 1F
13:16:02.525 R 11F80E00 42 0B FF FF 00 00 7F C0
13:16:02.525 R 11F80E00 43 09 CE 9C 00 00 C7 F8
13:16:02.526 R 11F80E00 44 FF FF FF FF FF FF FF
13:16:02.534 R 09FD02B1 FF 54 02 68 6D FA FF FF
13:16:02.535 R 09FD02B1 FF 54 02 68 6D FC FF FF
13:16:02.535 R 09FD02B1 FF 56 02 FB 7F F9 FF FF
13:16:02.607 R 09F80201 FF FC 00 00 02 00 FF FF
13:16:02.607 R 09F80101 F0 1F 50 1F 27 98 3E 03
13:16:02.608 R 19FA0301 00 DB 39 00 4F 00 33 00
13:16:02.609 R 19FA0601 20 0F 86 34 00 FF FF FF
13:16:02.609 R 19FA0601 21 FF FF FF FF FF FF FF
13:16:02.610 R 19FA0601 22 FF FF FF FF FF FF FF
13:16:02.611 R 19FA0B01 20 0F 86 3C 02 2D 00 18
13:16:02.612 R 19FA0B01 21 00 00 00 2D 00 18 00
13:16:02.612 R 19FA0B01 22 38 00 FF FF FF FF FF
13:16:02.633 R 09FD02B1 FF 55 02 87 6D FA FF FF
13:16:02.634 R 09FD02B1 FF 55 02 87 6D FC FF FF
13:16:02.635 R 09FD02B1 FF 57 02 1A 80 F9 FF FF
13:16:02.708 R 19FA0401 20 DB 86 FF 12 04 DD 08
13:16:02.709 R 19FA0401 21 2E 35 48 0D 00 00 00
13:16:02.710 R 19FA0401 22 00 F5 05 68 12 F1 CF
13:16:02.710 R 19FA0401 23 48 0D 00 00 00 00 F5
13:16:02.711 R 19FA0401 24 07 AE 2D 67 4E AC 0D
13:16:02.712 R 19FA0401 25 00 00 00 00 F5 09 0B
13:16:02.712 R 19FA0401 26 20 DC 35 3C 0F 00 00
13:16:02.713 R 19FA0401 27 00 00 F5 0B 45 1B E6
13:16:02.714 R 19FA0401 28 A0 48 0D 00 00 00 00
13:16:02.715 R 19FA0401 29 F5 14 23 06 4E B3 3C
13:16:02.715 R 19FA0401 2A 0F 00 00 00 00 F5 15
13:16:02.716 R 19FA0401 2B 45 2A B7 C5 A0 0F 00
13:16:02.717 R 19FA0401 2C 00 00 00 F5 1D 17 04
13:16:02.717 R 19FA0401 2D CD D8 10 0E 00 00 00
13:16:02.718 R 19FA0401 2E 00 F5 1E 0B 20 DB 80
13:16:02.719 R 19FA0401 2F 80 0C 00 00 00 00 F5
13:16:02.719 R 19FA0401 30 44 C5 22 16 31 D8 0E
13:16:02.720 R 19FA0401 31 00 00 00 00 F5 45 A2
13:16:02.721 R 19FA0401 32 2B C2 D6 D8 0E 00 00
13:16:02.721 R 19FA0401 33 00 00 F5 46 46 0C F1
13:16:02.722 R 19FA0401 34 C0 74 0E 00 00 00 00
13:16:02.723 R 19FA0401 35 F5 31 74 14 66 7B 48
13:16:02.724 R 19FA0401 36 0D 00 00 00 00 F5 00
13:16:02.724 R 19FA0401 37 C5 31 DA AD A0 0F 00
13:16:02.725 R 19FA0401 38 00 00 00 F5 00 AE 1E
13:16:02.726 R 19FA0401 39 CE AB 48 0D 00 00 00
13:16:02.726 R 19FA0401 3A 00 F5 00 22 24 20 AB
13:16:02.727 R 19FA0401 3B 80 0C 00 00 00 00 F5
13:16:02.728 R 19FA0401 3C 00 BA 20 0B 2F 48 0D
13:16:02.729 R 19FA0401 3D 00 00 00 00 F5 00 8B
13:16:02.729 R 19FA0401 3E 36 22 33 AC 0D 00 00
13:16:02.730 R 19FA0401 3F 00 00 F5 FF FF FF FF
13:16:02.731 R 09F80101 F0 1F 50 1F 27 98 3E 03
13:16:02.731 R 19F11A01 FF FF FF FF FB 01 FF FF
13:16:02.733 R 09FD02B1 FF 56 02 A1 6D FA FF FF
13:16:02.734 R 09FD02B1 FF 56 02 A1 6D FC FF FF
13:16:02.734 R 09FD02B1 FF 58 02 36 80 F9 FF FF
13:16:02.791 R 0DF50B73 00 F1 01 00 00 FF FF FF
13:16:02.809 R 09F80201 FF FC 00 00 02 00 FF FF
13:16:02.810 R 09F80101 F0 1F 50 1F 27 98 3E 03
13:16:02.832 R 09FD02B1 FF 56 02 BC 6D FA FF FF
13:16:02.834 R 09FD02B1 FF 56 02 BC 6D FC FF FF
13:16:02.835 R 09FD02B1 FF 58 02 54 80 F9 FF FF
13:16:02.835 R 09F50373 00 00 00 FF FF 00 FF FF
13:16:02.875 R 1CFF1A73 3B 9F 00 00 FF FF FF FF
13:16:02.876 R 09F50373 00 00 00 FF FF 00 FF FF
13:16:02.898 R 11F80E00 60 1C 01 E4 71 96 0E A9
13:16:02.898 R 11F80E00 61 54 3D 03 48 28 4E 1F
13:16:02.899 R 11F80E00 62 0F FF FF 00 00 77 80
13:16:02.899 R 11F80E00 63 00 FB EF 00 00 CF F8
13:16:02.900 R 11F80E00 64 FF FF FF FF FF FF FF
13:16:02.901 R 15FD0773 00 C0 53 7A FF 7F FF FF
13:16:02.911 R 0DF80501 40 2B 87 E4 50 6A 64 2D
13:16:02.911 R 0DF80501 41 18 00 60 93 BF 44 66
13:16:02.912 R 0DF80501 42 4A 07 00 C6 84 E8 47
13:16:02.913 R 0DF80501 43 63 C1 00 80 13 8D 02
13:16:02.913 R 0DF80501 44 00 00 00 00 23 FC 16
13:16:02.914 R 0DF80501 45 39 00 FF 7F EE 11 00
13:16:02.915 R 0DF80501 46 00 00 FF FF FF FF FF
13:16:02.916 R 09F80101 F0 1F 50 1F 27 98 3E 03
13:16:02.916 R 0DF80901 E4 50 6A 64 2D 18 78 00
13:16:02.932 R 09FD02B1 FF 57 02 DE 6D FA FF FF
13:16:02.932 R 09FD02B1 FF 57 02 DE 6D FC FF FF
13:16:02.933 R 09FD02B1 FF 59 02 76 80 F9 FF FF
13:16:02.936 R 15FD0773 00 C0 53 7A FF 7F FF FF
13:16:02.951 R 11F80E00 80 1C 01 90 73 8B 0E AD
13:16:02.952 R 11F80E00 81 56 3D 03 31 1E 4E 1F
13:16:02.952 R 11F80E00 82 0F FF FF 00 00 B7 08
13:16:02.953 R 11F80E00 83 08 FF FF FF 7F C0 F8
13:16:02.953 R 11F80E00 84 FF FF FF FF FF FF FF
13:16:03.001 R 1CFF7400 3B 9F FD 00 00 FF FF FF
13:16:03.012 R 09F80201 FF FC 00 00 02 00 FF FF
13:16:03.013 R 09F80101 F0 1F 50 1F 28 98 3E 03
13:16:03.100 R 0DF01001 FF FF E4 50 18 70 2D 18
13:16:03.118 R 09FD02B1 FF 57 02 FA 6D FA FF FF
13:16:03.119 R 09FD02B1 FF 57 02 FA 6D FC FF FF
13:16:03.119 R 09FD02B1 FF 59 02 92 80 F9 FF FF
13:16:03.200 R 09F80101 F0 1F 50 1F 28 98 3E 03
13:16:03.218 R 09FD02B1 FF 57 02 FC 6D FA FF FF
13:16:03.219 R 09FD02B1 FF 57 02 FC 6D FC FF FF
13:16:03.220 R 09FD02B1 FF 59 02 96 80 F9 FF FF
13:16:03.280 R 19FB0200 20 4C 05 F9 98 96 0E 00
13:16:03.281 R 19FB0200 21 00 00 00 50 46 32 31
13:16:03.282 R 19FB0200 22 33 32 40 56 49 41 20
13:16:03.282 R 19FB0200 23 4E 4F 53 54 52 41 40
13:16:03.283 R 19FB0200 24 40 40 40 40 40 40 40
13:16:03.283 R 19FB0200 25 40 40 4F 16 03 64 00
13:16:03.284 R 19FB0200 26 28 00 B2 02 48 52 00
13:16:03.284 R 19FB0200 27 B2 9F 26 1E 00 4C 55
13:16:03.285 R 19FB0200 28 4E 45 4E 40 40 40 40
13:16:03.286 R 19FB0200 29 40 40 40 40 40 40 40
13:16:03.286 R 19FB0200 2A 40 40 40 40 3D E1 FF
13:16:03.287 R 11F80F00 40 1B 12 7C 13 8D 0E 6C
13:16:03.287 R 11F80F00 41 98 3E 03 BC 1F 50 1F
13:16:03.288 R 11F80F00 42 0F FF FF 00 00 00 00
13:16:03.288 R 11F80F00 43 20 FF FF 00 70 FE FF
13:16:03.301 R 09F80201 FF FC 00 00 02 00 FF FF
13:16:03.302 R 09F80101 F0 1F 50 1F 28 98 3E 03
13:16:03.317 R 09FD02B1 FF 58 02 ED 6D FA FF FF
13:16:03.318 R 09FD02B1 FF 58 02 ED 6D FC FF FF
13:16:03.318 R 09FD02B1 FF 5A 02 86 80 F9 FF FF
13:16:03.402 R 09F80101 F0 1F 50 1F 28 98 3E 03
13:16:03.416 R 09FD02B1 FF 58 02 EB 6D FA FF FF
13:16:03.417 R 09FD02B1 FF 58 02 EB 6D FC FF FF
13:16:03.418 R 09FD02B1 FF 5A 02 85 80 F9 FF FF
13:16:03.493 R 11F80E00 A0 1C 01 B3 39 95 0E 2C
13:16:03.494 R 11F80E00 A1 63 31 03 A6 81 4A 1F
13:16:03.495 R 11F80E00 A2 0D A8 26 B5 01 81 C0
13:16:03.495 R 11F80E00 A3 08 D0 24 00 00 C0 F8
13:16:03.496 R 11F80E00 A4 FF FF FF FF FF FF FF
13:16:03.503 R 09F80201 FF FC 00 00 02 00 FF FF
13:16:03.505 R 0DFE1101 C0 0E C0 83 00 00 02 00
13:16:03.506 R 0DFE1101 C1 FF FF FF FF FF FF FF
13:16:03.506 R 0DFE1101 C2 FF FF FF FF FF FF FF
13:16:03.507 R 09F80101 F0 1F 50 1F 29 98 3E 03
13:16:03.516 R 09FD02B1 FF 58 02 07 6E FA FF FF
13:16:03.516 R 09FD02B1 FF 58 02 07 6E FC FF FF
13:16:03.517 R 09FD02B1 FF 5A 02 A1 80 F9 FF FF
13:16:03.541 R 19F51373 C0 0E FF FF FF FF FF FF
13:16:03.542 R 19F51373 C1 86 85 B0 00 00 00 00
13:16:03.542 R 19F51373 C2 00 FF FF FF FF FF FF
13:16:03.543 R 1DFF6773 E0 0B 3B 9F 03 00 04 B4
13:16:03.544 R 1DFF6773 E1 6E 11 19 09 09 FF FF
13:16:03.545 R 1DFF6773 00 0B 3B 9F 03 02 04 B4
13:16:03.545 R 1DFF6773 01 6E 11 19 09 09 FF FF
13:16:03.575 R 11F80F00 60 1B 12 5A 25 8B 0E 2F
13:16:03.576 R 11F80F00 61 90 35 03 14 F5 4A 1F
13:16:03.577 R 11F80F00 62 0F 47 F1 10 01 3D 40
13:16:03.577 R 11F80F00 63 01 FF FF 00 70 FE FF
13:16:03.607 R 0DF90301 FF 7F FF FF FF 7F FF FF
13:16:03.608 R 09F80101 F0 1F 50 1F 29 98 3E 03
13:16:03.608 R 1DFFF001 C0 0D 3B 9F 90 FF FF FF
13:16:03.609 R 1DFFF001 C1 FF FF FF FF FF 4F 01
13:16:03.615 R 09FD02B1 FF 59 02 2E 6E FA FF FF
13:16:03.616 R 09FD02B1 FF 59 02 2E 6E FC FF FF
13:16:03.616 R 09FD02B1 FF 5B 02 C5 80 F9 FF FF
13:16:03.709 R 09F80201 FF FC 00 00 02 00 FF FF
13:16:03.709 R 09F80101 F0 1F 50 1F 29 98 3E 03
13:16:03.710 R 19FA0301 00 DB 39 00 4F 00 33 00
13:16:03.711 R 19FA0601 40 0F 87 34 00 FF FF FF
13:16:03.711 R 19FA0601 41 FF FF FF FF FF FF FF
13:16:03.712 R 19FA0601 42 FF FF FF FF FF FF FF
13:16:03.713 R 19FA0B01 40 0F 87 CF 01 2D 00 18
13:16:03.713 R 19FA0B01 41 00 00 00 2D 00 18 00
13:16:03.714 R 19FA0B01 42 38 00 FF FF FF FF FF
13:16:03.715 R 09FD02B1 FF 59 02 41 6E FA FF FF
13:16:03.715 R 09FD02B1 FF 59 02 41 6E FC FF FF
13:16:03.716 R 09FD02B1 FF 5B 02 D7 80 F9 FF FF
13:16:03.764 R 11F80F00 80 1B 12 EE 4E 8B 0E 2B
13:16:03.764 R 11F80F00 81 13 30 03 F3 2E 58 1F
13:16:03.765 R 11F80F00 82 0E 0D E4 2F 01 06 00
13:16:03.765 R 11F80F00 83 0E FF FF 00 74 FF FF
13:16:03.810 R 19FA0401 40 DB 87 FF 12 04 DD 08
13:16:03.811 R 19FA0401 41 2E 35 48 0D 00 00 00
13:16:03.811 R 19FA0401 42 00 F5 05 68 12 F1 CF
13:16:03.812 R 19FA0401 43 E4 0C 00 00 00 00 F5
13:16:03.813 R 19FA0401 44 07 AE 2D 67 4E AC 0D
13:16:03.814 R 19FA0401 45 00 00 00 00 F5 09 0B
13:16:03.814 R 09FD02B1 FF 5A 02 42 6E FA FF FF
13:16:03.815 R 09FD02B1 FF 5A 02 42 6E FC FF FF
13:16:03.815 R 19FA0401 46 20 DC 35 D8 0E 00 00
13:16:03.816 R 09FD02B1 FF 5B 02 D7 80 F9 FF FF
13:16:03.816 R 19FA0401 47 00 00 F5 0B 45 1B E6
13:16:03.817 R 19FA0401 48 A0 48 0D 00 00 00 00
13:16:03.818 R 19FA0401 49 F5 14 23 06 4E B3 D8
13:16:03.818 R 19FA0401 4A 0E 00 00 00 00 F5 15
13:16:03.819 R 19FA0401 4B 45 2A B7 C5 A0 0F 00
13:16:03.820 R 19FA0401 4C 00 00 00 F5 1D 17 04
13:16:03.821 R 19FA0401 4D CD D8 10 0E 00 00 00
13:16:03.821 R 19FA0401 4E 00 F5 1E 0B 20 DB 80
13:16:03.822 R 19FA0401 4F E4 0C 00 00 00 00 F5
13:16:03.823 R 19FA0401 50 44 C5 22 16 31 74 0E
13:16:03.823 R 19FA0401 51 00 00 00 00 F5 45 A2
13:16:03.824 R 19FA0401 52 2B C2 D6 D8 0E 00 00
13:16:03.825 R 19FA0401 53 00 00 F5 46 46 0C F1
13:16:03.826 R 19FA0401 54 C0 D8 0E 00 00 00 00
13:16:03.826 R 19FA0401 55 F5 31 74 14 66 7B 48
13:16:03.827 R 19FA0401 56 0D 00 00 00 00 F5 00
13:16:03.828 R 19FA0401 57 C5 31 DA AD A0 0F 00
13:16:03.828 R 19FA0401 58 00 00 00 F5 00 AE 1E
13:16:03.829 R 19FA0401 59 CE AB 48 0D 00 00 00
13:16:03.830 R 19FA0401 5A 00 F5 00 22 24 20 AB
13:16:03.830 R 19FA0401 5B 80 0C 00 00 00 00 F5
13:16:03.831 R 19FA0401 5C 00 BA 20 0B 2F 48 0D
13:16:03.832 R 19FA0401 5D 00 00 00 00 F5 00 8B
13:16:03.832 R 19FA0401 5E 36 22 33 AC 0D 00 00
13:16:03.833 R 19FA0401 5F 00 00 F5 FF FF FF FF
13:16:03.834 R 09F80101 F1 1F 50 1F 29 98 3E 03
13:16:03.835 R 19F11A01 FF FF FF FF FB 01 FF FF
13:16:03.842 R 11F80E00 C0 1C 01 23 4B 96 0E D1
13:16:03.842 R 11F80E00 C1 59 29 03 19 63 58 1F
13:16:03.843 R 11F80E00 C2 0F 25 B2 EC 00 97 00
13:16:03.843 R 11F80E00 C3 01 FF FF FF 7F C8 F8
13:16:03.844 R 11F80E00 C4 FF FF FF FF FF FF FF
13:16:03.884 R 0DF50B73 00 EE 01 00 00 FF FF FF
13:16:03.911 R 09F80201 FF FC 00 00 02 00 FF FF
13:16:03.912 R 09F80101 F1 1F 50 1F 29 98 3E 03
13:16:03.914 R 09FD02B1 FF 5A 02 44 6E FA FF FF
13:16:03.915 R 09FD02B1 FF 5A 02 44 6E FC FF FF
13:16:03.916 R 09FD02B1 FF 5C 02 D8 80 F9 FF FF
13:16:03.923 R 11F80E00 E0 1C 01 1B E7 96 0E E9
13:16:03.923 R 11F80E00 E1 B5 38 03 B5 C4 50 1F
13:16:03.924 R 11F80E00 E2 10 A5 E0 72 01 9A 00
13:16:03.924 R 11F80E00 E3 09 FF FF FF 7F C0 F8
13:16:03.925 R 11F80E00 E4 FF FF FF FF FF FF FF
13:16:03.930 R 09F50373 00 00 00 FF FF 00 FF FF
13:16:03.965 R 1CFF1A73 3B 9F 00 00 FF FF FF FF
13:16:03.966 R 09F50373 00 00 00 FF FF 00 FF FF
13:16:04.013 R 0DF80501 60 2B 88 E4 50 06 91 2D
13:16:04.013 R 09FD02B1 FF 5B 02 50 6E FA FF FF
13:16:04.014 R 09FD02B1 FF 5B 02 50 6E FC FF FF
13:16:04.014 R 0DF80501 61 18 00 2A 2E FB 44 66
13:16:04.015 R 09FD02B1 FF 5D 02 E5 80 F9 FF FF
13:16:04.015 R 0DF80501 62 4A 07 00 24 55 9B 48
13:16:04.016 R 0DF80501 63 63 C1 00 80 13 8D 02
13:16:04.017 R 0DF80501 64 00 00 00 00 23 FC 17
13:16:04.017 R 0DF80501 65 36 00 FF 7F EE 11 00
13:16:04.018 R 0DF80501 66 00 00 FF FF FF FF FF
13:16:04.019 R 09F80101 F1 1F 50 1F 2A 98 3E 03
13:16:04.019 R 0DF80901 E4 50 06 91 2D 18 78 00
13:16:04.079 R 15FD0773 00 C0 53 7A FF 7F FF FF
13:16:04.106 R 15FD0773 00 C0 53 7A FF 7F FF FF
13:16:04.111 R 09FD02B1 FF 5B 02 62 6E FA FF FF
13:16:04.112 R 09FD02B1 FF 5B 02 62 6E FC FF FF
13:16:04.112 R 09FD02B1 FF 5D 02 F6 80 F9 FF FF
13:16:04.113 R 09F80201 FF FC 00 00 02 00 FF FF
13:16:04.114 R 09F80101 F1 1F 50 1F 2A 98 3E 03
13:16:04.082 R 0DF01001 FF FF E4 50 74 96 2D 18
13:16:04.131 R 11F80F00 A0 1B 12 52 0C 97 0E 07
13:16:04.132 R 11F80F00 A1 3E 41 03 70 14 53 1F
13:16:04.133 R 11F80F00 A2 13 22 42 B9 00 06 00
13:16:04.133 R 11F80F00 A3 06 FF FF 00 5C FF FF
13:16:04.178 R 09FD02B1 FF 5C 02 71 6E FA FF FF
13:16:04.178 R 09FD02B1 FF 5C 02 71 6E FC FF FF
13:16:04.179 R 09FD02B1 FF 5E 02 01 81 F9 FF FF
13:16:04.182 R 09F80101 F1 1F 50 1F 2A 98 3E 03
13:16:04.183 R 19FB1100 A0 1B 18 93 4E 8B 0E 5A
13:16:04.184 R 19FB1100 A1 45 4C 49 4E 45 40 40
13:16:04.184 R 19FB1100 A2 40 40 40 40 40 40 40
13:16:04.185 R 19FB1100 A3 40 40 40 40 40 E0 FF
13:16:04.185 R 1DFF7600 A0 1C 3B 9F 18 93 4E 8B
13:16:04.186 R 1DFF7600 A1 0E 00 5A 45 4C 49 4E
13:16:04.186 R 1DFF7600 A2 45 40 40 40 40 40 40
13:16:04.187 R 1DFF7600 A3 40 40 40 40 40 40 40
13:16:04.188 R 1DFF7600 A4 40 FF FF FF FF FF FF
13:16:04.210 R 19FB1200 20 23 18 C1 5A 94 0E 24
13:16:04.210 R 19FB1200 21 53 52 54 4A 2B 47 4D
13:16:04.211 R 19FB1200 22 50 43 36 39 37 36 40
13:16:04.211 R 19FB1200 23 78 00 28 00 1E 00 46
13:16:04.212 R 19FB1200 24 00 00 00 00 00 F3 E1
13:16:04.213 R 19FB1200 25 FF FF FF FF FF FF FF
13:16:04.213 R 1DFF7700 20 1C 3B 9F 18 C1 5A 94
13:16:04.214 R 1DFF7700 21 0E 01 24 53 52 54 4A
13:16:04.214 R 1DFF7700 22 2B 47 4D 50 43 36 39
13:16:04.215 R 1DFF7700 23 37 36 40 43 50 E0 C0
13:16:04.215 R 1DFF7700 24 FF FF FF FF FF FF FF
13:16:04.253 R 11F80F00 C0 1B 12 7C 13 8D 0E 6C
13:16:04.254 R 11F80F00 C1 98 3E 03 BC 1F 50 1F
13:16:04.254 R 11F80F00 C2 13 FF FF 00 00 00 00
13:16:04.255 R 11F80F00 C3 20 FF FF 00 70 FE FF
13:16:04.277 R 09FD02B1 FF 5D 02 7B 6E FA FF FF
13:16:04.278 R 09FD02B1 FF 5D 02 7B 6E FC FF FF
13:16:04.278 R 09FD02B1 FF 5F 02 09 81 F9 FF FF
13:16:04.284 R 09F80201 FF FC 00 00 02 00 FF FF
13:16:04.284 R 09F80101 F1 1F 50 1F 2A 98 3E 03
13:16:04.292 R 11F80F00 E0 1B 12 92 7B 8D 0E 2B
13:16:04.293 R 11F80F00 E1 12 45 03 62 FD 59 1F
13:16:04.293 R 11F80F00 E2 13 74 0B F6 00 06 00
13:16:04.294 R 11F80F00 E3 06 FF FF 00 74 FF FF
13:16:04.376 R 09FD02B1 FF 5D 02 83 6E FA FF FF
13:16:04.377 R 09FD02B1 FF 5D 02 83 6E FC FF FF
13:16:04.378 R 09FD02B1 FF 5F 02 10 81 F9 FF FF
13:16:04.384 R 09F80101 F1 1F 50 1F 2A 98 3E 03
13:16:04.422 R 19FB1100 C0 1B 18 C1 AE 95 0E 52
13:16:04.423 R 19FB1100 C1 41 5A 40 40 40 40 40
13:16:04.424 R 19FB1100 C2 40 40 40 40 40 40 40
13:16:04.424 R 19FB1100 C3 40 40 40 40 40 E1 FF
13:16:04.425 R 1DFF7600 C0 1C 3B 9F 18 C1 AE 95
13:16:04.425 R 1DFF7600 C1 0E 00 52 41 5A 40 40
13:16:04.426 R 1DFF7600 C2 40 40 40 40 40 40 40
13:16:04.426 R 1DFF7600 C3 40 40 40 40 40 40 40
13:16:04.427 R 1DFF7600 C4 40 FF FF FF FF FF FF
13:16:04.451 R 11F80E00 00 1C 01 C9 D4 95 0E 2E
13:16:04.452 R 11F80E00 01 3C 3D 03 72 F1 4F 1F
13:16:04.452 R 11F80E00 02 13 0A 53 00 00 D2 40
13:16:04.453 R 11F80E00 03 09 FF FF FF 7F D0 F8
13:16:04.453 R 11F80E00 04 FF FF FF FF FF FF FF
13:16:04.476 R 09FD02B1 FF 5E 02 8F 6E FA FF FF
13:16:04.477 R 09FD02B1 FF 5E 02 8F 6E FC FF FF
13:16:04.477 R 09FD02B1 FF 60 02 1B 81 F9 FF FF
13:16:04.485 R 09F80201 FF FC 00 00 02 00 FF FF
13:16:04.486 R 0DFE1101 E0 0E C0 84 00 00 02 00
13:16:04.486 R 0DFE1101 E1 FF FF FF FF FF FF FF
13:16:04.487 R 0DFE1101 E2 FF FF FF FF FF FF FF
13:16:04.489 R 09F80101 F1 1F 50 1F 2B 98 3E 03
13:16:04.511 R 19F51373 20 0E FF FF FF FF FF FF
13:16:04.511 R 19F51373 21 86 85 B0 00 00 00 00
13:16:04.512 R 19F51373 22 00 FF FF FF FF FF FF
13:16:04.513 R 1DFF6773 40 0B 3B 9F 03 00 04 B4
13:16:04.513 R 1DFF6773 41 6E 11 19 09 09 FF FF
13:16:04.514 R 1DFF6773 60 0B 3B 9F 03 02 04 B4
13:16:04.515 R 1DFF6773 61 6E 11 19 09 09 FF FF
13:16:04.575 R 09FD02B1 FF 5F 02 A5 6E FA FF FF
13:16:04.577 R 09FD02B1 FF 5F 02 A5 6E FC FF FF
13:16:04.578 R 09FD02B1 FF 61 02 31 81 F9 FF FF
13:16:04.586 R 0DF90301 FF 7F FF FF FF 7F FF FF
13:16:04.587 R 09F80101 F1 1F 50 1F 2B 98 3E 03
13:16:04.588 R 1DFFF001 E0 0D 3B 9F 90 FF FF FF
13:16:04.588 R 1DFFF001 E1 FF FF FF FF FF 50 01
13:16:04.675 R 09FD02B1 FF 60 02 C1 6E FA FF FF
13:16:04.675 R 09FD02B1 FF 60 02 C1 6E FC FF FF
13:16:04.676 R 09FD02B1 FF 62 02 4C 81 F9 FF FF
13:16:04.687 R 09F80201 FF FC 00 00 02 00 FF FF
13:16:04.688 R 09F80101 F1 1F 50 1F 2B 98 3E 03
13:16:04.689 R 19FA0301 00 DB 36 00 4D 00 31 00
13:16:04.689 R 19FA0601 60 0F 88 35 00 FF FF FF
13:16:04.690 R 19FA0601 61 FF FF FF FF FF FF FF
13:16:04.691 R 19FA0601 62 FF FF FF FF FF FF FF
13:16:04.691 R 19FA0B01 60 0F 88 94 01 2D 00 18
13:16:04.692 R 19FA0B01 61 00 00 00 2D 00 18 00
13:16:04.693 R 19FA0B01 62 38 00 FF FF FF FF FF
13:16:04.759 R 0DF50B73 00 E8 01 00 00 FF FF FF
13:16:04.774 R 09FD02B1 FF 61 02 D7 6E FA FF FF
13:16:04.776 R 09FD02B1 FF 61 02 D7 6E FC FF FF
13:16:04.777 R 09FD02B1 FF 63 02 61 81 F9 FF FF
13:16:04.789 R 19FA0401 60 DB 88 FF 12 04 DD 08
13:16:04.789 R 19FA0401 61 2E 35 AC 0D 00 00 00
13:16:04.790 R 19FA0401 62 00 F5 05 68 12 F1 CF
13:16:04.791 R 19FA0401 63 80 0C 00 00 00 00 F5
13:16:04.791 R 19FA0401 64 07 AE 2D 67 4E AC 0D
13:16:04.792 R 19FA0401 65 00 00 00 00 F5 09 0B
13:16:04.792 R 19FA0401 66 20 DC 35 D8 0E 00 00
13:16:04.793 R 19FA0401 67 00 00 F5 0B 45 1B E6
13:16:04.794 R 19FA0401 68 A0 AC 0D 00 00 00 00
13:16:04.794 R 19FA0401 69 F5 14 23 06 4E B3 D8
13:16:04.795 R 19FA0401 6A 0E 00 00 00 00 F5 15
13:16:04.796 R 19FA0401 6B 45 2A B7 C5 A0 0F 00
13:16:04.796 R 19FA0401 6C 00 00 00 F5 1D 17 04
13:16:04.797 R 19FA0401 6D 1F D8 AC 0D 00 00 00
13:16:04.797 R 19FA0401 6E 00 F5 1E 0B 20 DB 80
13:16:04.798 R 19FA0401 6F E4 0C 00 00 00 00 F5
13:16:04.799 R 19FA0401 70 44 C5 22 16 31 10 0E
13:16:04.799 R 19FA0401 71 00 00 00 00 F5 45 A2
13:16:04.800 R 19FA0401 72 2B C2 D6 D8 0E 00 00
13:16:04.801 R 19FA0401 73 00 00 F5 46 46 0C F1
13:16:04.801 R 19FA0401 74 C0 D8 0E 00 00 00 00
13:16:04.802 R 19FA0401 75 F5 31 74 14 66 7B 48
13:16:04.803 R 19FA0401 76 0D 00 00 00 00 F5 00
13:16:04.803 R 19FA0401 77 C5 31 DA AD 3C 0F 00
13:16:04.804 R 19FA0401 78 00 00 00 F5 00 AE 1E
13:16:04.804 R 19FA0401 79 CE AB AC 0D 00 00 00
13:16:04.805 R 19FA0401 7A 00 F5 00 22 24 20 AB
13:16:04.806 R 19FA0401 7B 80 0C 00 00 00 00 F5
13:16:04.806 R 19FA0401 7C 00 BA 20 0B 2F 48 0D
13:16:04.807 R 19FA0401 7D 00 00 00 00 F5 00 8B
13:16:04.808 R 19FA0401 7E 36 22 33 AC 0D 00 00
13:16:04.808 R 19FA0401 7F 00 00 F5 FF FF FF FF
13:16:04.809 R 09F80101 F1 1F 50 1F 2B 98 3E 03
13:16:04.810 R 19F11A01 FF FF FF FF FB 01 FF FF
13:16:04.873 R 09FD02B1 FF 62 02 E5 6E FA FF FF
13:16:04.874 R 09FD02B1 FF 62 02 E5 6E FC FF FF
13:16:04.875 R 09FD02B1 FF 64 02 6E 81 F9 FF FF
13:16:04.889 R 09F80201 FF FC 00 00 02 00 FF FF
13:16:04.890 R 09F80101 F1 1F 50 1F 2B 98 3E 03
13:16:04.895 R 09F50373 00 00 00 FF FF 00 FF FF
13:16:04.932 R 1CFF1A73 3B 9F 00 00 FF FF FF FF
13:16:04.932 R 09F50373 00 00 00 FF FF 00 FF FF
13:16:04.933 R 11F80E00 20 1C 03 50 53 8F 0E 14
13:16:04.933 R 11F80E00 21 76 3B 03 C6 D4 4B 1F
13:16:04.934 R 11F80E00 22 11 1F E7 05 00 00 10
13:16:04.935 R 11F80E00 23 08 CE 9C 14 00 C0 F8
13:16:04.935 R 11F80E00 24 FF FF FF FF FF FF FF
13:16:04.957 R 15FD0773 00 C0 53 7A FF 7F FF FF
13:16:04.973 R 09FD02B1 FF 63 02 F0 6E FA FF FF
13:16:04.974 R 09FD02B1 FF 63 02 F0 6E FC FF FF
13:16:04.974 R 09FD02B1 FF 65 02 78 81 F9 FF FF
13:16:04.990 R 0DF80501 80 2B 89 E4 50 50 BA 2D
13:16:04.991 R 0DF80501 81 18 00 2A 2E FB 44 66
13:16:04.991 R 0DF80501 82 4A 07 00 B8 8A 12 49
13:16:04.992 R 0DF80501 83 63 C1 00 20 9A 8E 02
13:16:04.993 R 0DF80501 84 00 00 00 00 23 FC 17
13:16:04.993 R 15FD0773 00 C0 53 7A FF 7F FF FF
13:16:04.994 R 0DF80501 85 36 00 FF 7F EE 11 00
13:16:04.995 R 0DF80501 86 00 00 FF FF FF FF FF
13:16:04.996 R 09F80101 F1 1F 50 1F 2C 98 3E 03
13:16:04.996 R 0DF80901 E4 50 50 BA 2D 18 78 00
13:16:05.014 R 11F80E00 40 1C 01 80 8A 94 0E 55
13:16:05.014 R 11F80E00 41 23 3B 03 0E B0 4B 1F
13:16:05.015 R 11F80E00 42 15 20 9C 00 00 C4 80
13:16:05.015 R 11F80E00 43 00 14 9A 00 00 C0 F8
13:16:05.016 R 11F80E00 44 FF FF FF FF FF FF FF
13:16:05.072 R 09FD02B1 FF 64 02 FC 6E FA FF FF
13:16:05.073 R 09FD02B1 FF 64 02 FC 6E FC FF FF
13:16:05.074 R 09FD02B1 FF 66 02 85 81 F9 FF FF
13:16:05.091 R 09F80201 FF FC 00 00 02 00 FF FF
13:16:05.092 R 09F80101 F1 1F 50 1F 2C 98 3E 03
13:16:05.000 R 0DF01001 FF FF E4 50 50 BA 2D 18
13:16:05.002 R 11F80E00 60 1C 01 59 71 96 0E F9
13:16:05.003 R 11F80E00 61 4F 24 03 B6 E4 59 1F
13:16:05.003 R 11F80E00 62 1B 7D AF 0B 01 C7 00
13:16:05.004 R 11F80E00 63 09 FF FF FF 7F C5 F8
13:16:05.004 R 11F80E00 64 FF FF FF FF FF FF FF
13:16:05.080 R 09FD02B1 FF 65 02 05 6F FA FF FF
13:16:05.080 R 09FD02B1 FF 65 02 05 6F FC FF FF
13:16:05.081 R 09FD02B1 FF 67 02 8E 81 F9 FF FF
13:16:05.100 R 09F80101 F1 1F 50 1F 2C 98 3E 03
13:16:05.166 R 11F80F00 00 1B 12 7C 13 8D 0E 6C
13:16:05.166 R 11F80F00 01 98 3E 03 BC 1F 50 1F
13:16:05.167 R 11F80F00 02 17 FF FF 00 00 00 00
13:16:05.167 R 11F80F00 03 20 FF FF 00 70 FE FF
13:16:05.168 R 1CFF0800 3B 9F FF 00 71 04 FF FF
13:16:05.179 R 09FD02B1 FF 66 02 0D 6F FA FF FF
13:16:05.180 R 09FD02B1 FF 66 02 0D 6F FC FF FF
13:16:05.180 R 09FD02B1 FF 68 02 94 81 F9 FF FF
13:16:05.201 R 09F80201 FF FC 00 00 02 00 FF FF
13:16:05.201 R 09F80101 F1 1F 50 1F 2D 98 3E 03
13:16:05.278 R 09FD02B1 FF 67 02 11 6F FA FF FF
13:16:05.279 R 09FD02B1 FF 67 02 11 6F FC FF FF
13:16:05.280 R 09FD02B1 FF 69 02 99 81 F9 FF FF
13:16:05.301 R 09F80101 F1 1F 50 1F 2D 98 3E 03
13:16:05.350 R 15FB0500 E0 18 08 F9 98 96 0E 03
13:16:05.350 R 15FB0500 E1 80 00 32 0A C3 2C F2
13:16:05.351 R 15FB0500 E2 C3 6E 78 18 90 BE FA
13:16:05.351 R 15FB0500 E3 50 21 D7 00 FF FF FF
13:16:05.378 R 09FD02B1 FF 68 02 1A 6F FA FF FF
13:16:05.379 R 09FD02B1 FF 68 02 1A 6F FC FF FF
13:16:05.379 R 09FD02B1 FF 6A 02 A1 81 F9 FF FF
13:16:05.402 R 09F80201 FF FC 00 00 02 00 FF FF
13:16:05.403 R 0DFE1101 00 0E C0 85 00 00 02 00
13:16:05.403 R 0DFE1101 01 FF FF FF FF FF FF FF
13:16:05.404 R 11F80F00 20 1B 12 06 22 96 0E 9E
13:16:05.405 R 0DFE1101 02 FF FF FF FF FF FF FF
13:16:05.405 R 11F80F00 21 57 34 03 59 E9 4B 1F
13:16:05.406 R 09F80101 F1 1F 50 1F 2D 98 3E 03
13:16:05.406 R 11F80F00 22 16 85 38 1A 01 40 56
13:16:05.407 R 11F80F00 23 08 FF FF 00 70 FE FF
13:16:05.422 R 19F51373 80 0E FF FF FF FF FF FF
13:16:05.423 R 19F51373 81 86 85 B0 00 00 00 00
13:16:05.423 R 19F51373 82 00 FF FF FF FF FF FF
13:16:05.424 R 1DFF6773 A0 0B 3B 9F 03 00 04 B4
13:16:05.425 R 1DFF6773 A1 6E 11 19 09 09 FF FF
13:16:05.425 R 1DFF6773 C0 0B 3B 9F 03 02 04 B4
13:16:05.426 R 1DFF6773 C1 6E 11 19 09 09 FF FF
13:16:05.456 R 11F80E00 80 1C 01 18 E6 96 0E 11
13:16:05.457 R 11F80E00 81 26 3B 03 CD AC 4B 1F
13:16:05.458 R 11F80E00 82 15 EE 08 00 00 D8 00
13:16:05.458 R 11F80E00 83 01 16 22 00 00 D0 F8
13:16:05.459 R 11F80E00 84 FF FF FF FF FF FF FF
13:16:05.477 R 09FD02B1 FF 69 02 25 6F FA FF FF
13:16:05.478 R 09FD02B1 FF 69 02 25 6F FC FF FF
13:16:05.479 R 09FD02B1 FF 6B 02 AC 81 F9 FF FF
13:16:05.503 R 0DF90301 FF 7F FF FF FF 7F FF FF
13:16:05.504 R 09F80101 F1 1F 50 1F 2D 98 3E 03
13:16:05.504 R 1DFFF001 00 0D 3B 9F 90 FF FF FF
13:16:05.505 R 1DFFF001 01 FF FF FF FF FF 52 01
13:16:05.577 R 09FD02B1 FF 6A 02 2E 6F FA FF FF
13:16:05.579 R 09FD02B1 FF 6A 02 2E 6F FC FF FF
13:16:05.579 R 09FD02B1 FF 6C 02 B6 81 F9 FF FF
13:16:05.604 R 09F80201 FF FC 00 00 02 00 FF FF
13:16:05.605 R 09F80101 F1 1F 50 1F 2D 98 3E 03
13:16:05.605 R 19FA0301 00 DB 36 00 4D 00 31 00
13:16:05.606 R 19FA0601 80 0F 89 35 00 FF FF FF
13:16:05.607 R 19FA0601 81 FF FF FF FF FF FF FF
13:16:05.607 R 19FA0601 82 FF FF FF FF FF FF FF
13:16:05.608 R 19FA0B01 80 0F 89 95 01 2D 00 18
13:16:05.609 R 19FA0B01 81 00 00 00 2D 00 18 00
13:16:05.609 R 19FA0B01 82 39 00 FF FF FF FF FF
13:16:05.676 R 09FD02B1 FF 6B 02 2C 6F FA FF FF
13:16:05.677 R 09FD02B1 FF 6B 02 2C 6F FC FF FF
13:16:05.677 R 09FD02B1 FF 6D 02 B4 81 F9 FF FF
13:16:05.698 R 11F80E00 A0 1C 01 90 2A 8B 0E C9
13:16:05.698 R 11F80E00 A1 7C 3B 03 81 DA 4B 1F
13:16:05.699 R 11F80E00 A2 17 FF FF 00 00 E1 80
13:16:05.699 R 11F80E00 A3 01 FF FF FF 7F C0 F8
13:16:05.700 R 11F80E00 A4 FF FF FF FF FF FF FF
13:16:05.705 R 19FA0401 80 DB 89 FF 12 04 DD 08
13:16:05.706 R 19FA0401 81 2E 35 AC 0D 00 00 00
13:16:05.706 R 19FA0401 82 00 F5 05 68 12 F1 CF
13:16:05.707 R 19FA0401 83 E4 0C 00 00 00 00 F5
13:16:05.707 R 19FA0401 84 07 AE 2D 67 4E AC 0D
13:16:05.708 R 19FA0401 85 00 00 00 00 F5 09 0B
13:16:05.709 R 19FA0401 86 20 DC 35 D8 0E 00 00
13:16:05.709 R 19FA0401 87 00 00 F5 0B 45 1B E6
13:16:05.710 R 19FA0401 88 A0 AC 0D 00 00 00 00
13:16:05.711 R 19FA0401 89 F5 14 23 06 4E B3 74
13:16:05.711 R 19FA0401 8A 0E 00 00 00 00 F5 15
13:16:05.712 R 19FA0401 8B 45 2A B7 C5 A0 0F 00
13:16:05.712 R 19FA0401 8C 00 00 00 F5 1D 17 04
13:16:05.713 R 19FA0401 8D 1F D8 AC 0D 00 00 00
13:16:05.714 R 19FA0401 8E 00 F5 1E 0B 20 DB 80
13:16:05.714 R 19FA0401 8F 80 0C 00 00 00 00 F5
13:16:05.715 R 19FA0401 90 44 C5 22 16 31 10 0E
13:16:05.716 R 19FA0401 91 00 00 00 00 F5 45 A2
13:16:05.716 R 19FA0401 92 2B C2 D6 D8 0E 00 00
13:16:05.717 R 19FA0401 93 00 00 F5 46 46 0C F1
13:16:05.718 R 19FA0401 94 C0 74 0E 00 00 00 00
13:16:05.718 R 19FA0401 95 F5 31 74 14 66 7B 48
13:16:05.719 R 19FA0401 96 0D 00 00 00 00 F5 00
13:16:05.719 R 19FA0401 97 C5 31 DA AD 3C 0F 00
13:16:05.720 R 19FA0401 98 00 00 00 F5 00 AE 1E
13:16:05.721 R 19FA0401 99 CE AB AC 0D 00 00 00
13:16:05.721 R 19FA0401 9A 00 F5 00 22 24 20 AB
13:16:05.722 R 19FA0401 9B 1C 0C 00 00 00 00 F5
13:16:05.723 R 19FA0401 9C 00 BA 20 0B 2F E4 0C
13:16:05.723 R 19FA0401 9D 00 00 00 00 F5 00 8B
13:16:05.724 R 19FA0401 9E 36 22 33 AC 0D 00 00
13:16:05.725 R 19FA0401 9F 00 00 F5 FF FF FF FF
13:16:05.725 R 09F80101 F1 1F 50 1F 2E 98 3E 03
13:16:05.726 R 19F11A01 FF FF FF FF FB 01 FF FF
13:16:05.771 R 0DF50B73 00 E8 01 00 00 FF FF FF
13:16:05.775 R 09FD02B1 FF 6C 02 21 6F FA FF FF
13:16:05.776 R 09FD02B1 FF 6C 02 21 6F FC FF FF
13:16:05.777 R 09FD02B1 FF 6E 02 AA 81 F9 FF FF
13:16:05.806 R 09F80201 FF FC 00 00 02 00 FF FF
13:16:05.806 R 09F80101 F1 1F 50 1F 2E 98 3E 03
13:16:05.807 R 09F50373 00 00 00 FF FF 00 FF FF
13:16:05.843 R 1CFF1A73 3B 9F 00 00 FF FF FF FF
13:16:05.843 R 09F50373 00 00 00 FF FF 00 FF FF
13:16:05.869 R 15FD0773 00 C0 53 7A FF 7F FF FF
13:16:05.875 R 09FD02B1 FF 6D 02 18 6F FA FF FF
13:16:05.877 R 09FD02B1 FF 6D 02 18 6F FC FF FF
13:16:05.877 R 09FD02B1 FF 6F 02 A0 81 F9 FF FF
13:16:05.907 R 0DF80501 A0 2B 8A E4 50 26 DF 2D
13:16:05.908 R 0DF80501 A1 18 00 2A 2E FB 44 66
13:16:05.908 R 0DF80501 A2 4A 07 00 4C C0 89 49
13:16:05.909 R 0DF80501 A3 63 C1 00 C0 20 90 02
13:16:05.910 R 0DF80501 A4 00 00 00 00 23 FC 16
13:16:05.910 R 0DF80501 A5 39 00 FF 7F EE 11 00
13:16:05.911 R 0DF80501 A6 00 00 FF FF FF FF FF
13:16:05.912 R 09F80101 F1 1F 50 1F 2E 98 3E 03
13:16:05.912 R 0DF80901 E4 50 26 DF 2D 18 78 00
13:16:05.973 R 09FD02B1 FF 6E 02 0A 6F FA FF FF
13:16:05.974 R 1CFF7400 3B 9F FD 00 00 FF FF FF
13:16:05.974 R 09FD02B1 FF 6E 02 0A 6F FC FF FF
13:16:05.975 R 09FD02B1 FF 70 02 95 81 F9 FF FF
13:16:05.990 R 15FD0773 00 C0 53 7A FF 7F FF FF
13:16:06.007 R 09F80201 FF FC 00 00 02 00 FF FF
13:16:06.008 R 09F80101 F1 1F 50 1F 2E 98 3E 03
13:16:06.079 R 0DF01001 FF FF E4 50 76 E4 2D 18
13:16:06.144 R 09FD02B1 FF 6E 02 FD 6E FA FF FF
13:16:06.144 R 09FD02B1 FF 6E 02 FD 6E FC FF FF
13:16:06.145 R 09FD02B1 FF 70 02 88 81 F9 FF FF
13:16:06.170 R 11F80E00 C0 1C 01 C7 44 98 0E 2F
13:16:06.171 R 11F80E00 C1 52 3D 03 28 3E 4E 1F
13:16:06.171 R 11F80E00 C2 1F 4B 0A 00 00 F0 80
13:16:06.172 R 11F80E00 C3 00 FF FF FF 7F C0 F8
13:16:06.172 R 11F80E00 C4 FF FF FF FF FF FF FF
13:16:06.179 R 09F80101 F1 1F 50 1F 2E 98 3E 03
13:16:06.240 R 11F80F00 40 1B 12 7C 13 8D 0E 6C
13:16:06.241 R 11F80F00 41 98 3E 03 BC 1F 50 1F
13:16:06.241 R 11F80F00 42 1B FF FF 00 00 00 00
13:16:06.242 R 11F80F00 43 20 FF FF 00 70 FE FF
13:16:06.243 R 09FD02B1 FF 6F 02 F4 6E FA FF FF
13:16:06.244 R 09FD02B1 FF 6F 02 F4 6E FC FF FF
13:16:06.244 R 09FD02B1 FF 71 02 82 81 F9 FF FF
13:16:06.280 R 09F80201 FF FC 00 00 02 00 FF FF
13:16:06.281 R 09F80101 F1 1F 50 1F 2F 98 3E 03
13:16:06.343 R 09FD02B1 FF 6F 02 F1 6E FA FF FF
13:16:06.343 R 09FD02B1 FF 6F 02 F1 6E FC FF FF
13:16:06.344 R 09FD02B1 FF 71 02 80 81 F9 FF FF
13:16:06.382 R 09F80101 F1 1F 50 1F 2F 98 3E 03
13:16:06.384 R 11F80E00 E0 1C 01 31 B0 95 0E 99
13:16:06.385 R 11F80E00 E1 7A 45 03 2E 71 56 1F
13:16:06.385 R 11F80E00 E2 1B 7F 1F 8C 01 40 56
13:16:06.386 R 11F80E00 E3 08 FF FF FF 7F C0 F8
13:16:06.387 R 11F80E00 E4 FF FF FF FF FF FF FF
13:16:06.411 R 11F80E00 00 1C 01 20 38 95 0E 6F
13:16:06.412 R 11F80E00 01 26 3D 03 1D A9 4F 1F
13:16:06.412 R 11F80E00 02 1B FF FF 00 00 F9 00
13:16:06.413 R 11F80E00 03 09 FF FF FF 7F D0 F8
13:16:06.413 R 11F80E00 04 FF FF FF FF FF FF FF
13:16:06.442 R 09FD02B1 FF 6F 02 E9 6E FA FF FF
13:16:06.443 R 09FD02B1 FF 6F 02 E9 6E FC FF FF
13:16:06.443 R 09FD02B1 FF 71 02 78 81 F9 FF FF
13:16:06.483 R 09F80201 FF FC 00 00 02 00 FF FF
13:16:06.483 R 0DFE1101 20 0E C0 86 00 00 02 00
13:16:06.484 R 0DFE1101 21 FF FF FF FF FF FF FF
13:16:06.485 R 0DFE1101 22 FF FF FF FF FF FF FF
13:16:06.485 R 09F80101 F1 1F 50 1F 2F 98 3E 03
13:16:06.496 R 19F51373 E0 0E FF FF FF FF FF FF
13:16:06.496 R 19F51373 E1 86 85 B0 00 00 00 00
13:16:06.497 R 19F51373 E2 00 FF FF FF FF FF FF
13:16:06.497 R 1DFF6773 00 0B 3B 9F 03 00 04 B4
13:16:06.498 R 1DFF6773 01 6E 11 19 09 09 FF FF
13:16:06.499 R 1DFF6773 20 0B 3B 9F 03 02 04 B4
13:16:06.499 R 1DFF6773 21 6E 11 19 09 09 FF FF
13:16:06.541 R 09FD02B1 FF 6F 02 DD 6E FA FF FF
13:16:06.542 R 09FD02B1 FF 6F 02 DD 6E FC FF FF
13:16:06.543 R 09FD02B1 FF 71 02 6B 81 F9 FF FF
13:16:06.584 R 0DF90301 FF 7F FF FF FF 7F FF FF
13:16:06.585 R 09F80101 F1 1F 50 1F 2F 98 3E 03
13:16:06.585 R 1DFFF001 20 0D 3B 9F 90 FF FF FF
13:16:06.586 R 1DFFF001 21 FF FF FF FF FF 54 01
13:16:06.597 R 19FB1100 E0 1B 18 5A 25 8B 0E 53
13:16:06.598 R 19FB1100 E1 4F 4D 4F 53 40 40 40
13:16:06.599 R 19FB1100 E2 40 40 40 40 40 40 40
13:16:06.599 R 19FB1100 E3 40 40 40 40 40 E1 FF
13:16:06.600 R 1DFF7600 E0 1C 3B 9F 18 5A 25 8B
13:16:06.600 R 1DFF7600 E1 0E 00 53 4F 4D 4F 53
13:16:06.601 R 1DFF7600 E2 40 40 40 40 40 40 40
13:16:06.601 R 1DFF7600 E3 40 40 40 40 40 40 40
13:16:06.602 R 1DFF7600 E4 40 FF FF FF FF FF FF
13:16:06.641 R 09FD02B1 FF 6E 02 CF 6E FA FF FF
13:16:06.641 R 09FD02B1 FF 6E 02 CF 6E FC FF FF
13:16:06.642 R 09FD02B1 FF 70 02 5E 81 F9 FF FF
13:16:06.685 R 09F80201 FF FC 00 00 02 00 FF FF
13:16:06.686 R 09F80101 F2 1F 50 1F 2F 98 3E 03
13:16:06.687 R 19FA0301 00 DB 36 00 4D 00 31 00
13:16:06.687 R 19FA0601 A0 0F 8A 35 00 FF FF FF
13:16:06.688 R 19FA0601 A1 FF FF FF FF FF FF FF
13:16:06.689 R 19FA0601 A2 FF FF FF FF FF FF FF
13:16:06.689 R 19FA0B01 A0 0F 8A 66 01 2E 00 18
13:16:06.690 R 19FA0B01 A1 00 00 00 2E 00 18 00
13:16:06.691 R 19FA0B01 A2 39 00 FF FF FF FF FF
13:16:06.740 R 09FD02B1 FF 6E 02 C5 6E FA FF FF
13:16:06.741 R 09FD02B1 FF 6E 02 C5 6E FC FF FF
13:16:06.741 R 09FD02B1 FF 70 02 55 81 F9 FF FF
13:16:06.787 R 19FA0401 A0 DB 8A FF 12 04 DD 08
13:16:06.787 R 19FA0401 A1 2E 35 AC 0D 00 00 00
13:16:06.788 R 19FA0401 A2 00 F5 05 68 12 F1 CF
13:16:06.789 R 19FA0401 A3 E4 0C 00 00 00 00 F5
13:16:06.790 R 19FA0401 A4 07 AE 2D 67 4E AC 0D
13:16:06.790 R 19FA0401 A5 00 00 00 00 F5 09 0B
13:16:06.791 R 19FA0401 A6 20 DC 35 D8 0E 00 00
13:16:06.792 R 19FA0401 A7 00 00 F5 0B 45 1B E6
13:16:06.792 R 19FA0401 A8 A0 10 0E 00 00 00 00
13:16:06.793 R 19FA0401 A9 F5 14 23 06 4E B3 D8
13:16:06.794 R 19FA0401 AA 0E 00 00 00 00 F5 15
13:16:06.794 R 19FA0401 AB 45 2A B7 C5 A0 0F 00
13:16:06.795 R 19FA0401 AC 00 00 00 F5 1D 17 04
13:16:06.796 R 19FA0401 AD 1F D8 AC 0D 00 00 00
13:16:06.796 R 19FA0401 AE 00 F5 1E 0B 20 DB 80
13:16:06.797 R 19FA0401 AF 1C 0C 00 00 00 00 F5
13:16:06.798 R 19FA0401 B0 44 C5 22 16 31 74 0E
13:16:06.799 R 19FA0401 B1 00 00 00 00 F5 45 A2
13:16:06.799 R 19FA0401 B2 2B C2 D6 D8 0E 00 00
13:16:06.800 R 19FA0401 B3 00 00 F5 46 46 0C F1
13:16:06.801 R 19FA0401 B4 C0 74 0E 00 00 00 00
13:16:06.801 R 19FA0401 B5 F5 31 74 14 66 7B 48
13:16:06.802 R 19FA0401 B6 0D 00 00 00 00 F5 00
13:16:06.803 R 19FA0401 B7 C5 31 DA AD 3C 0F 00
13:16:06.803 R 19FA0401 B8 00 00 00 F5 00 AE 1E
13:16:06.804 R 19FA0401 B9 CE AB AC 0D 00 00 00
13:16:06.805 R 19FA0401 BA 00 F5 00 22 24 20 AB
13:16:06.806 R 19FA0401 BB 1C 0C 00 00 00 00 F5
13:16:06.806 R 19FA0401 BC 00 BA 20 0B 2F 48 0D
13:16:06.807 R 19FA0401 BD 00 00 00 00 F5 00 8B
13:16:06.808 R 19FA0401 BE 36 22 33 AC 0D 00 00
13:16:06.808 R 19FA0401 BF 00 00 F5 FF FF FF FF
13:16:06.809 R 09F80101 F2 1F 50 1F 30 98 3E 03
13:16:06.810 R 19F11A01 FF FF FF FF FB 01 FF FF
13:16:06.835 R 0DF50B73 00 EB 01 00 00 FF FF FF
13:16:06.840 R 09FD02B1 FF 6D 02 BB 6E FA FF FF
13:16:06.841 R 09FD02B1 FF 6D 02 BB 6E FC FF FF
13:16:06.842 R 09FD02B1 FF 6F 02 4C 81 F9 FF FF
13:16:06.866 R 19FB1200 40 23 18 64 21 FF 0C 24
13:16:06.867 R 19FB1200 41 53 52 54 4A 35 22 32
13:16:06.867 R 19FB1200 42 44 46 36 32 33 34 40
13:16:06.868 R 19FB1200 43 6E 00 28 00 00 00 64
13:16:06.868 R 19FB1200 44 00 00 00 00 00 F3 E0
13:16:06.869 R 19FB1200 45 FF FF FF FF FF FF FF
13:16:06.869 R 1DFF7700 40 1C 3B 9F 18 64 21 FF
13:16:06.870 R 1DFF7700 41 0C 01 24 53 52 54 4A
13:16:06.870 R 1DFF7700 42 35 22 32 44 46 36 32
13:16:06.871 R 1DFF7700 43 33 34 40 00 11 40 C1
13:16:06.872 R 1DFF7700 44 FF FF FF FF FF FF FF
13:16:06.881 R 09F50373 00 00 00 FF FF 00 FF FF
13:16:06.888 R 09F80201 FF FC 00 00 02 00 FF FF
13:16:06.889 R 09F80101 F2 1F 50 1F 30 98 3E 03
13:16:06.919 R 1CFF1A73 3B 9F 00 00 FF FF FF FF
13:16:06.919 R 09F50373 00 00 00 FF FF 00 FF FF
13:16:06.939 R 09FD02B1 FF 6C 02 B3 6E FA FF FF
13:16:06.940 R 09FD02B1 FF 6C 02 B3 6E FC FF FF
13:16:06.940 R 09FD02B1 FF 6E 02 44 81 F9 FF FF
13:16:06.945 R 15FD0773 00 C0 53 7A FF 7F FF FF
13:16:06.980 R 15FD0773 00 C0 53 7A FF 7F FF FF
13:16:06.989 R 0DF80501 C0 2B 8B E4 50 70 08 2E
13:16:06.990 R 0DF80501 C1 18 00 F4 C8 36 45 66
13:16:06.991 R 0DF80501 C2 4A 07 00 E0 F5 00 4A
13:16:06.991 R 0DF80501 C3 63 C1 00 C0 20 90 02
13:16:06.992 R 0DF80501 C4 00 00 00 00 23 FC 17
13:16:06.993 R 0DF80501 C5 36 00 FF 7F EE 11 00
13:16:06.993 R 0DF80501 C6 00 00 FF FF FF FF FF
13:16:06.994 R 09F80101 F2 1F 50 1F 30 98 3E 03
13:16:06.994 R 0DF80901 E4 50 70 08 2E 18 78 00
13:16:07.037 R 09FD02B1 FF 6B 02 B0 6E FA FF FF
13:16:07.038 R 09FD02B1 FF 6B 02 B0 6E FC FF FF
13:16:07.039 R 09FD02B1 FF 6D 02 3F 81 F9 FF FF
13:16:07.089 R 09F80201 FF FC 00 00 02 00 FF FF
13:16:07.090 R 09F80101 F2 1F 50 1F 30 98 3E 03
13:16:07.000 R 0DF01001 FF FF E4 50 70 08 2E 18
13:16:07.046 R 09FD02B1 FF 6A 02 B0 6E FA FF FF
13:16:07.047 R 09FD02B1 FF 6A 02 B0 6E FC FF FF
13:16:07.047 R 09FD02B1 FF 6C 02 3E 81 F9 FF FF
13:16:07.069 R 11F80F00 60 1B 12 22 EB 8D 0E 5C
13:16:07.070 R 11F80F00 61 DA 39 03 B5 1A 4B 1F
13:16:07.070 R 11F80F00 62 1F FF FF 05 00 3A 45
13:16:07.071 R 11F80F00 63 01 FF FF 00 70 FF FF
13:16:07.100 R 09F80101 F2 1F 50 1F 31 98 3E 03
13:16:07.145 R 09FD02B1 FF 69 02 AB 6E FA FF FF
13:16:07.147 R 09FD02B1 FF 69 02 AB 6E FC FF FF
13:16:07.148 R 09FD02B1 FF 6B 02 3A 81 F9 FF FF
13:16:07.152 R 11F80F00 80 1B 12 7C 13 8D 0E 6C
13:16:07.153 R 11F80F00 81 98 3E 03 BC 1F 50 1F
13:16:07.153 R 11F80F00 82 1F FF FF 00 00 00 00
13:16:07.154 R 11F80F00 83 20 FF FF 00 70 FE FF
13:16:07.201 R 09F80201 FF FC 00 00 02 00 FF FF
13:16:07.201 R 09F80101 F2 1F 50 1F 31 98 3E 03
13:16:07.229 R 19FB1200 60 23 18 D8 1F 0E 0D 25
13:16:07.230 R 19FB1200 61 53 52 54 49 35 46 44
13:16:07.230 R 19FB1200 62 58 50 48 37 39 32 35
13:16:07.231 R 19FB1200 63 82 00 28 00 0A 00 28
13:16:07.232 R 19FB1200 64 00 00 00 00 00 F3 E0
13:16:07.232 R 19FB1200 65 FF FF FF FF FF FF FF
13:16:07.233 R 1DFF7700 60 1C 3B 9F 18 D8 1F 0E
13:16:07.233 R 1DFF7700 61 0D 01 25 53 52 54 49
13:16:07.234 R 1DFF7700 62 35 46 44 58 50 48 37
13:16:07.234 R 1DFF7700 63 39 32 35 C1 90 80 C0
13:16:07.235 R 1DFF7700 64 FF FF FF FF FF FF FF
13:16:07.245 R 09FD02B1 FF 68 02 9E 6E FA FF FF
13:16:07.245 R 09FD02B1 FF 68 02 9E 6E FC FF FF
13:16:07.246 R 09FD02B1 FF 6A 02 2A 81 F9 FF FF
13:16:07.302 R 09F80101 F2 1F 50 1F 31 98 3E 03
13:16:07.344 R 09FD02B1 FF 67 02 86 6E FA FF FF
13:16:07.345 R 09FD02B1 FF 67 02 86 6E FC FF FF
13:16:07.345 R 09FD02B1 FF 69 02 12 81 F9 FF FF
13:16:07.390 R 19FB1100 00 1B 18 40 71 9C 0C 47
13:16:07.391 R 19FB1100 01 49 55 4C 49 45 54 54
13:16:07.391 R 19FB1100 02 41 40 40 40 40 40 40
13:16:07.392 R 19FB1100 03 40 40 40 40 40 E1 FF
13:16:07.392 R 1DFF7600 00 1C 3B 9F 18 40 71 9C
13:16:07.393 R 1DFF7600 01 0C 00 47 49 55 4C 49
13:16:07.393 R 1DFF7600 02 45 54 54 41 40 40 40
13:16:07.394 R 1DFF7600 03 40 40 40 40 40 40 40
13:16:07.395 R 1DFF7600 04 40 FF FF FF FF FF FF
13:16:07.403 R 09F80201 FF FC 00 00 02 00 FF FF
13:16:07.404 R 0DFE1101 40 0E C0 87 00 00 02 00
13:16:07.405 R 0DFE1101 41 FF FF FF FF FF FF FF
13:16:07.405 R 0DFE1101 42 FF FF FF FF FF FF FF
13:16:07.406 R 09F80101 F2 1F 50 1F 31 98 3E 03
13:16:07.407 R 19F51373 40 0E FF FF FF FF FF FF
13:16:07.408 R 19F51373 41 86 85 B0 00 00 00 00
13:16:07.408 R 19F51373 42 00 FF FF FF FF FF FF
13:16:07.409 R 1DFF6773 60 0B 3B 9F 03 00 04 B4
13:16:07.410 R 1DFF6773 61 6E 11 19 09 09 FF FF
13:16:07.410 R 1DFF6773 80 0B 3B 9F 03 02 04 B4
13:16:07.411 R 1DFF6773 81 6E 11 19 09 09 FF FF
13:16:07.417 R 11F80E00 20 1C 03 50 53 8F 0E 14
13:16:07.418 R 11F80E00 21 76 3B 03 C6 D4 4B 1F
13:16:07.418 R 11F80E00 22 19 87 EA 05 00 01 11
13:16:07.419 R 11F80E00 23 00 CE 9C 21 00 C0 F8
13:16:07.419 R 11F80E00 24 FF FF FF FF FF FF FF
13:16:07.444 R 09FD02B1 FF 65 02 73 6E FA FF FF
13:16:07.444 R 19FB1200 80 23 18 40 71 9C 0C 24
13:16:07.445 R 19FB1200 81 40 40 40 40 40 40 40
13:16:07.446 R 09FD02B1 FF 65 02 73 6E FC FF FF
13:16:07.446 R 09FD02B1 FF 67 02 FF 80 F9 FF FF
13:16:07.447 R 19FB1200 82 44 46 36 39 33 38 40
13:16:07.447 R 19FB1200 83 6E 00 28 00 1E 00 46
13:16:07.448 R 19FB1200 84 00 00 00 00 00 03 E1
13:16:07.448 R 19FB1200 85 FF FF FF FF FF FF FF
13:16:07.449 R 1DFF7700 80 1C 3B 9F 18 40 71 9C
13:16:07.449 R 1DFF7700 81 0C 01 24 40 40 40 40
13:16:07.450 R 1DFF7700 82 40 40 40 44 46 36 39
13:16:07.451 R 1DFF7700 83 33 38 40 43 40 E0 C0
13:16:07.451 R 1DFF7700 84 FF FF FF FF FF FF FF
13:16:07.504 R 0DF90301 FF 7F FF FF FF 7F FF FF
13:16:07.505 R 09F80101 F2 1F 50 1F 31 98 3E 03
13:16:07.506 R 1DFFF001 40 0D 3B 9F 90 FF FF FF
13:16:07.506 R 1DFFF001 41 FF FF FF FF FF 55 01
13:16:07.543 R 09FD02B1 FF 64 02 6C 6E FA FF FF
13:16:07.544 R 09FD02B1 FF 64 02 6C 6E FC FF FF
13:16:07.544 R 09FD02B1 FF 66 02 F7 80 F9 FF FF
13:16:07.606 R 09F80201 FF FC 00 00 02 00 FF FF
13:16:07.606 R 09F80101 F2 1F 50 1F 32 98 3E 03
13:16:07.607 R 19FA0301 00 DB 36 00 4D 00 31 00
13:16:07.608 R 19FA0601 C0 0F 8B 35 00 FF FF FF
13:16:07.609 R 19FA0601 C1 FF FF FF FF FF FF FF
13:16:07.609 R 19FA0601 C2 FF FF FF FF FF FF FF
13:16:07.611 R 19FA0B01 C0 0F 8B 9D 01 2E 00 18
13:16:07.611 R 19FA0B01 C1 00 00 00 2E 00 18 00
13:16:07.612 R 19FA0B01 C2 39 00 FF FF FF FF FF
13:16:07.642 R 09FD02B1 FF 63 02 6B 6E FA FF FF
13:16:07.643 R 09FD02B1 FF 63 02 6B 6E FC FF FF
13:16:07.644 R 09FD02B1 FF 65 02 F7 80 F9 FF FF
13:16:07.707 R 19FA0401 C0 DB 8B FF 12 04 DD 08
13:16:07.708 R 19FA0401 C1 2E 35 AC 0D 00 00 00
13:16:07.709 R 19FA0401 C2 00 F5 05 68 12 F1 CF
13:16:07.709 R 19FA0401 C3 E4 0C 00 00 00 00 F5
13:16:07.710 R 19FA0401 C4 07 AE 2D 67 4E AC 0D
13:16:07.711 R 19FA0401 C5 00 00 00 00 F5 09 0B
13:16:07.712 R 19FA0401 C6 20 DC 35 74 0E 00 00
13:16:07.712 R 19FA0401 C7 00 00 F5 0B 45 1B E6
13:16:07.713 R 19FA0401 C8 A0 AC 0D 00 00 00 00
13:16:07.714 R 19FA0401 C9 F5 14 23 06 4E B3 D8
13:16:07.714 R 19FA0401 CA 0E 00 00 00 00 F5 15
13:16:07.715 R 19FA0401 CB 45 2A B7 C5 3C 0F 00
13:16:07.716 R 19FA0401 CC 00 00 00 F5 1D 17 04
13:16:07.716 R 19FA0401 CD 1F D8 10 0E 00 00 00
13:16:07.717 R 19FA0401 CE 00 F5 1E 0B 20 DB 80
13:16:07.718 R 19FA0401 CF 80 0C 00 00 00 00 F5
13:16:07.719 R 19FA0401 D0 44 C5 22 16 31 10 0E
13:16:07.720 R 19FA0401 D1 00 00 00 00 F5 45 A2
13:16:07.720 R 19FA0401 D2 2B C2 D6 D8 0E 00 00
13:16:07.721 R 19FA0401 D3 00 00 F5 46 46 0C F1
13:16:07.722 R 19FA0401 D4 C0 74 0E 00 00 00 00
13:16:07.722 R 19FA0401 D5 F5 31 74 14 66 7B AC
13:16:07.723 R 19FA0401 D6 0D 00 00 00 00 F5 00
13:16:07.724 R 19FA0401 D7 C5 31 DA AD 3C 0F 00
13:16:07.724 R 19FA0401 D8 00 00 00 F5 00 AE 1E
13:16:07.725 R 19FA0401 D9 CE AB AC 0D 00 00 00
13:16:07.726 R 19FA0401 DA 00 F5 00 22 24 20 AB
13:16:07.726 R 19FA0401 DB B8 0B 00 00 00 00 F5
13:16:07.727 R 19FA0401 DC 00 BA 20 0B 2F 48 0D
13:16:07.728 R 19FA0401 DD 00 00 00 00 F5 00 8B
13:16:07.729 R 19FA0401 DE 36 22 33 AC 0D 00 00
13:16:07.729 R 19FA0401 DF 00 00 F5 FF FF FF FF
13:16:07.730 R 09F80101 F2 1F 50 1F 32 98 3E 03
13:16:07.731 R 19F11A01 FF FF FF FF FB 01 FF FF
13:16:07.742 R 09FD02B1 FF 61 02 6F 6E FA FF FF
13:16:07.744 R 09FD02B1 FF 61 02 6F 6E FC FF FF
13:16:07.744 R 09FD02B1 FF 63 02 FA 80 F9 FF FF
13:16:07.765 R 11F80F00 A0 1B 12 58 A3 9D 0C 32
13:16:07.766 R 11F80F00 A1 2F 2D 03 D6 D2 56 1F
13:16:07.766 R 11F80F00 A2 1F 7C E8 01 01 DC C0
13:16:07.767 R 11F80F00 A3 00 FF FF 00 70 FE FF
13:16:07.809 R 09F80201 FF FC 00 00 02 00 FF FF
13:16:07.810 R 09F80101 F2 1F 50 1F 32 98 3E 03
13:16:07.841 R 09FD02B1 FF 60 02 78 6E FA FF FF
13:16:07.842 R 09FD02B1 FF 60 02 78 6E FC FF FF
13:16:07.842 R 09FD02B1 FF 62 02 02 81 F9 FF FF
13:16:07.898 R 11F80E00 40 1C 01 22 AE 95 0E FF
13:16:07.899 R 11F80E00 41 FF FF 7F FF FF FF 7F
13:16:07.899 R 11F80E00 42 FC FF FF FF FF 32 C0
13:16:07.900 R 11F80E00 43 0A FF FF FF 7F C0 F8
13:16:07.901 R 11F80E00 44 FF FF FF FF FF FF FF
13:16:07.910 R 0DF80501 E0 2B 8C E4 50 80 2F 2E
13:16:07.911 R 0DF80501 E1 18 00 F4 C8 36 45 66
13:16:07.911 R 0DF80501 E2 4A 07 00 74 2B 78 4A
13:16:07.912 R 0DF80501 E3 63 C1 00 60 A7 91 02
13:16:07.913 R 0DF80501 E4 00 00 00 00 23 FC 17
13:16:07.913 R 0DF80501 E5 36 00 FF 7F EE 11 00
13:16:07.914 R 0DF80501 E6 00 00 FF FF FF FF FF
13:16:07.915 R 09F80101 F2 1F 50 1F 32 98 3E 03
13:16:07.915 R 0DF80901 E4 50 80 2F 2E 18 78 00
13:16:07.939 R 09FD02B1 FF 5E 02 88 6E FA FF FF
13:16:07.940 R 09FD02B1 FF 5E 02 88 6E FC FF FF
13:16:07.941 R 09FD02B1 FF 60 02 12 81 F9 FF FF
13:16:07.952 R 11F80E00 60 1C 01 CA 71 96 0E 8F
13:16:07.952 R 11F80E00 61 37 3D 03 EC F0 4F 1F
13:16:07.953 R 11F80E00 62 23 D1 21 00 00 D6 08
13:16:07.953 R 11F80E00 63 00 FF FF FF 7F C0 F8
13:16:07.954 R 11F80E00 64 FF FF FF FF FF FF FF
13:16:08.010 R 09F80201 FF FC 00 00 02 00 FF FF
13:16:08.011 R 09F80101 F2 1F 50 1F 32 98 3E 03
13:16:08.000 R 0DF01001 FF FF E4 50 80 2F 2E 18
13:16:08.027 R 09FD02B1 FF 5C 02 A2 6E FA FF FF
13:16:08.028 R 09FD02B1 FF 5C 02 A2 6E FC FF FF
13:16:08.028 R 09FD02B1 FF 5E 02 2C 81 F9 FF FF
13:16:08.100 R 09F80101 F2 1F 50 1F 33 98 3E 03
13:16:08.126 R 09FD02B1 FF 5A 02 BF 6E FA FF FF
13:16:08.127 R 09FD02B1 FF 5A 02 BF 6E FC FF FF
13:16:08.128 R 09FD02B1 FF 5C 02 49 81 F9 FF FF
13:16:08.144 R 11F80F00 C0 1B 12 7C 13 8D 0E 7D
13:16:08.144 R 11F80F00 C1 98 3E 03 BC 1F 50 1F
13:16:08.145 R 11F80F00 C2 23 FF FF 00 00 00 00
13:16:08.145 R 11F80F00 C3 20 FF FF 00 70 FE FF
13:16:08.201 R 09F80201 FF FC 00 00 02 00 FF FF
13:16:08.201 R 09F80101 F2 1F 50 1F 33 98 3E 03
13:16:08.226 R 09FD02B1 FF 58 02 DC 6E FA FF FF
13:16:08.226 R 09FD02B1 FF 58 02 DC 6E FC FF FF
13:16:08.227 R 09FD02B1 FF 59 02 67 81 F9 FF FF
13:16:08.234 R 11F80E00 80 1C 01 91 72 96 0E 17
13:16:08.235 R 11F80E00 81 97 41 03 2E E2 52 1F
13:16:08.236 R 11F80E00 82 27 42 B7 00 00 41 81
13:16:08.236 R 11F80E00 83 08 FF FF FF 7F CF F8
13:16:08.237 R 11F80E00 84 FF FF FF FF FF FF FF
13:16:08.288 R 11F80E00 A0 1C 01 A5 04 8E 0E 13
13:16:08.289 R 11F80E00 A1 B8 3D 03 EA 53 4D 1F
13:16:08.289 R 11F80E00 A2 20 FF FF 00 00 A1 08
13:16:08.290 R 11F80E00 A3 08 FF FF FF 7F C0 F8
13:16:08.290 R 11F80E00 A4 FF FF FF FF FF FF FF
13:16:08.302 R 09F80101 F2 1F 50 1F 33 98 3E 03
13:16:08.325 R 09FD02B1 FF 55 02 F8 6E FA FF FF
13:16:08.327 R 09FD02B1 FF 55 02 F8 6E FC FF FF
13:16:08.328 R 09FD02B1 FF 57 02 82 81 F9 FF FF
13:16:08.398 R 19F51373 A0 0E FF FF FF FF FF FF
13:16:08.398 R 19F51373 A1 86 85 B0 00 00 00 00
13:16:08.399 R 19F51373 A2 00 FF FF FF FF FF FF
13:16:08.400 R 1DFF6773 C0 0B 3B 9F 03 00 04 B4
13:16:08.400 R 1DFF6773 C1 6E 11 19 09 09 FF FF
13:16:08.401 R 1DFF6773 E0 0B 3B 9F 03 02 04 B4
13:16:08.402 R 1DFF6773 E1 6E 11 19 09 09 FF FF
13:16:08.403 R 09F80201 FF FC 00 00 02 00 FF FF
13:16:08.404 R 0DFE1101 60 0E C0 88 00 00 02 00
13:16:08.404 R 0DFE1101 61 FF FF FF FF FF FF FF
13:16:08.405 R 0DFE1101 62 FF FF FF FF FF FF FF
13:16:08.406 R 09F80101 F2 1F 50 1F 33 98 3E 03
13:16:08.425 R 09FD02B1 FF 53 02 0D 6F FA FF FF
13:16:08.425 R 09FD02B1 FF 53 02 0D 6F FC FF FF
13:16:08.426 R 09FD02B1 FF 55 02 96 81 F9 FF FF
13:16:08.504 R 0DF90301 FF 7F FF FF FF 7F FF FF
13:16:08.505 R 09F80101 F2 1F 50 1F 33 98 3E 03
13:16:08.506 R 1DFFF001 60 0D 3B 9F 90 FF FF FF
13:16:08.506 R 1DFFF001 61 FF FF FF FF FF 55 01
13:16:08.524 R 09FD02B1 FF 52 02 16 6F FA FF FF
13:16:08.525 R 09FD02B1 FF 52 02 16 6F FC FF FF
13:16:08.525 R 09FD02B1 FF 54 02 A0 81 F9 FF FF
13:16:08.605 R 09F80201 FF FC 00 00 02 00 FF FF
13:16:08.606 R 09F80101 F2 1F 50 1F 34 98 3E 03
13:16:08.607 R 19FA0301 00 DB 36 00 4D 00 31 00
13:16:08.608 R 19FA0601 E0 0F 8C 35 00 FF FF FF
13:16:08.608 R 19FA0601 E1 FF FF FF FF FF FF FF
13:16:08.609 R 19FA0601 E2 FF FF FF FF FF FF FF
13:16:08.610 R 19FA0B01 E0 0F 8C B0 01 2E 00 1A
13:16:08.610 R 19FA0B01 E1 00 00 00 2E 00 1A 00
13:16:08.611 R 19FA0B01 E2 39 00 FF FF FF FF FF
13:16:08.623 R 09FD02B1 FF 50 02 11 6F FA FF FF
13:16:08.624 R 09FD02B1 FF 50 02 11 6F FC FF FF
13:16:08.625 R 09FD02B1 FF 52 02 9E 81 F9 FF FF
13:16:08.707 R 19FA0401 E0 DB 8C FF 12 04 DD 08
13:16:08.708 R 19FA0401 E1 2E 35 AC 0D 00 00 00
13:16:08.709 R 19FA0401 E2 00 F5 05 68 12 F1 CF
13:16:08.709 R 19FA0401 E3 80 0C 00 00 00 00 F5
13:16:08.710 R 19FA0401 E4 07 AE 2D 67 4E 10 0E
13:16:08.711 R 19FA0401 E5 00 00 00 00 F5 09 0B
13:16:08.711 R 19FA0401 E6 20 DC 35 D8 0E 00 00
13:16:08.712 R 19FA0401 E7 00 00 F5 0B 45 1B E6
13:16:08.713 R 0DF50B73 00 E8 01 00 00 FF FF FF
13:16:08.713 R 19FA0401 E8 A0 AC 0D 00 00 00 00
13:16:08.714 R 19FA0401 E9 F5 14 23 06 4E B3 74
13:16:08.715 R 19FA0401 EA 0E 00 00 00 00 F5 15
13:16:08.715 R 19FA0401 EB 45 2A B7 C5 3C 0F 00
13:16:08.716 R 19FA0401 EC 00 00 00 F5 1D 17 04
13:16:08.717 R 11F80E00 C0 1C 01 28 91 76 0C 3D
13:16:08.717 R 11F80E00 C1 13 4F 03 0E 3D 5A 1F
13:16:08.718 R 11F80E00 C2 24 00 00 00 00 53 01
13:16:08.718 R 11F80E00 C3 01 FF FF FF 7F C0 F8
13:16:08.719 R 11F80E00 C4 FF FF FF FF FF FF FF
13:16:08.720 R 19FA0401 ED 1F D8 AC 0D 00 00 00
13:16:08.720 R 19FA0401 EE 00 F5 1E 0B 20 DB 80
13:16:08.721 R 19FA0401 EF 1C 0C 00 00 00 00 F5
13:16:08.722 R 19FA0401 F0 44 C5 22 16 31 AC 0D
13:16:08.722 R 19FA0401 F1 00 00 00 00 F5 45 A2
13:16:08.723 R 09FD02B1 FF 4F 02 02 6F FA FF FF
13:16:08.724 R 09FD02B1 FF 4F 02 02 6F FC FF FF
13:16:08.724 R 19FA0401 F2 2B C2 D6 D8 0E 00 00
13:16:08.725 R 09FD02B1 FF 51 02 91 81 F9 FF FF
13:16:08.725 R 19FA0401 F3 00 00 F5 46 46 0C F1
13:16:08.726 R 19FA0401 F4 C0 74 0E 00 00 00 00
13:16:08.727 R 19FA0401 F5 F5 31 74 14 66 7B AC
13:16:08.727 R 19FA0401 F6 0D 00 00 00 00 F5 00
13:16:08.728 R 19FA0401 F7 C5 31 DA AD 3C 0F 00
13:16:08.729 R 19FA0401 F8 00 00 00 F5 00 AE 1E
13:16:08.729 R 19FA0401 F9 CE AB 10 0E 00 00 00
13:16:08.730 R 19FA0401 FA 00 F5 00 22 24 20 AB
13:16:08.731 R 19FA0401 FB B8 0B 00 00 00 00 F5
13:16:08.732 R 19FA0401 FC 00 BA 20 0B 2F AC 0D
13:16:08.732 R 19FA0401 FD 00 00 00 00 F5 00 8B
13:16:08.733 R 19FA0401 FE 36 22 33 AC 0D 00 00
13:16:08.734 R 19FA0401 FF 00 00 F5 FF FF FF FF
13:16:08.734 R 09F80101 F2 1F 50 1F 34 98 3E 03
13:16:08.735 R 19F11A01 FF FF FF FF FB 01 FF FF
13:16:08.809 R 09F80201 FF FC 00 00 02 00 FF FF
13:16:08.810 R 09F80101 F2 1F 50 1F 34 98 3E 03
13:16:08.822 R 09FD02B1 FF 4E 02 FE 6E FA FF FF
13:16:08.824 R 09FD02B1 FF 4E 02 FE 6E FC FF FF
13:16:08.825 R 09FD02B1 FF 50 02 8D 81 F9 FF FF
13:16:08.854 R 1DEFFF73 00 16 3B 9F F0 81 86 41
13:16:08.855 R 1DEFFF73 01 2E D1 00 01 03 00 F7
13:16:08.855 R 1DEFFF73 02 FF FF 00 00 00 01 00
13:16:08.856 R 1DEFFF73 03 00 00 FF FF FF FF FF
13:16:08.878 R 09F50373 00 00 00 FF FF 00 FF FF
13:16:08.904 R 11F80F00 E0 1B 12 72 AA 97 0E D9
13:16:08.904 R 11F80F00 E1 FD 32 03 0F 8C 57 1F
13:16:08.905 R 11F80F00 E2 24 FF FF 0A 00 EA 4D
13:16:08.906 R 11F80F00 E3 09 FF FF 00 70 FF FF
13:16:08.910 R 0DF80501 00 2B 8D E4 50 4C 54 2E
13:16:08.911 R 0DF80501 01 18 00 F4 C8 36 45 66
13:16:08.912 R 0DF80501 02 4A 07 00 08 61 EF 4A
13:16:08.912 R 0DF80501 03 63 C1 00 00 2E 93 02
13:16:08.913 R 0DF80501 04 00 00 00 00 23 FC 17
13:16:08.914 R 0DF80501 05 36 00 FF 7F EE 11 00
13:16:08.914 R 0DF80501 06 00 00 FF FF FF FF FF
13:16:08.915 R 09F80101 F2 1F 50 1F 34 98 3E 03
13:16:08.915 R 0DF80901 E4 50 4C 54 2E 18 78 00
13:16:08.921 R 09FD02B1 FF 4D 02 05 6F FA FF FF
13:16:08.921 R 09FD02B1 FF 4D 02 05 6F FC FF FF
13:16:08.922 R 09FD02B1 FF 4E 02 95 81 F9 FF FF
13:16:08.951 R 1CFF7400 3B 9F FD 00 00 FF FF FF
13:16:08.984 R 11F80F00 00 1B 12 89 41 96 0E 7F
13:16:08.985 R 11F80F00 01 A0 44 03 E5 91 53 1F
13:16:08.985 R 11F80F00 02 26 E8 37 F1 00 06 00
13:16:08.986 R 11F80F00 03 0E FF FF 00 74 FF FF
13:16:09.010 R 09F80201 FF FC 00 00 02 00 FF FF
13:16:09.011 R 09F80101 F2 1F 50 1F 34 98 3E 03
13:16:09.082 R 0DF01001 FF FF E4 50 C4 59 2E 18
13:16:09.090 R 09FD02B1 FF 4B 02 08 6F FA FF FF
13:16:09.091 R 09FD02B1 FF 4B 02 08 6F FC FF FF
13:16:09.091 R 09FD02B1 FF 4D 02 9B 81 F9 FF FF
13:16:09.157 R 1CFF1A73 3B 9F 00 00 FF FF FF FF
13:16:09.158 R 09F50373 00 00 00 FF FF 00 FF FF
13:16:09.181 R 09F80101 F2 1F 50 1F 35 98 3E 03
13:16:09.189 R 09FD02B1 FF 4B 02 05 6F FA FF FF
13:16:09.190 R 09FD02B1 FF 4B 02 05 6F FC FF FF
13:16:09.191 R 09FD02B1 FF 4C 02 9B 81 F9 FF FF
13:16:09.217 R 11F80F00 20 1B 12 7C 13 8D 0E 7D
13:16:09.218 R 11F80F00 21 98 3E 03 BC 1F 50 1F
13:16:09.218 R 11F80F00 22 27 FF FF 00 00 00 00
13:16:09.219 R 11F80F00 23 20 FF FF 00 70 FE FF
13:16:09.252 R 09F11273 00 0E 20 FF 7F FF 7F FD
13:16:09.252 R 09F10D73 FF F8 FF FF AF F1 FF FF
13:16:09.253 R 1CFF4F73 3B 9F 00 FF FF 0E 20 FF
13:16:09.254 R 1DEFFF73 20 16 3B 9F F0 81 9C 81
13:16:09.254 R 1DEFFF73 21 17 EB 00 00 00 00 00
13:16:09.255 R 1DEFFF73 22 00 00 00 00 00 01 00
13:16:09.256 R 1DEFFF73 23 00 00 FF FF FF FF FF
13:16:09.282 R 09F80201 FF FC 00 00 02 00 FF FF
13:16:09.283 R 09F80101 F2 1F 50 1F 35 98 3E 03
13:16:09.284 R 0DF90B01 FF FC FB 01 02 00 FF FF
13:16:09.284 R 19F81401 C0 14 57 38 34 00 00 00
13:16:09.285 R 19F81401 C1 00 00 00 00 00 00 00
13:16:09.286 R 19F81401 C2 00 00 00 57 38 34 00
13:16:09.289 R 09FD02B1 FF 4A 02 02 6F FA FF FF
13:16:09.290 R 09FD02B1 FF 4A 02 02 6F FC FF FF
13:16:09.290 R 09FD02B1 FF 4C 02 9A 81 F9 FF FF
13:16:09.305 R 09F11273 00 0E 20 FF 7F FF 7F FD
13:16:09.305 R 09F10D73 FF F8 FF FF AF F1 FF FF
13:16:09.306 R 1CFF0873 3B 9F 00 00 14 00 FF FF
13:16:09.307 R 1CFF4F73 3B 9F 00 FF FF 0E 20 FF
13:16:09.308 R 1DEFFF73 40 16 3B 9F F0 81 84 86
13:16:09.309 R 1DEFFF73 41 97 88 40 00 EB 00 06
13:16:09.309 R 1DEFFF73 42 00 00 00 00 00 01 00
13:16:09.311 R 1DEFFF73 43 00 00 FF FF FF FF FF
13:16:09.374 R 11F80E00 E0 1C 01 B4 D6 95 0E 3D
13:16:09.374 R 11F80E00 E1 3F 3D 03 73 EE 4F 1F
13:16:09.375 R 11F80E00 E2 24 FF FF 00 00 8D 08
13:16:09.376 R 11F80E00 E3 08 FF FF FF 7F C0 F8
13:16:09.376 R 11F80E00 E4 FF FF FF FF FF FF FF
13:16:09.384 R 09F80101 F2 1F 50 1F 35 98 3E 03
13:16:09.388 R 09FD02B1 FF 49 02 FC 6E FA FF FF
13:16:09.389 R 09FD02B1 FF 49 02 FC 6E FC FF FF
13:16:09.390 R 09FD02B1 FF 4B 02 97 81 F9 FF FF
13:16:09.439 R 09F11273 00 0E 20 FF 7F FF 7F FD
13:16:09.439 R 09F10D73 FF F8 FF FF 00 F1 FF FF
13:16:09.440 R 1CFF0873 3B 9F 00 00 14 00 FF FF
13:16:09.441 R 1CFF4F73 3B 9F 00 FF FF 0E 20 FF
13:16:09.441 R 1DEFFF73 60 16 3B 9F F0 81 84 86
13:16:09.442 R 1DEFFF73 61 97 88 40 00 EA 00 06
13:16:09.442 R 1DEFFF73 62 B0 09 00 00 00 01 00
13:16:09.443 R 1DEFFF73 63 00 00 FF FF FF FF FF
13:16:09.470 R 19F51373 80 0E FF FF FF FF FF FF
13:16:09.471 R 19F51373 81 86 85 B0 00 00 00 00
13:16:09.471 R 19F51373 82 00 FF FF FF FF FF FF
13:16:09.472 R 1DFF6773 A0 0B 3B 9F 03 00 04 B4
13:16:09.473 R 1DFF6773 A1 6E 11 19 09 09 FF FF
13:16:09.473 R 1CFF0801 3B 9F FF 00 74 03 00 80
13:16:09.474 R 1DFF6773 C0 0B 3B 9F 03 02 04 B4
13:16:09.474 R 1DFF6773 C1 6E 11 19 09 09 FF FF
13:16:09.485 R 09F80201 FF FC 00 00 02 00 FF FF
13:16:09.485 R 0DFE1101 80 0E C0 89 00 00 02 00
13:16:09.486 R 0DFE1101 81 FF FF FF FF FB 01 02
13:16:09.487 R 0DFE1101 82 00 FF FF FF FF FF FF
13:16:09.488 R 09F80101 F2 1F 50 1F 35 98 3E 03
13:16:09.488 R 09FD02B1 FF 48 02 E6 6E FA FF FF
13:16:09.489 R 09FD02B1 FF 48 02 E6 6E FC FF FF
13:16:09.489 R 09FD02B1 FF 4A 02 7F 81 F9 FF FF
13:16:09.516 R 1CFFFF01 4F 9A 00 F5 FF FF FF FF
13:16:09.562 R 19FB1200 A0 23 18 D2 B6 8B 0E 24
13:16:09.562 R 19FB1200 A1 53 4D 54 46 2B 40 35
13:16:09.563 R 19FB1200 A2 50 48 35 36 31 37 40
13:16:09.563 R 19FB1200 A3 82 00 28 00 0A 00 50
13:16:09.564 R 19FB1200 A4 00 00 00 00 00 F3 E1
13:16:09.565 R 19FB1200 A5 FF FF FF FF FF FF FF
13:16:09.565 R 1DFF7700 A0 1C 3B 9F 18 D2 B6 8B
13:16:09.566 R 1DFF7700 A1 0E 01 24 53 4D 54 46
13:16:09.566 R 1DFF7700 A2 2B 40 35 50 48 35 36
13:16:09.567 R 1DFF7700 A3 31 37 40 C1 50 00 C1
13:16:09.567 R 1DFF7700 A4 FF FF FF FF FF FF FF
13:16:09.586 R 0DF90301 FF 7F FF FF FF 7F FF FF
13:16:09.587 R 09F80101 F2 1F 50 1F 35 98 3E 03
13:16:09.588 R 1DFFF001 80 0D 3B 9F 90 FF FF FF
13:16:09.588 R 09FD02B1 FF 47 02 BD 6E FA FF FF
13:16:09.589 R 09FD02B1 FF 47 02 BD 6E FC FF FF
13:16:09.589 R 1DFFF001 81 FF FF FF FF FF 54 01
13:16:09.590 R 09FD02B1 FF 49 02 59 81 F9 FF FF
13:16:09.686 R 09FD02B1 FF 46 02 9D 6E FA FF FF
13:16:09.687 R 09FD02B1 FF 46 02 9D 6E FC FF FF
13:16:09.688 R 09FD02B1 FF 48 02 3C 81 F9 FF FF
13:16:09.689 R 09F80201 FF FC 00 00 02 00 FF FF
13:16:09.690 R 09F80101 F2 1F 50 1F 36 98 3E 03
13:16:09.690 R 19FA0301 00 DB 36 00 4D 00 31 00
13:16:09.691 R 19FA0601 00 0F 8D 35 00 FF FF FF
13:16:09.692 R 19FA0601 01 FF FF FF FF FF FF FF
13:16:09.692 R 19FA0601 02 FF FF FF FF FF FF FF
13:16:09.693 R 19FA0B01 00 0F 8D D5 01 2E 00 1A
13:16:09.694 R 19FA0B01 01 00 00 00 2E 00 1A 00
13:16:09.694 R 19FA0B01 02 39 00 FF FF FF FF FF
13:16:09.696 R 11F80E00 00 1C 01 D9 88 94 0E 54
13:16:09.697 R 11F80E00 01 57 3D 03 66 55 4E 1F
13:16:09.697 R 11F80E00 02 27 FF FF 00 00 75 81
13:16:09.698 R 11F80E00 03 00 FF FF FF 7F C0 F8
13:16:09.698 R 11F80E00 04 FF FF FF FF FF FF FF
13:16:09.706 R 15FD0773 00 C0 53 7A FF 7F FF FF
13:16:09.723 R 11F80F00 40 1B 12 64 21 FF 0C 87
13:16:09.723 R 11F80F00 41 30 43 03 A2 1C 54 1F
13:16:09.724 R 11F80F00 42 24 D5 8B 57 00 AB 08
13:16:09.725 R 11F80F00 43 00 FF FF 00 70 FE FF
13:16:09.735 R 15FD0773 00 C0 53 7A FF 7F FF FF
13:16:09.771 R 1DEFFF73 E0 16 3B 9F F0 81 83 07
13:16:09.771 R 1DEFFF73 E1 00 00 00 00 00 80 00
13:16:09.772 R 1DEFFF73 E2 00 FF 00 00 00 01 00
13:16:09.773 R 1DEFFF73 E3 00 00 FF FF FF FF FF
13:16:09.786 R 09FD02B1 FF 46 02 9B 6E FA FF FF
13:16:09.787 R 09FD02B1 FF 46 02 9B 6E FC FF FF
13:16:09.787 R 09FD02B1 FF 48 02 3B 81 F9 FF FF
13:16:09.790 R 19FA0401 00 DB 8D FF 12 04 DD 08
13:16:09.791 R 19FA0401 01 2E 35 48 0D 00 00 00
13:16:09.792 R 19FA0401 02 00 F5 05 68 12 F1 CF
13:16:09.792 R 19FA0401 03 48 0D 00 00 00 00 F5
13:16:09.793 R 19FA0401 04 07 AE 2D 67 4E 10 0E
13:16:09.793 R 19FA0401 05 00 00 00 00 F5 09 0B
13:16:09.794 R 19FA0401 06 20 DC 35 3C 0F 00 00
13:16:09.795 R 19FA0401 07 00 00 F5 0B 45 1B E6
13:16:09.795 R 19FA0401 08 A0 AC 0D 00 00 00 00
13:16:09.796 R 19FA0401 09 F5 14 23 06 4E B3 74
13:16:09.797 R 19FA0401 0A 0E 00 00 00 00 F5 15
13:16:09.797 R 19FA0401 0B 45 2A B7 C5 3C 0F 00
13:16:09.798 R 19FA0401 0C 00 00 00 F5 1D 17 04
13:16:09.799 R 19FA0401 0D 1F D8 48 0D 00 00 00
13:16:09.799 R 19FA0401 0E 00 F5 1E 0B 20 DB 80
13:16:09.800 R 19FA0401 0F 1C 0C 00 00 00 00 F5
13:16:09.801 R 19FA0401 10 44 C5 22 16 31 10 0E
13:16:09.801 R 19FA0401 11 00 00 00 00 F5 45 A2
13:16:09.802 R 19FA0401 12 2B C2 D6 74 0E 00 00
13:16:09.803 R 19FA0401 13 00 00 F5 46 46 0C 9F
13:16:09.803 R 19FA0401 14 C1 74 0E 00 00 00 00
13:16:09.804 R 19FA0401 15 F5 31 74 14 66 7B AC
13:16:09.804 R 19FA0401 16 0D 00 00 00 00 F5 00
13:16:09.805 R 19FA0401 17 C5 31 DA AD 3C 0F 00
13:16:09.806 R 19FA0401 18 00 00 00 F5 00 AE 1E
13:16:09.806 R 11F80F00 60 1B 12 7E F9 9E 0C 2C
13:16:09.807 R 11F80F00 61 62 2D 03 29 5E 57 1F
13:16:09.807 R 11F80F00 62 27 DA BF B0 01 06 00
13:16:09.808 R 11F80F00 63 06 FF FF 00 74 FF FF
13:16:09.809 R 0DF50B73 00 E8 01 00 00 FF FF FF
13:16:09.809 R 19FA0401 19 CE AB AC 0D 00 00 00
13:16:09.810 R 19FA0401 1A 00 F5 00 22 24 20 AB
13:16:09.810 R 19FA0401 1B 1C 0C 00 00 00 00 F5
13:16:09.811 R 19FA0401 1C 00 BA 20 0B 2F 48 0D
13:16:09.812 R 19FA0401 1D 00 00 00 00 F5 00 8B
13:16:09.812 R 19FA0401 1E 36 22 33 AC 0D 00 00
13:16:09.813 R 19FA0401 1F 00 00 F5 FF FF FF FF
13:16:09.814 R 09F80101 F2 1F 50 1F 36 98 3E 03
13:16:09.814 R 19F11A01 FF FF FF FF FB 01 FF FF
13:16:09.815 R 1CFF1F01 3B 9F FF FB 01 FF FF FF
13:16:09.856 R 09F50373 00 00 00 FF FF 00 FF FF
13:16:09.885 R 09FD02B1 FF 45 02 B3 6E FA FF FF
13:16:09.887 R 09FD02B1 FF 45 02 B3 6E FC FF FF
13:16:09.888 R 09FD02B1 FF 47 02 50 81 F9 FF FF
13:16:09.891 R 09F80201 FF FC 00 00 02 00 FF FF
13:16:09.892 R 09F80101 F2 1F 50 1F 36 98 3E 03
13:16:09.894 R 1CFF1A73 3B 9F 00 00 FF FF FF FF
13:16:09.894 R 09F50373 00 00 00 FF FF 00 FF FF
13:16:09.985 R 09FD02B1 FF 45 02 C2 6E FA FF FF
13:16:09.985 R 09FD02B1 FF 45 02 C2 6E FC FF FF
13:16:09.986 R 09FD02B1 FF 47 02 61 81 F9 FF FF
13:16:09.992 R 0DF80501 20 2B 8E E4 50 5C 7B 2E
13:16:09.993 R 0DF80501 21 18 00 F4 C8 36 45 66
13:16:09.993 R 0DF80501 22 4A 07 00 9C 96 66 4B
13:16:09.994 R 0DF80501 23 63 C1 00 00 2E 93 02
13:16:09.995 R 0DF80501 24 00 00 00 00 23 FC 17
13:16:09.995 R 0DF80501 25 36 00 FF 7F EE 11 00
13:16:09.996 R 0DF80501 26 00 00 FF FF FF FF FF
13:16:09.997 R 09F80101 F2 1F 50 1F 36 98 3E 03
13:16:09.997 R 0DF80901 E4 50 5C 7B 2E 18 78 00
13:16:10.050 R 1DEFFF73 00 16 3B 9F F0 81 90 00
13:16:10.051 R 1DEFFF73 01 03 1A FB 01 03 00 00
13:16:10.051 R 1DEFFF73 02 00 FF 00 00 00 01 00
13:16:10.053 R 1DEFFF73 03 00 00 FF FF FF FF FF
13:16:10.084 R 09FD02B1 FF 44 02 B7 6E FA FF FF
13:16:10.085 R 09FD02B1 FF 44 02 B7 6E FC FF FF
13:16:10.085 R 09FD02B1 FF 46 02 57 81 F9 FF FF
13:16:10.088 R 09F11273 00 66 20 FF 7F FF 7F FD
13:16:10.089 R 09F10D73 FF F8 FF FF 00 F1 FF FF
13:16:10.089 R 1CFF4F73 3B 9F 00 FF FF 66 20 FF
13:16:10.090 R 1DEFFF73 20 16 3B 9F F0 81 9C C1
13:16:10.091 R 1DEFFF73 21 17 EA FB 01 03 00 00
13:16:10.091 R 1DEFFF73 22 00 FF 00 00 00 01 00
13:16:10.092 R 1DEFFF73 23 00 00 FF FF FF FF FF
13:16:10.093 R 09F80201 FF FC 00 00 02 00 FF FF
13:16:10.093 R 09F80101 F2 1F 50 1F 36 98 3E 03
13:16:10.075 R 0DF01001 FF FF E4 50 8E 80 2E 18
13:16:10.099 R 15FD0773 00 C0 53 7A FF 7F FF FF
13:16:10.133 R 1CFF4F73 3B 9F 00 FF FF 0E 20 FF
13:16:10.134 R 1DEFFF73 40 16 3B 9F F0 81 84 86
13:16:10.134 R 1DEFFF73 41 97 88 40 00 EA 00 06
13:16:10.135 R 1DEFFF73 42 00 FF 00 00 00 01 00
13:16:10.135 R 1DEFFF73 43 00 00 FF FF FF FF FF
13:16:10.136 R 09F11273 00 0E 20 FF 7F FF 7F FD
13:16:10.137 R 09F10D73 FF F8 FF FF 00 F1 FF FF
13:16:10.137 R 1CFF0873 3B 9F 00 00 14 00 FF FF
13:16:10.165 R 09FD02B1 FF 44 02 9A 6E FA FF FF
13:16:10.165 R 09FD02B1 FF 44 02 9A 6E FC FF FF
13:16:10.166 R 09FD02B1 FF 46 02 3A 81 F9 FF FF
13:16:10.175 R 09F80101 F2 1F 50 1F 37 98 3E 03
13:16:10.202 R 11F80F00 80 1B 12 7C 13 8D 0E 7D
13:16:10.203 R 11F80F00 81 98 3E 03 BC 1F 50 1F
13:16:10.203 R 11F80F00 82 2B FF FF 00 00 00 00
13:16:10.204 R 11F80F00 83 20 FF FF 00 70 FE FF
13:16:10.214 R 11F80F00 A0 1B 12 6C F1 9A 0C B0
13:16:10.215 R 11F80F00 A1 28 33 03 90 E5 4C 1F
13:16:10.215 R 11F80F00 A2 28 9B 60 FC 00 06 00
13:16:10.216 R 11F80F00 A3 0E FF FF 00 74 FF FF
13:16:10.224 R 15FD0773 00 C0 53 7A FF 7F FF FF
13:16:10.264 R 09FD02B1 FF 44 02 75 6E FA FF FF
13:16:10.265 R 09FD02B1 FF 44 02 75 6E FC FF FF
13:16:10.265 R 09FD02B1 FF 46 02 17 81 F9 FF FF
13:16:10.275 R 09F80201 FF FC 00 00 02 00 FF FF
13:16:10.276 R 09F80101 F2 1F 50 1F 37 98 3E 03
13:16:10.277 R 0DF90B01 FF FC FB 01 02 00 FF FF
13:16:10.363 R 09FD02B1 FF 44 02 5F 6E FA FF FF
13:16:10.365 R 09FD02B1 FF 44 02 5F 6E FC FF FF
13:16:10.366 R 09FD02B1 FF 46 02 00 81 F9 FF FF
13:16:10.376 R 09F80101 F2 1F 50 1F 37 98 3E 03
13:16:10.454 R 19F51373 60 0E FF FF FF FF FF FF
13:16:10.455 R 19F51373 61 86 85 B0 00 00 00 00
13:16:10.455 R 19F51373 62 00 FF FF FF FF FF FF
13:16:10.456 R 1DFF6773 80 0B 3B 9F 03 00 04 B4
13:16:10.457 R 1DFF6773 81 6E 11 19 09 09 FF FF
13:16:10.457 R 1DFF6773 A0 0B 3B 9F 03 02 04 B4
13:16:10.458 R 1DFF6773 A1 6E 11 19 09 09 FF FF
13:16:10.463 R 09FD02B1 FF 44 02 54 6E FA FF FF
13:16:10.463 R 09FD02B1 FF 44 02 54 6E FC FF FF
13:16:10.464 R 09FD02B1 FF 46 02 F5 80 F9 FF FF
13:16:10.477 R 09F80201 FF FC 00 00 02 00 FF FF
13:16:10.478 R 0DFE1101 A0 0E C0 8A 00 00 02 00
13:16:10.478 R 0DFE1101 A1 FF FF FF FF FB 01 02
13:16:10.479 R 0DFE1101 A2 00 FF FF FF FF FF FF
13:16:10.480 R 09F80101 F2 1F 50 1F 37 98 3E 03
13:16:10.512 R 1CFFF001 3B 9F 8C FF 0F 1B C6 6A
13:16:10.534 R 11F80E00 20 1C 01 1C 30 8B 0E 28
13:16:10.535 R 11F80E00 21 FB 2E 03 8E D6 49 1F
13:16:10.535 R 11F80E00 22 27 3D A1 AA 01 95 81
13:16:10.536 R 11F80E00 23 00 FF FF FF 7F C0 F8
13:16:10.536 R 11F80E00 24 FF FF FF FF FF FF FF
13:16:10.562 R 09FD02B1 FF 45 02 3E 6E FA FF FF
13:16:10.563 R 09FD02B1 FF 45 02 3E 6E FC FF FF
13:16:10.563 R 09FD02B1 FF 47 02 E0 80 F9 FF FF
13:16:10.578 R 0DF90301 FF 7F FF FF FF 7F FF FF
13:16:10.578 R 09F80101 F2 1F 50 1F 37 98 3E 03
13:16:10.579 R 1DFFF001 A0 0D 3B 9F 90 FF FF FF
13:16:10.580 R 1DFFF001 A1 FF FF FF FF FF 52 01
13:16:10.662 R 09FD02B1 FF 45 02 17 6E FA FF FF
13:16:10.662 R 09FD02B1 FF 45 02 17 6E FC FF FF
13:16:10.663 R 09FD02B1 FF 47 02 B9 80 F9 FF FF
13:16:10.679 R 09F80201 FF FC 00 00 02 00 FF FF
13:16:10.680 R 09F80101 F2 1F 50 1F 38 98 3E 03
13:16:10.681 R 19FA0301 00 DB 36 00 4D 00 31 00
13:16:10.681 R 19FA0601 20 0F 8E 35 00 FF FF FF
13:16:10.682 R 19FA0601 21 FF FF FF FF FF FF FF
13:16:10.683 R 19FA0601 22 FF FF FF FF FF FF FF
13:16:10.684 R 19FA0B01 20 0F 8E A1 01 2E 00 1A
13:16:10.684 R 19FA0B01 21 00 00 00 2E 00 1A 00
13:16:10.685 R 19FA0B01 22 39 00 FF FF FF FF FF
13:16:10.704 R 0DF50B73 00 E8 01 00 00 FF FF FF
13:16:10.722 R 11F80E00 40 1C 01 D7 AF 95 0E 9F
13:16:10.722 R 11F80E00 41 2C 3D 03 22 15 4F 1F
13:16:10.723 R 11F80E00 42 2B FF FF 19 00 9C 81
13:16:10.723 R 11F80E00 43 08 FF FF FF 7F C0 F8
13:16:10.724 R 11F80E00 44 FF FF FF FF FF FF FF
13:16:10.729 R 09F11273 00 0E 20 FF 7F FF 7F FD
13:16:10.730 R 09F10D73 FF F8 FF FF AF F1 FF FF
13:16:10.730 R 1CFF4F73 3B 9F 00 FF FF 0E 20 FF
13:16:10.731 R 1DEFFF73 C0 16 3B 9F F0 81 9C 81
13:16:10.732 R 1DEFFF73 C1 17 EB 00 05 67 EB F7
13:16:10.732 R 1DEFFF73 C2 FF FF 00 00 00 01 00
13:16:10.733 R 1DEFFF73 C3 00 00 FF FF FF FF FF
13:16:10.761 R 09FD02B1 FF 45 02 F2 6D FA FF FF
13:16:10.762 R 09FD02B1 FF 45 02 F2 6D FC FF FF
13:16:10.762 R 09FD02B1 FF 47 02 96 80 F9 FF FF
13:16:10.781 R 19FA0401 20 DB 8E FF 12 04 DD 08
13:16:10.782 R 19FA0401 21 2E 35 48 0D 00 00 00
13:16:10.782 R 19FA0401 22 00 F5 05 68 12 F1 CF
13:16:10.783 R 19FA0401 23 48 0D 00 00 00 00 F5
13:16:10.784 R 19FA0401 24 07 AE 2D 67 4E 10 0E
13:16:10.785 R 19FA0401 25 00 00 00 00 F5 09 0B
13:16:10.785 R 19FA0401 26 20 DC 35 3C 0F 00 00
13:16:10.786 R 19FA0401 27 00 00 F5 0B 45 1B E6
13:16:10.787 R 19FA0401 28 A0 48 0D 00 00 00 00
13:16:10.787 R 19FA0401 29 F5 14 23 06 4E B3 74
13:16:10.788 R 19FA0401 2A 0E 00 00 00 00 F5 15
13:16:10.789 R 19FA0401 2B 45 2A B7 C5 D8 0E 00
13:16:10.789 R 19FA0401 2C 00 00 00 F5 1D 17 04
13:16:10.790 R 19FA0401 2D 1F D8 AC 0D 00 00 00
13:16:10.791 R 19FA0401 2E 00 F5 1E 0B 20 DB 80
13:16:10.792 R 19FA0401 2F 1C 0C 00 00 00 00 F5
13:16:10.792 R 19FA0401 30 44 C5 22 16 31 10 0E
13:16:10.793 R 19FA0401 31 00 00 00 00 F5 45 A2
13:16:10.794 R 19FA0401 32 2B C2 D6 D8 0E 00 00
13:16:10.794 R 19FA0401 33 00 00 F5 46 46 0C 9F
13:16:10.795 R 19FA0401 34 C1 74 0E 00 00 00 00
13:16:10.796 R 19FA0401 35 F5 31 74 14 66 7B AC
13:16:10.797 R 19FA0401 36 0D 00 00 00 00 F5 00
13:16:10.797 R 19FA0401 37 C5 31 DA AD 3C 0F 00
13:16:10.798 R 19FA0401 38 00 00 00 F5 00 AE 1E
13:16:10.799 R 19FA0401 39 CE AB AC 0D 00 00 00
13:16:10.799 R 19FA0401 3A 00 F5 00 22 24 20 AB
13:16:10.800 R 19FA0401 3B 1C 0C 00 00 00 00 F5
13:16:10.801 R 19FA0401 3C 00 BA 20 0B 2F 48 0D
13:16:10.801 R 19FA0401 3D 00 00 00 00 F5 00 8B
13:16:10.802 R 19FA0401 3E 36 22 33 AC 0D 00 00
13:16:10.803 R 19FA0401 3F 00 00 F5 FF FF FF FF
13:16:10.804 R 09F80101 F2 1F 50 1F 38 98 3E 03
13:16:10.804 R 19F11A01 FF FF FF FF FB 01 FF FF
13:16:10.860 R 09FD02B1 FF 46 02 E0 6D FA FF FF
13:16:10.861 R 09FD02B1 FF 46 02 E0 6D FC FF FF
13:16:10.862 R 09FD02B1 FF 48 02 85 80 F9 FF FF
13:16:10.882 R 09F80201 FF FC 00 00 02 00 FF FF
13:16:10.883 R 09F80101 F2 1F 50 1F 38 98 3E 03
13:16:10.909 R 11F80E00 60 1C 01 65 13 95 0E 8D
13:16:10.910 R 11F80E00 61 91 3B 03 F0 E6 4B 1F
13:16:10.910 R 11F80E00 62 2B 79 45 00 00 A3 01
13:16:10.911 R 11F80E00 63 01 FF FF FF 7F C0 F8
13:16:10.911 R 11F80E00 64 FF FF FF FF FF FF FF
13:16:10.927 R 09F50373 00 00 00 FF FF 00 FF FF
13:16:10.960 R 09FD02B1 FF 46 02 D0 6D FA FF FF
13:16:10.961 R 09FD02B1 FF 46 02 D0 6D FC FF FF
13:16:10.961 R 09FD02B1 FF 48 02 76 80 F9 FF FF
13:16:10.963 R 11F80E00 80 1C 01 12 09 8C 0E A1
13:16:10.963 R 11F80E00 81 91 3A 03 8C 77 4B 1F
13:16:10.964 R 11F80E00 82 33 5A B2 00 00 D7 08
13:16:10.964 R 11F80E00 83 08 FF FF FF 7F CF F8
13:16:10.965 R 11F80E00 84 FF FF FF FF FF FF FF
13:16:10.965 R 1CFF1A73 3B 9F 00 00 FF FF FF FF
13:16:10.966 R 09F50373 00 00 00 FF FF 00 FF FF
13:16:10.984 R 0DF80501 40 2B 8F E4 50 B0 A4 2E
13:16:10.984 R 0DF80501 41 18 00 F4 C8 36 45 66
13:16:10.985 R 0DF80501 42 4A 07 00 30 CC DD 4B
13:16:10.986 R 0DF80501 43 63 C1 00 A0 B4 94 02
13:16:10.986 R 0DF80501 44 00 00 00 00 23 FC 17
13:16:10.987 R 0DF80501 45 36 00 FF 7F EE 11 00
13:16:10.988 R 0DF80501 46 00 00 FF FF FF FF FF
13:16:10.989 R 09F80101 F2 1F 50 1F 38 98 3E 03
13:16:10.989 R 0DF80901 E4 50 B0 A4 2E 18 78 00
13:16:11.001 R 15FD0773 00 C0 53 7A FF 7F FF FF
13:16:11.037 R 15FD0773 00 C0 53 7A FF 7F FF FF
13:16:11.059 R 09FD02B1 FF 47 02 B6 6D FA FF FF
13:16:11.060 R 09FD02B1 FF 47 02 B6 6D FC FF FF
13:16:11.060 R 09FD02B1 FF 49 02 5E 80 F9 FF FF
13:16:11.085 R 09F80201 FF FC 00 00 02 00 FF FF
13:16:11.085 R 09F80101 F2 1F 50 1F 38 98 3E 03
13:16:11.000 R 0DF01001 FF FF E4 50 B0 A4 2E 18
13:16:11.053 R 1DEFFF73 E0 16 3B 9F F0 81 90 00
13:16:11.054 R 1DEFFF73 E1 05 01 00 00 49 00 F7
13:16:11.054 R 1DEFFF73 E2 FF FF 00 00 00 01 00
13:16:11.055 R 1DEFFF73 E3 00 00 FF FF FF FF FF
13:16:11.073 R 09FD02B1 FF 48 02 9B 6D FA FF FF
13:16:11.073 R 09FD02B1 FF 48 02 9B 6D FC FF FF
13:16:11.074 R 09FD02B1 FF 4A 02 44 80 F9 FF FF
13:16:11.099 R 09F11273 00 0E 20 FF 7F FF 7F FD
13:16:11.099 R 09F10D73 FF F8 FF FF AF F1 FF FF
13:16:11.100 R 1CFF0873 3B 9F 00 00 14 00 FF FF
13:16:11.101 R 1CFF4F73 3B 9F 00 FF FF 0E 20 FF
13:16:11.101 R 09F80101 F2 1F 50 1F 39 98 3E 03
13:16:11.102 R 1DEFFF73 00 16 3B 9F F0 81 84 86
13:16:11.102 R 1DEFFF73 01 97 88 40 00 EB 00 06
13:16:11.103 R 1DEFFF73 02 FF FF 00 00 00 01 00
13:16:11.104 R 1DEFFF73 03 00 00 FF FF FF FF FF
13:16:11.121 R 11F80F00 C0 1B 12 7C 13 8D 0E 7D
13:16:11.121 R 11F80F00 C1 98 3E 03 BC 1F 50 1F
13:16:11.122 R 11F80F00 C2 2F FF FF 00 00 00 00
13:16:11.122 R 11F80F00 C3 20 FF FF 00 70 FE FF
13:16:11.172 R 09FD02B1 FF 48 02 82 6D FA FF FF
13:16:11.174 R 09FD02B1 FF 48 02 82 6D FC FF FF
13:16:11.175 R 09FD02B1 FF 4A 02 2B 80 F9 FF FF
13:16:11.202 R 09F80201 FF FC 00 00 02 00 FF FF
13:16:11.203 R 09F80101 F2 1F 50 1F 39 98 3E 03
13:16:11.204 R 0DF90B01 FF FC FB 01 02 00 FF FF
13:16:11.230 R 1DEFFF73 20 16 3B 9F F0 81 01 05
13:16:11.230 R 1DEFFF73 21 00 00 00 61 01 00 06
13:16:11.231 R 1DEFFF73 22 B0 09 00 00 00 01 00
13:16:11.232 R 1DEFFF73 23 00 00 FF FF FF FF FF
13:16:11.271 R 09FD02B1 FF 49 02 65 6D FA FF FF
13:16:11.272 R 09FD02B1 FF 49 02 65 6D FC FF FF
13:16:11.273 R 09FD02B1 FF 4B 02 10 80 F9 FF FF
13:16:11.279 R 19FB0200 40 4C 05 9E 84 8C 0E 00
13:16:11.279 R 19FB0200 41 00 00 00 50 48 39 39
13:16:11.280 R 19FB0200 42 36 37 40 42 4F 55 4E
13:16:11.280 R 19FB0200 43 54 59 40 40 40 40 40
13:16:11.281 R 19FB0200 44 40 40 40 40 40 40 40
13:16:11.282 R 19FB0200 45 40 40 45 68 01 46 00
13:16:11.282 R 19FB0200 46 1E 00 68 01 71 51 00
13:16:11.283 R 19FB0200 47 00 00 00 36 01 4C 45
13:16:11.283 R 19FB0200 48 4C 59 53 54 41 44 40
13:16:11.284 R 19FB0200 49 40 40 40 40 40 40 40
13:16:11.284 R 19FB0200 4A 40 40 40 40 3E E1 FF
13:16:11.303 R 09F80101 F2 1F 50 1F 39 98 3E 03
13:16:11.371 R 09FD02B1 FF 49 02 4B 6D FA FF FF
13:16:11.372 R 19F51373 40 0E FF FF FF FF FF FF
13:16:11.372 R 19F51373 41 86 85 B0 00 00 00 00
13:16:11.373 R 09FD02B1 FF 49 02 4B 6D FC FF FF
13:16:11.373 R 19F51373 42 00 FF FF FF FF FF FF
13:16:11.374 R 09FD02B1 FF 4B 02 F8 7F F9 FF FF
13:16:11.374 R 1DFF6773 60 0B 3B 9F 03 00 04 B4
13:16:11.375 R 1DFF6773 61 6E 11 19 09 09 FF FF
13:16:11.376 R 1DFF6773 80 0B 3B 9F 03 02 04 B4
13:16:11.378 R 1DFF6773 81 6E 11 19 09 09 FF FF
13:16:11.404 R 09F80201 FF FC 00 00 02 00 FF FF
13:16:11.405 R 0DFE1101 C0 0E C0 8B 00 00 02 00
13:16:11.406 R 0DFE1101 C1 FF FF FF FF FB 01 02
13:16:11.406 R 0DFE1101 C2 00 FF FF FF FF FF FF
13:16:11.407 R 09F80101 F2 1F 50 1F 39 98 3E 03
13:16:11.411 R 11F80E00 A0 1C 01 D4 45 8D 0E D7
13:16:11.412 R 11F80E00 A1 42 3B 03 D2 B9 4B 1F
13:16:11.413 R 11F80E00 A2 2F FF FF 00 00 7F 40
13:16:11.413 R 11F80E00 A3 01 CE 9C 00 00 C7 F8
13:16:11.414 R 11F80E00 A4 FF FF FF FF FF FF FF
13:16:11.414 R 11F80F00 E0 1B 12 50 EE 96 0C E9
13:16:11.415 R 11F80F00 E1 DB 34 03 E8 7D 4D 1F
13:16:11.415 R 11F80F00 E2 2F 7F 4F 81 01 06 00
13:16:11.416 R 11F80F00 E3 0E FF FF 00 74 FF FF
13:16:11.447 R 1CFFF001 3B 9F 8C FF 1B 1B 8D 6A
13:16:11.466 R 11F80F00 00 1B 12 68 4D 8B 0E 59
13:16:11.466 R 11F80F00 01 EA 42 03 24 60 61 1F
13:16:11.467 R 11F80F00 02 2C 9F EE DD 00 BB 01
13:16:11.467 R 11F80F00 03 01 FF FF 00 70 FE FF
13:16:11.470 R 09FD02B1 FF 49 02 2F 6D FA FF FF
13:16:11.471 R 09FD02B1 FF 49 02 2F 6D FC FF FF
13:16:11.471 R 09FD02B1 FF 4B 02 DC 7F F9 FF FF
13:16:11.505 R 0DF90301 FF 7F FF FF FF 7F FF FF
13:16:11.506 R 09F80101 F2 1F 50 1F 39 98 3E 03
13:16:11.507 R 1DFFF001 C0 0D 3B 9F 90 FF FF FF
13:16:11.508 R 1DFFF001 C1 FF FF FF FF FF 51 01
13:16:11.570 R 09FD02B1 FF 4A 02 0D 6D FA FF FF
13:16:11.572 R 09FD02B1 FF 4A 02 0D 6D FC FF FF
13:16:11.572 R 09FD02B1 FF 4C 02 BA 7F F9 FF FF
13:16:11.593 R 1DEFFF73 A0 16 3B 9F F0 81 9C C1
13:16:11.593 R 1DEFFF73 A1 17 EB 1D 28 2D 2D 00
13:16:11.594 R 1DEFFF73 A2 00 00 00 00 00 01 00
13:16:11.594 R 1DEFFF73 A3 00 00 FF FF FF FF FF
13:16:11.595 R 09F11273 00 66 20 FF 7F FF 7F FD
13:16:11.596 R 09F10D73 FF F8 FF FF AF F1 FF FF
13:16:11.596 R 1CFF4F73 3B 9F 00 FF FF 66 20 FF
13:16:11.607 R 09F80201 FF FC 00 00 02 00 FF FF
13:16:11.607 R 09F80101 F2 1F 50 1F 39 98 3E 03
13:16:11.608 R 19FA0301 00 DB 36 00 4D 00 31 00
13:16:11.609 R 19FA0601 40 0F 8F 35 00 FF FF FF
13:16:11.610 R 19FA0601 41 FF FF FF FF FF FF FF
13:16:11.610 R 19FA0601 42 FF FF FF FF FF FF FF
13:16:11.611 R 19FA0B01 40 0F 8F C3 01 2E 00 1A
13:16:11.612 R 19FA0B01 41 00 00 00 2E 00 1A 00
13:16:11.612 R 19FA0B01 42 39 00 FF FF FF FF FF
13:16:11.622 R 0DF50B73 00 E8 01 00 00 FF FF FF
13:16:11.626 R 11F80E00 C0 1C 03 50 53 8F 0E 25
13:16:11.626 R 11F80E00 C1 76 3B 03 B6 D4 4B 1F
13:16:11.627 R 11F80E00 C2 2D 41 ED 05 00 00 00
13:16:11.627 R 11F80E00 C3 08 7D 9D B6 00 C0 F8
13:16:11.628 R 11F80E00 C4 FF FF FF FF FF FF FF
13:16:11.629 R 11F80F00 20 1B 12 F2 E5 9D 0C AC
13:16:11.629 R 11F80F00 21 78 3C 03 21 2F 4D 1F
13:16:11.630 R 11F80F00 22 2F 9A 90 E7 00 06 00
13:16:11.630 R 11F80F00 23 06 FF FF 00 74 FF FF
13:16:11.669 R 09FD02B1 FF 4A 02 E6 6C FA FF FF
13:16:11.671 R 09FD02B1 FF 4A 02 E6 6C FC FF FF
13:16:11.672 R 09FD02B1 FF 4C 02 95 7F F9 FF FF
13:16:11.708 R 19FA0401 40 DB 8F FF 12 04 DD 08
13:16:11.709 R 19FA0401 41 2E 35 AC 0D 00 00 00
13:16:11.710 R 19FA0401 42 00 F5 05 68 12 F1 CF
13:16:11.710 R 19FA0401 43 48 0D 00 00 00 00 F5
13:16:11.711 R 19FA0401 44 07 AE 2D B9 4D AC 0D
13:16:11.712 R 19FA0401 45 00 00 00 00 F5 09 0B
13:16:11.713 R 19FA0401 46 20 DC 35 3C 0F 00 00
13:16:11.713 R 19FA0401 47 00 00 F5 0B 45 1B E6
13:16:11.714 R 19FA0401 48 A0 E4 0C 00 00 00 00
13:16:11.715 R 19FA0401 49 F5 14 23 06 4E B3 74
13:16:11.716 R 19FA0401 4A 0E 00 00 00 00 F5 15
13:16:11.716 R 19FA0401 4B 45 2A B7 C5 3C 0F 00
13:16:11.717 R 19FA0401 4C 00 00 00 F5 1D 17 04
13:16:11.718 R 19FA0401 4D 1F D8 AC 0D 00 00 00
13:16:11.718 R 19FA0401 4E 00 F5 1E 0B 20 DB 80
13:16:11.719 R 19FA0401 4F 80 0C 00 00 00 00 F5
13:16:11.720 R 19FA0401 50 44 C5 22 16 31 10 0E
13:16:11.720 R 19FA0401 51 00 00 00 00 F5 45 A2
13:16:11.721 R 19FA0401 52 2B C2 D6 D8 0E 00 00
13:16:11.722 R 19FA0401 53 00 00 F5 46 46 0C 9F
13:16:11.723 R 19FA0401 54 C1 74 0E 00 00 00 00
13:16:11.723 R 19FA0401 55 F5 31 74 14 66 7B 10
13:16:11.724 R 19FA0401 56 0E 00 00 00 00 F5 00
13:16:11.725 R 19FA0401 57 C5 31 DA AD 3C 0F 00
13:16:11.725 R 19FA0401 58 00 00 00 F5 00 AE 1E
13:16:11.726 R 19FA0401 59 CE AB 10 0E 00 00 00
13:16:11.727 R 19FA0401 5A 00 F5 00 22 24 20 AB
13:16:11.727 R 19FA0401 5B 80 0C 00 00 00 00 F5
13:16:11.728 R 19FA0401 5C 00 BA 20 0B 2F 48 0D
13:16:11.729 R 19FA0401 5D 00 00 00 00 F5 00 8B
13:16:11.730 R 19FA0401 5E 36 22 33 AC 0D 00 00
13:16:11.730 R 19FA0401 5F 00 00 F5 FF FF FF FF
13:16:11.731 R 09F80101 F2 1F 50 1F 3A 98 3E 03
13:16:11.732 R 19F11A01 FF FF FF FF FB 01 FF FF
13:16:11.769 R 09FD02B1 FF 4B 02 C8 6C FA FF FF
13:16:11.770 R 09FD02B1 FF 4B 02 C8 6C FC FF FF
13:16:11.771 R 09FD02B1 FF 4D 02 77 7F F9 FF FF
13:16:11.810 R 09F80201 FF FC 00 00 02 00 FF FF
13:16:11.810 R 09F80101 F2 1F 50 1F 3A 98 3E 03
13:16:11.868 R 09FD02B1 FF 4B 02 AB 6C FA FF FF
13:16:11.870 R 09FD02B1 FF 4B 02 AB 6C FC FF FF
13:16:11.871 R 09FD02B1 FF 4D 02 5A 7F F9 FF FF
13:16:11.911 R 0DF80501 60 2B 90 E4 50 7C C9 2E
13:16:11.912 R 0DF80501 61 18 00 F4 C8 36 45 66
13:16:11.912 R 0DF80501 62 4A 07 00 C4 01 55 4C
13:16:11.913 R 0DF80501 63 63 C1 00 A0 B4 94 02
13:16:11.914 R 0DF80501 64 00 00 00 00 23 FC 17
13:16:11.914 R 0DF80501 65 36 00 FF 7F EE 11 00
13:16:11.915 R 0DF80501 66 00 00 FF FF FF FF FF
13:16:11.916 R 09F80101 F2 1F 50 1F 3A 98 3E 03
13:16:11.916 R 0DF80901 E4 50 7C C9 2E 18 78 00
13:16:11.928 R 1CFF7400 3B 9F FD 00 00 FF FF FF
13:16:11.947 R 11F80E00 E0 1C 03 BC 0F 97 0E 67
13:16:11.947 R 11F80E00 E1 9F 43 03 C9 47 55 1F
13:16:11.948 R 11F80E00 E2 30 28 1F A0 01 F3 2C
13:16:11.949 R 11F80E00 E3 00 FF FF FF 7F C0 F8
13:16:11.949 R 11F80E00 E4 FF FF FF FF FF FF FF
13:16:11.966 R 09FD02B1 FF 4C 02 8D 6C FA FF FF
13:16:11.968 R 09FD02B1 FF 4C 02 8D 6C FC FF FF
13:16:11.970 R 09FD02B1 FF 4D 02 3C 7F F9 FF FF
13:16:11.974 R 11F80E00 00 1C 01 62 4C 96 0E 35
13:16:11.974 R 11F80E00 01 D3 38 03 FA C3 4B 1F
13:16:11.975 R 11F80E00 02 33 6C A0 53 01 E6 08
13:16:11.975 R 11F80E00 03 00 FF FF FF 7F CF F8
13:16:11.976 R 11F80E00 04 FF FF FF FF FF FF FF
13:16:11.980 R 09F50373 00 00 00 FF FF 00 FF FF
13:16:12.011 R 09F80201 FF FC 00 00 02 00 FF FF
13:16:12.012 R 09F80101 F2 1F 50 1F 3A 98 3E 03
13:16:12.085 R 0DF01001 FF FF E4 50 12 CF 2E 18
13:16:12.090 R 1CFF1A73 3B 9F 00 00 FF FF FF FF
13:16:12.091 R 09F50373 00 00 00 FF FF 00 FF FF
13:16:12.098 R 19FB1100 20 1B 18 16 2D 8B 0E 4F
13:16:12.099 R 19FB1100 21 55 57 45 20 52 45 55
13:16:12.099 R 19FB1100 22 53 20 33 40 40 40 40
13:16:12.100 R 19FB1100 23 40 40 40 40 40 E1 FF
13:16:12.100 R 1DFF7600 20 1C 3B 9F 18 16 2D 8B
13:16:12.101 R 1DFF7600 21 0E 00 4F 55 57 45 20
13:16:12.102 R 1DFF7600 22 52 45 55 53 20 33 40
13:16:12.102 R 1DFF7600 23 40 40 40 40 40 40 40
13:16:12.103 R 1DFF7600 24 40 FF FF FF FF FF FF
13:16:12.117 R 15FD0773 00 C0 53 7A FF 7F FF FF
13:16:12.139 R 09FD02B1 FF 4C 02 63 6C FA FF FF
13:16:12.141 R 09FD02B1 FF 4C 02 63 6C FC FF FF
13:16:12.141 R 09FD02B1 FF 4E 02 13 7F F9 FF FF
13:16:12.144 R 15FD0773 00 C0 53 7A FF 7F FF FF
13:16:12.182 R 1CFF4F73 3B 9F 00 FF FF 0E 20 FF
13:16:12.183 R 1DEFFF73 C0 16 3B 9F F0 81 84 86
13:16:12.183 R 1DEFFF73 C1 97 88 40 00 EB 00 06
13:16:12.184 R 1DEFFF73 C2 FF FF 00 00 00 01 00
13:16:12.184 R 1DEFFF73 C3 00 00 FF FF FF FF FF
13:16:12.185 R 09F80101 F2 1F 50 1F 3A 98 3E 03
13:16:12.186 R 09F11273 00 0E 20 FF 7F FF 7F FD
13:16:12.186 R 09F10D73 FF F8 FF FF AF F1 FF FF
13:16:12.187 R 1CFF0873 3B 9F 00 00 14 00 FF FF
13:16:12.197 R 11F80F00 40 1B 12 7C 13 8D 0E 7D
13:16:12.197 R 11F80F00 41 98 3E 03 BC 1F 50 1F
13:16:12.198 R 11F80F00 42 33 FF FF 00 00 00 00
13:16:12.199 R 11F80F00 43 20 FF FF 00 70 FE FF
13:16:12.212 R 1DEFFF73 E0 16 3B 9F F0 81 90 00
13:16:12.212 R 1DEFFF73 E1 03 88 40 00 EB 00 06
13:16:12.213 R 1DEFFF73 E2 B0 09 00 00 00 01 00
13:16:12.215 R 1DEFFF73 E3 00 00 FF FF FF FF FF
13:16:12.234 R 11F80E00 20 1C 01 6B 5A 8E 0E 77
13:16:12.235 R 11F80E00 21 69 33 03 5B 77 57 1F
13:16:12.235 R 11F80E00 22 33 4B 0A 7B 00 67 40
13:16:12.236 R 11F80E00 23 01 FF FF FF 7F C0 F8
13:16:12.236 R 11F80E00 24 FF FF FF FF FF FF FF
13:16:12.238 R 09FD02B1 FF 4C 02 34 6C FA FF FF
13:16:12.240 R 09FD02B1 FF 4C 02 34 6C FC FF FF
13:16:12.241 R 09FD02B1 FF 4E 02 13 7F F9 FF FF
13:16:12.286 R 09F80201 FF FC 00 00 02 00 FF FF
13:16:12.287 R 09F80101 F2 1F 50 1F 3B 98 3E 03
13:16:12.287 R 0DF90B01 FF FC FB 01 02 00 FF FF
13:16:12.289 R 11F80F00 60 1B 12 FF 0F 91 0E 1B
13:16:12.290 R 11F80F00 61 83 34 03 71 F3 51 1F
13:16:12.290 R 11F80F00 62 33 3E 56 A4 00 06 00
13:16:12.291 R 11F80F00 63 06 FF FF 00 5C FF FF
13:16:12.338 R 09FD02B1 FF 4D 02 05 6C FA FF FF
13:16:12.339 R 09FD02B1 FF 4D 02 05 6C FC FF FF
13:16:12.340 R 09FD02B1 FF 4F 02 E6 7E F9 FF FF
13:16:12.387 R 09F80101 F2 1F 50 1F 3B 98 3E 03
13:16:12.437 R 09FD02B1 FF 4D 02 05 6C FA FF FF
13:16:12.439 R 09FD02B1 FF 4D 02 05 6C FC FF FF
13:16:12.440 R 09FD02B1 FF 4F 02 B7 7E F9 FF FF
13:16:12.446 R 19F51373 00 0E FF FF FF FF FF FF
13:16:12.447 R 19F51373 01 86 85 B0 00 00 00 00
13:16:12.448 R 19F51373 02 00 FF FF FF FF FF FF
13:16:12.448 R 1DFF6773 20 0B 3B 9F 03 00 04 B4
13:16:12.449 R 1DFF6773 21 6E 11 19 09 09 FF FF
13:16:12.449 R 1DFF6773 40 0B 3B 9F 03 02 04 B4
13:16:12.450 R 1DFF6773 41 6E 11 19 09 09 FF FF
13:16:12.488 R 09F80201 FF FC 00 00 02 00 FF FF
13:16:12.489 R 0DFE1101 E0 0E C0 8C 00 00 02 00
13:16:12.490 R 0DFE1101 E1 FF FF FF FF FB 01 02
13:16:12.490 R 0DFE1101 E2 00 FF FF FF FF FF FF
13:16:12.491 R 09F80101 F2 1F 50 1F 3B 98 3E 03
13:16:12.518 R 1CFFF001 3B 9F 8C FF 1E 1B 82 6A
13:16:12.536 R 09FD02B1 FF 4D 02 A7 6B FA FF FF
13:16:12.538 R 09FD02B1 FF 4D 02 A7 6B FC FF FF
13:16:12.539 R 09FD02B1 FF 4F 02 87 7E F9 FF FF
13:16:12.554 R 11F80F00 80 1B 12 8C D4 91 0E F5
13:16:12.554 R 11F80F00 81 B9 31 03 7B F4 4B 1F
13:16:12.555 R 11F80F00 82 2C C4 79 2A 01 40 56
13:16:12.556 R 11F80F00 83 00 5A 79 00 00 FE FF
13:16:12.582 R 11F80E00 40 1C 01 1B E7 96 0E 04
13:16:12.583 R 11F80E00 41 AC 38 03 DD CE 50 1F
13:16:12.583 R 11F80E00 42 30 D9 E0 72 01 40 56
13:16:12.584 R 11F80E00 43 00 FF FF FF 7F C0 F8
13:16:12.585 R 11F80E00 44 FF FF FF FF FF FF FF
13:16:12.589 R 0DF90301 FF 7F FF FF FF 7F FF FF
13:16:12.590 R 09F80101 F2 1F 50 1F 3B 98 3E 03
13:16:12.591 R 1DFFF001 E0 0D 3B 9F 90 FF FF FF
13:16:12.592 R 1DFFF001 E1 FF FF FF FF FF 51 01
13:16:12.636 R 09FD02B1 FF 4E 02 82 6B FA FF FF
13:16:12.636 R 09FD02B1 FF 4E 02 82 6B FC FF FF
13:16:12.637 R 09FD02B1 FF 50 02 34 7E F9 FF FF
13:16:12.691 R 09F80201 FF FC 00 00 02 00 FF FF
13:16:12.692 R 09F80101 F2 1F 50 1F 3B 98 3E 03
13:16:12.692 R 19FA0301 00 DB 36 00 4D 00 31 00
13:16:12.693 R 19FA0601 60 0F 90 35 00 FF FF FF
13:16:12.694 R 19FA0601 61 FF FF FF FF FF FF FF
13:16:12.694 R 19FA0601 62 FF FF FF FF FF FF FF
13:16:12.695 R 19FA0B01 60 0F 90 DB 01 2E 00 18
13:16:12.696 R 19FA0B01 61 00 00 00 2E 00 18 00
13:16:12.697 R 19FA0B01 62 39 00 FF FF FF FF FF
13:16:12.735 R 09FD02B1 FF 4E 02 61 6B FA FF FF
13:16:12.736 R 09FD02B1 FF 4E 02 61 6B FC FF FF
13:16:12.736 R 09FD02B1 FF 50 02 34 7E F9 FF FF
13:16:12.769 R 1DEFFF73 60 16 3B 9F F0 81 9C C1
13:16:12.769 R 1DEFFF73 61 17 EB 45 05 67 EB F7
13:16:12.770 R 1DEFFF73 62 FF FF 00 00 00 01 00
13:16:12.771 R 1DEFFF73 63 00 00 FF FF FF FF FF
13:16:12.771 R 09F11273 00 66 20 FF 7F FF 7F FD
13:16:12.772 R 09F10D73 FF F8 FF FF AF F1 FF FF
13:16:12.772 R 1CFF4F73 3B 9F 00 FF FF 66 20 FF
13:16:12.775 R 11F80F00 A0 1B 12 2B FB 8C 0E 44
13:16:12.776 R 11F80F00 A1 98 34 03 A0 76 52 1F
13:16:12.776 R 11F80F00 A2 34 CD DE B9 00 06 00
13:16:12.777 R 11F80F00 A3 06 59 D3 00 74 FF FF
13:16:12.792 R 19FA0401 60 DB 90 FF 12 04 DD 08
13:16:12.793 R 19FA0401 61 2E 35 10 0E 00 00 00
13:16:12.794 R 19FA0401 62 00 F5 05 68 12 F1 CF
13:16:12.794 R 19FA0401 63 48 0D 00 00 00 00 F5
13:16:12.795 R 19FA0401 64 07 AE 2D B9 4D 48 0D
13:16:12.796 R 19FA0401 65 00 00 00 00 F5 09 5D
13:16:12.797 R 19FA0401 66 1F DC 35 3C 0F 00 00
13:16:12.797 R 19FA0401 67 00 00 F5 0B 45 1B 37
13:16:12.798 R 19FA0401 68 A0 48 0D 00 00 00 00
13:16:12.799 R 19FA0401 69 F5 14 23 06 4E B3 10
13:16:12.800 R 19FA0401 6A 0E 00 00 00 00 F5 15
13:16:12.800 R 19FA0401 6B 45 2A B7 C5 A0 0F 00
13:16:12.801 R 19FA0401 6C 00 00 00 F5 1D 17 04
13:16:12.802 R 19FA0401 6D 1F D8 AC 0D 00 00 00
13:16:12.802 R 19FA0401 6E 00 F5 1E 0B 20 DB 80
13:16:12.803 R 19FA0401 6F 80 0C 00 00 00 00 F5
13:16:12.804 R 19FA0401 70 44 C5 22 16 31 10 0E
13:16:12.805 R 19FA0401 71 00 00 00 00 F5 45 A2
13:16:12.805 R 19FA0401 72 2B C2 D6 D8 0E 00 00
13:16:12.806 R 19FA0401 73 00 00 F5 46 46 0C 9F
13:16:12.807 R 19FA0401 74 C1 74 0E 00 00 00 00
13:16:12.807 R 19FA0401 75 F5 31 74 14 66 7B 10
13:16:12.808 R 19FA0401 76 0E 00 00 00 00 F5 00
13:16:12.809 R 19FA0401 77 C5 31 DA AD 3C 0F 00
13:16:12.809 R 19FA0401 78 00 00 00 F5 00 AE 1E
13:16:12.810 R 19FA0401 79 CE AB 10 0E 00 00 00
13:16:12.811 R 19FA0401 7A 00 F5 00 22 24 20 AB
13:16:12.812 R 19FA0401 7B 1C 0C 00 00 00 00 F5
13:16:12.812 R 19FA0401 7C 00 BA 20 0B 2F 48 0D
13:16:12.813 R 19FA0401 7D 00 00 00 00 F5 00 8B
13:16:12.814 R 19FA0401 7E 36 22 33 AC 0D 00 00
13:16:12.814 R 19FA0401 7F 00 00 F5 FF FF FF FF
13:16:12.815 R 09F80101 F2 1F 50 1F 3B 98 3E 03
13:16:12.816 R 19F11A01 FF FF FF FF FB 01 FF FF
13:16:12.834 R 09FD02B1 FF 4E 02 61 6B FA FF FF
13:16:12.835 R 09F50373 00 00 00 FF FF 00 FF FF
13:16:12.836 R 09FD02B1 FF 4E 02 61 6B FC FF FF
13:16:12.836 R 09FD02B1 FF 50 02 13 7E F9 FF FF
13:16:12.870 R 1CFF1A73 3B 9F 00 00 FF FF FF FF
13:16:12.871 R 09F50373 00 00 00 FF FF 00 FF FF
13:16:12.894 R 09F80201 FF FC 00 00 02 00 FF FF
13:16:12.895 R 09F80101 F2 1F 50 1F 3C 98 3E 03
13:16:12.896 R 15FD0773 00 C0 53 7A FF 7F FF FF
13:16:12.931 R 15FD0773 00 C0 53 7A FF 7F FF FF
13:16:12.934 R 09FD02B1 FF 4E 02 38 6B FA FF FF
13:16:12.935 R 09FD02B1 FF 4E 02 38 6B FC FF FF
13:16:12.935 R 09FD02B1 FF 50 02 EB 7D F9 FF FF
13:16:12.956 R 11F80E00 60 1C 01 B3 39 95 0E 0D
13:16:12.957 R 11F80E00 61 76 31 03 65 89 4A 1F
13:16:12.958 R 11F80E00 62 35 3F 26 B5 01 F0 81
13:16:12.958 R 11F80E00 63 01 D0 24 00 00 C0 F8
13:16:12.959 R 11F80E00 64 FF FF FF FF FF FF FF
13:16:12.995 R 0DF80501 80 2B 91 E4 50 D0 F2 2E
13:16:12.996 R 0DF80501 81 18 00 F4 C8 36 45 66
13:16:12.997 R 0DF80501 82 4A 07 00 58 37 CC 4C
13:16:12.997 R 0DF80501 83 63 C1 00 40 3B 96 02
13:16:12.998 R 0DF80501 84 00 00 00 00 23 FC 17
13:16:12.999 R 0DF80501 85 36 00 FF 7F EE 11 00
13:16:13.000 R 0DF80501 86 00 00 FF FF FF FF FF
13:16:13.001 R 09F80101 F2 1F 50 1F 3C 98 3E 03
13:16:13.001 R 0DF80901 E4 50 D0 F2 2E 18 78 00
13:16:13.032 R 09FD02B1 FF 4F 02 0D 6B FA FF FF
13:16:13.033 R 09FD02B1 FF 4F 02 0D 6B FC FF FF
13:16:13.034 R 09FD02B1 FF 51 02 BE 7D F9 FF FF
13:16:13.037 R 11F80E00 80 1C 01 C9 D4 95 0E 60
13:16:13.037 R 11F80E00 81 3C 3D 03 72 F1 4F 1F
13:16:13.038 R 11F80E00 82 33 0A 53 00 00 40 56
13:16:13.038 R 11F80E00 83 00 FF FF FF 7F D0 F8
13:16:13.039 R 11F80E00 84 FF FF FF FF FF FF FF
13:16:13.063 R 11F80E00 A0 1C 01 90 73 8B 0E AD
13:16:13.064 R 11F80E00 A1 56 3D 03 DE 1D 4E 1F
13:16:13.064 R 11F80E00 A2 37 FF FF 00 00 3C 40
13:16:13.065 R 11F80E00 A3 01 FF FF FF 7F C0 F8
13:16:13.066 R 11F80E00 A4 FF FF FF FF FF FF FF
13:16:13.095 R 09F80201 FF FC 00 00 02 00 FF FF
13:16:13.096 R 09F80101 F2 1F 50 1F 3C 98 3E 03
13:16:13.000 R 0DF01001 FF FF E4 50 D0 F2 2E 18
13:16:13.035 R 09FD02B1 FF 4F 02 E6 6A FA FF FF
13:16:13.035 R 09FD02B1 FF 4F 02 E6 6A FC FF FF
13:16:13.036 R 09FD02B1 FF 51 02 98 7D F9 FF FF
13:16:13.100 R 09F80101 F2 1F 50 1F 3C 98 3E 03
13:16:13.103 R 11F80F00 C0 1B 12 7C 13 8D 0E 8D
13:16:13.104 R 11F80F00 C1 98 3E 03 BC 1F 50 1F
13:16:13.104 R 11F80F00 C2 37 FF FF 00 00 00 00
13:16:13.105 R 11F80F00 C3 20 FF FF 00 70 FE FF
13:16:13.106 R 1CFF4F73 3B 9F 00 FF FF 0E 20 FF
13:16:13.107 R 1DEFFF73 80 16 3B 9F F0 81 84 86
13:16:13.107 R 1DEFFF73 81 97 88 40 00 EB 00 06
13:16:13.108 R 1DEFFF73 82 FF FF 00 00 00 01 00
13:16:13.108 R 1DEFFF73 83 00 00 FF FF FF FF FF
13:16:13.110 R 09F11273 00 0E 20 FF 7F FF 7F FD
13:16:13.111 R 09F10D73 FF F8 FF FF AF F1 FF FF
13:16:13.111 R 1CFF0873 3B 9F 00 00 14 00 FF FF
13:16:13.126 R 11F80E00 C0 1C 03 E4 71 96 0E 98
13:16:13.127 R 11F80E00 C1 54 3D 03 59 28 4E 1F
13:16:13.127 R 11F80E00 C2 37 FF FF 00 00 03 2B
13:16:13.128 R 11F80E00 C3 08 FB EF 00 00 CF F8
13:16:13.129 R 11F80E00 C4 FF FF FF FF FF FF FF
13:16:13.134 R 09FD02B1 FF 4F 02 BF 6A FA FF FF
13:16:13.136 R 09FD02B1 FF 4F 02 BF 6A FC FF FF
13:16:13.137 R 09FD02B1 FF 51 02 81 7D F9 FF FF
13:16:13.182 R 11F80F00 E0 1B 12 A0 DD 8B 0E D3
13:16:13.183 R 11F80F00 E1 9D 3E 03 80 02 50 1F
13:16:13.183 R 11F80F00 E2 37 FF FF 00 00 06 00
13:16:13.184 R 11F80F00 E3 06 FF FF 00 74 FF FF
13:16:13.201 R 09F80201 FF FC 00 00 02 00 FF FF
13:16:13.202 R 09F80101 F2 1F 50 1F 3C 98 3E 03
13:16:13.203 R 0DF90B01 FF FC FB 01 02 00 FF FF
13:16:13.233 R 09FD02B1 FF 4F 02 BF 6A FA FF FF
13:16:13.234 R 09FD02B1 FF 4F 02 BF 6A FC FF FF
13:16:13.235 R 09FD02B1 FF 51 02 6D 7D F9 FF FF
13:16:13.302 R 09F80101 F2 1F 50 1F 3C 98 3E 03
13:16:13.333 R 09FD02B1 FF 4F 02 78 6A FA FF FF
13:16:13.335 R 09FD02B1 FF 4F 02 78 6A FC FF FF
13:16:13.336 R 09FD02B1 FF 51 02 25 7D F9 FF FF
13:16:13.352 R 19F51373 A0 0E FF FF FF FF FF FF
13:16:13.353 R 19F51373 A1 86 85 B0 00 00 00 00
13:16:13.353 R 19F51373 A2 00 FF FF FF FF FF FF
13:16:13.354 R 1DFF6773 C0 0B 3B 9F 03 00 04 B4
13:16:13.354 R 1DFF6773 C1 6E 11 19 09 09 FF FF
13:16:13.356 R 1DFF6773 E0 0B 3B 9F 03 02 04 B4
13:16:13.356 R 1DFF6773 E1 6E 11 19 09 09 FF FF
13:16:13.403 R 09F80201 FF FC 00 00 02 00 FF FF
13:16:13.404 R 0DFE1101 00 0E C0 8D 00 00 02 00
13:16:13.404 R 0DFE1101 01 FF FF FF FF FB 01 02
13:16:13.405 R 0DFE1101 02 00 FF FF FF FF FF FF
13:16:13.406 R 09F80101 F2 1F 50 1F 3D 98 3E 03
13:16:13.421 R 1CFFF001 3B 9F 8C FF 1E 1B 82 6A
13:16:13.422 R 19FB0200 60 4C 05 90 73 8B 0E 00
13:16:13.423 R 19FB0200 61 00 00 00 50 44 36 31
13:16:13.423 R 19FB0200 62 34 34 40 43 41 50 45
13:16:13.424 R 19FB0200 63 4C 4C 41 20 40 40 40
13:16:13.424 R 19FB0200 64 40 40 40 40 40 40 40
13:16:13.425 R 19FB0200 65 40 40 00 52 03 64 00
13:16:13.426 R 19FB0200 66 28 00 EE 02 86 51 80
13:16:13.426 R 19FB0200 67 5C 41 1E 18 01 49 4A
13:16:13.427 R 19FB0200 68 53 53 45 4C 4D 45 45
13:16:13.427 R 19FB0200 69 52 40 40 40 40 40 40
13:16:13.428 R 19FB0200 6A 40 40 40 40 3E E0 FF
13:16:13.432 R 09FD02B1 FF 4F 02 51 6A FA FF FF
13:16:13.434 R 09FD02B1 FF 4F 02 51 6A FC FF FF
13:16:13.435 R 09FD02B1 FF 51 02 25 7D F9 FF FF
13:16:13.448 R 11F80E00 E0 1C 01 80 8A 94 0E 65
13:16:13.448 R 11F80E00 E1 23 3B 03 FE AF 4B 1F
13:16:13.449 R 11F80E00 E2 35 20 9C 00 00 06 82
13:16:13.449 R 11F80E00 E3 08 14 9A 00 00 C0 F8
13:16:13.450 R 11F80E00 E4 FF FF FF FF FF FF FF
13:16:13.504 R 0DF90301 FF 7F FF FF FF 7F FF FF
13:16:13.505 R 09F80101 F2 1F 50 1F 3D 98 3E 03
13:16:13.506 R 1DFFF001 00 0D 3B 9F 90 FF FF FF
13:16:13.506 R 1DFFF001 01 FF FF FF FF FF 51 01
13:16:13.532 R 09FD02B1 FF 4F 02 51 6A FA FF FF
13:16:13.532 R 09FD02B1 FF 4F 02 51 6A FC FF FF
13:16:13.533 R 09FD02B1 FF 51 02 FA 7C F9 FF FF
13:16:13.606 R 09F80201 FF FC 00 00 02 00 FF FF
13:16:13.606 R 09F80101 F2 1F 50 1F 3D 98 3E 03
13:16:13.607 R 19FA0301 00 DB 36 00 4D 00 31 00
13:16:13.608 R 19FA0601 80 0F 91 35 00 FF FF FF
13:16:13.609 R 19FA0601 81 FF FF FF FF FF FF FF
13:16:13.609 R 19FA0601 82 FF FF FF FF FF FF FF
13:16:13.610 R 19FA0B01 80 0F 91 1B 02 2D 00 18
13:16:13.611 R 19FA0B01 81 00 00 00 2D 00 18 00
13:16:13.612 R 19FA0B01 82 39 00 FF FF FF FF FF
13:16:13.631 R 09FD02B1 FF 4E 02 30 6A FA FF FF
13:16:13.632 R 09FD02B1 FF 4E 02 30 6A FC FF FF
13:16:13.632 R 09FD02B1 FF 50 02 D9 7C F9 FF FF
13:16:13.672 R 1DEFFF73 00 16 3B 9F F0 81 9C C1
13:16:13.673 R 1DEFFF73 01 17 EB 45 05 67 EB F7
13:16:13.673 R 1DEFFF73 02 FF FF 00 00 00 01 00
13:16:13.674 R 1DEFFF73 03 00 00 FF FF FF FF FF
13:16:13.675 R 09F11273 00 66 20 FF 7F FF 7F FD
13:16:13.675 R 09F10D73 FF F8 FF FF AF F1 FF FF
13:16:13.676 R 1CFF4F73 3B 9F 00 FF FF 66 20 FF
13:16:13.707 R 19FA0401 80 DB 91 FF 12 04 DD 08
13:16:13.708 R 19FA0401 81 2E 35 AC 0D 00 00 00
13:16:13.709 R 19FA0401 82 00 F5 05 68 12 F1 CF
13:16:13.709 R 19FA0401 83 E4 0C 00 00 00 00 F5
13:16:13.710 R 19FA0401 84 07 AE 2D B9 4D AC 0D
13:16:13.711 R 19FA0401 85 00 00 00 00 F5 09 5D
13:16:13.712 R 19FA0401 86 1F DC 35 A0 0F 00 00
13:16:13.712 R 19FA0401 87 00 00 F5 0B 45 1B 37
13:16:13.713 R 19FA0401 88 A0 E4 0C 00 00 00 00
13:16:13.714 R 19FA0401 89 F5 14 23 06 4E B3 10
13:16:13.714 R 19FA0401 8A 0E 00 00 00 00 F5 15
13:16:13.715 R 19FA0401 8B 45 2A B7 C5 A0 0F 00
13:16:13.716 R 19FA0401 8C 00 00 00 F5 1D 17 04
13:16:13.716 R 19FA0401 8D 1F D8 AC 0D 00 00 00
13:16:13.717 R 19FA0401 8E 00 F5 1E 0B 20 DB 80
13:16:13.718 R 19FA0401 8F 80 0C 00 00 00 00 F5
13:16:13.718 R 19FA0401 90 44 C5 22 16 31 10 0E
13:16:13.719 R 19FA0401 91 00 00 00 00 F5 45 A2
13:16:13.720 R 19FA0401 92 2B C2 D6 D8 0E 00 00
13:16:13.720 R 19FA0401 93 00 00 F5 46 46 0C 9F
13:16:13.721 R 19FA0401 94 C1 74 0E 00 00 00 00
13:16:13.722 R 19FA0401 95 F5 31 74 14 66 7B 10
13:16:13.723 R 19FA0401 96 0E 00 00 00 00 F5 00
13:16:13.723 R 19FA0401 97 C5 31 DA AD 3C 0F 00
13:16:13.724 R 19FA0401 98 00 00 00 F5 00 AE 1E
13:16:13.725 R 19FA0401 99 CE AB 10 0E 00 00 00
13:16:13.725 R 19FA0401 9A 00 F5 00 22 24 20 AB
13:16:13.726 R 19FA0401 9B 1C 0C 00 00 00 00 F5
13:16:13.727 R 19FA0401 9C 00 BA 20 0B 2F 48 0D
13:16:13.727 R 19FA0401 9D 00 00 00 00 F5 00 8B
13:16:13.728 R 19FA0401 9E 36 22 33 AC 0D 00 00
13:16:13.729 R 19FA0401 9F 00 00 F5 FF FF FF FF
13:16:13.729 R 09F80101 F2 1F 50 1F 3D 98 3E 03
13:16:13.730 R 19F11A01 FF FF FF FF FB 01 FF FF
13:16:13.731 R 09FD02B1 FF 4F 02 28 6A FA FF FF
13:16:13.731 R 09FD02B1 FF 4F 02 28 6A FC FF FF
13:16:13.732 R 09FD02B1 FF 51 02 D0 7C F9 FF FF
13:16:13.742 R 09F50373 00 00 00 FF FF 00 FF FF
13:16:13.782 R 1CFF1A73 3B 9F 00 00 FF FF FF FF
13:16:13.782 R 09F50373 00 00 00 FF FF 00 FF FF
13:16:13.809 R 09F80201 FF FC 00 00 02 00 FF FF
13:16:13.810 R 09F80101 F2 1F 50 1F 3D 98 3E 03
13:16:13.830 R 09FD02B1 FF 4F 02 2D 6A FA FF FF
13:16:13.831 R 09FD02B1 FF 4F 02 2D 6A FC FF FF
13:16:13.831 R 09FD02B1 FF 51 02 D3 7C F9 FF FF
13:16:13.875 R 0DF50B73 00 EB 01 00 00 FF FF FF
13:16:13.910 R 0DF80501 A0 2B 92 E4 50 DC 18 2F
13:16:13.911 R 0DF80501 A1 18 00 F4 C8 36 45 66
13:16:13.912 R 0DF80501 A2 4A 07 00 22 D2 07 4D
13:16:13.912 R 0DF80501 A3 63 C1 00 E0 C1 97 02
13:16:13.913 R 0DF80501 A4 00 00 00 00 23 FC 17
13:16:13.914 R 0DF80501 A5 36 00 FF 7F EE 11 00
13:16:13.915 R 0DF80501 A6 00 00 FF FF FF FF FF
13:16:13.916 R 09F80101 F2 1F 50 1F 3E 98 3E 03
13:16:13.916 R 0DF80901 E4 50 C8 1D 2F 18 78 00
13:16:13.929 R 09FD02B1 FF 4F 02 29 6A FA FF FF
13:16:13.930 R 09FD02B1 FF 4F 02 29 6A FC FF FF
13:16:13.931 R 09FD02B1 FF 51 02 CC 7C F9 FF FF
13:16:13.948 R 15FD0773 00 C0 53 7A FF 7F FF FF
13:16:13.983 R 15FD0773 00 C0 53 7A FF 7F FF FF
13:16:14.017 R 09F80201 FF FC 00 00 02 00 FF FF
13:16:14.018 R 09F80101 F2 1F 50 1F 3E 98 3E 03
13:16:14.203 R 0DF01001 FF FF E4 50 CE 21 2F 18
13:16:14.213 R 09FD02B1 FF 4E 02 15 6A FA FF FF
13:16:14.215 R 09FD02B1 FF 4E 02 15 6A FC FF FF
13:16:14.215 R 09FD02B1 FF 50 02 B7 7C F9 FF FF
13:16:14.249 R 19FB1200 C0 23 18 93 4E 8B 0E 24
13:16:14.249 R 19FB1200 C1 53 4D 54 46 39 21 49
13:16:14.250 R 19FB1200 C2 50 44 39 31 30 38 40
13:16:14.251 R 19FB1200 C3 78 00 28 00 14 00 28
13:16:14.251 R 19FB1200 C4 00 00 00 00 00 03 E0
13:16:14.252 R 19FB1200 C5 FF FF FF FF FF FF FF
13:16:14.252 R 1DFF7700 C0 1C 3B 9F 18 93 4E 8B
13:16:14.253 R 1DFF7700 C1 0E 01 24 53 4D 54 46
13:16:14.253 R 1DFF7700 C2 39 21 49 50 44 39 31
13:16:14.254 R 1DFF7700 C3 30 38 40 82 80 80 C0
13:16:14.255 R 1DFF7700 C4 FF FF FF FF FF FF FF
13:16:14.292 R 11F80F00 00 1B 12 7C 13 8D 0E 8D
13:16:14.292 R 11F80F00 01 98 3E 03 AB 1F 50 1F
13:16:14.293 R 11F80F00 02 3B FF FF 00 00 00 00
13:16:14.293 R 11F80F00 03 20 FF FF 00 70 FE FF
13:16:14.303 R 09F80101 F2 1F 50 1F 3E 98 3E 03
13:16:14.312 R 09FD02B1 FF 4E 02 F7 69 FA FF FF
13:16:14.313 R 09FD02B1 FF 4E 02 F7 69 FC FF FF
13:16:14.313 R 09FD02B1 FF 50 02 97 7C F9 FF FF
13:16:14.322 R 1CFF4F73 3B 9F 00 FF FF 0E 20 FF
13:16:14.322 R 1DEFFF73 20 16 3B 9F F0 81 84 86
13:16:14.323 R 1DEFFF73 21 97 88 40 00 EB 00 06
13:16:14.323 R 1DEFFF73 22 00 00 00 00 00 01 00
13:16:14.324 R 1DEFFF73 23 00 00 FF FF FF FF FF
13:16:14.325 R 09F11273 00 0E 20 FF 7F FF 7F FD
13:16:14.325 R 09F10D73 FF F8 FF FF AF F1 FF FF
13:16:14.326 R 1CFF0873 3B 9F 00 00 14 00 FF FF
13:16:14.329 R 11F80E00 00 1C 01 FF 49 96 0E 90
13:16:14.329 R 11F80E00 01 D1 27 03 E0 0D 58 1F
13:16:14.330 R 11F80E00 02 3B 37 A9 1A 01 20 02
13:16:14.330 R 11F80E00 03 09 FF FF FF 7F C8 F8
13:16:14.331 R 11F80E00 04 FF FF FF FF FF FF FF
13:16:14.404 R 09F80201 FF FC 00 00 02 00 FF FF
13:16:14.405 R 09F80101 F2 1F 50 1F 3E 98 3E 03
13:16:14.406 R 0DF90B01 FF FC FB 01 02 00 FF FF
13:16:14.409 R 15FB0500 00 18 08 90 73 8B 0E 01
13:16:14.409 R 15FB0500 01 80 00 32 0A C3 2C F1
13:16:14.410 R 15FB0500 02 E3 7E 37 1A 90 B6 FA
13:16:14.410 R 15FB0500 03 50 23 0F 00 FF FF FF
13:16:14.412 R 09FD02B1 FF 4D 02 D4 69 FA FF FF
13:16:14.414 R 09FD02B1 FF 4D 02 D4 69 FC FF FF
13:16:14.414 R 09FD02B1 FF 4F 02 72 7C F9 FF FF
13:16:14.464 R 11F80F00 20 1B 12 D5 4E 8B 0E EB
13:16:14.465 R 11F80F00 21 61 3F 03 74 F8 51 1F
13:16:14.465 R 11F80F00 22 3B C6 10 06 01 06 00
13:16:14.466 R 11F80F00 23 06 FF FF 00 74 FF FF
13:16:14.483 R 1DEFFF73 40 16 3B 9F F0 81 90 00
13:16:14.484 R 1DEFFF73 41 03 88 40 00 EB 00 06
13:16:14.484 R 1DEFFF73 42 B0 09 00 00 00 01 00
13:16:14.485 R 1DEFFF73 43 00 00 FF FF FF FF FF
13:16:14.490 R 11F80F00 40 1B 12 53 E8 90 0E 4B
13:16:14.491 R 11F80F00 41 32 1D 03 97 A9 4D 1F
13:16:14.491 R 11F80F00 42 38 CB 0E E7 00 B8 C0
13:16:14.492 R 11F80F00 43 01 FF FF 00 70 FE FF
13:16:14.506 R 09F80101 F2 1F 50 1F 3E 98 3E 03
13:16:14.511 R 09FD02B1 FF 4C 02 B9 69 FA FF FF
13:16:14.512 R 09FD02B1 FF 4C 02 B9 69 FC FF FF
13:16:14.512 R 09FD02B1 FF 4E 02 54 7C F9 FF FF
13:16:14.539 R 19F51373 60 0E FF FF FF FF FF FF
13:16:14.540 R 19F51373 61 86 85 B0 00 00 00 00
13:16:14.541 R 19F51373 62 00 FF FF FF FF FF FF
13:16:14.541 R 1DFF6773 80 0B 3B 9F 03 00 04 B4
13:16:14.542 R 1DFF6773 81 6E 11 19 09 09 FF FF
13:16:14.542 R 1DFF6773 A0 0B 3B 9F 03 02 04 B4
13:16:14.543 R 1DFF6773 A1 6E 11 19 09 09 FF FF
13:16:14.607 R 09F80201 FF FC 00 00 02 00 FF FF
13:16:14.608 R 0DFE1101 20 0E C0 8E 00 00 02 00
13:16:14.609 R 0DFE1101 21 FF FF FF FF FB 01 02
13:16:14.610 R 0DFE1101 22 00 FF FF FF FF FF FF
13:16:14.611 R 09FD02B1 FF 4C 02 A9 69 FA FF FF
13:16:14.611 R 09F80101 F2 1F 50 1F 3E 98 3E 03
13:16:14.612 R 09FD02B1 FF 4C 02 A9 69 FC FF FF
13:16:14.612 R 09FD02B1 FF 4E 02 44 7C F9 FF FF
13:16:14.616 R 1CFFF001 3B 9F 8C FF 1E 1B 82 6A
13:16:14.704 R 11F80E00 20 1C 01 23 4B 96 0E D7
13:16:14.704 R 11F80E00 21 4A 29 03 9A 61 58 1F
13:16:14.705 R 11F80E00 22 3B CE B1 F1 00 2E 02
13:16:14.705 R 11F80E00 23 09 FF FF FF 7F C8 F8
13:16:14.706 R 11F80E00 24 FF FF FF FF FF FF FF
13:16:14.708 R 0DF90301 FF 7F FF FF FF 7F FF FF
13:16:14.709 R 09F80101 F2 1F 50 1F 3E 98 3E 03
13:16:14.709 R 1DFFF001 20 0D 3B 9F 90 FF FF FF
13:16:14.710 R 09FD02B1 FF 4B 02 A1 69 FA FF FF
13:16:14.711 R 09FD02B1 FF 4B 02 A1 69 FC FF FF
13:16:14.711 R 1DFFF001 21 FF FF FF FF FF 54 01
13:16:14.712 R 09FD02B1 FF 4D 02 3A 7C F9 FF FF
13:16:14.809 R 09FD02B1 FF 4A 02 90 69 FA FF FF
13:16:14.810 R 09F80201 FF FC 00 00 02 00 FF FF
13:16:14.810 R 09FD02B1 FF 4A 02 90 69 FC FF FF
13:16:14.811 R 09F80101 F2 1F 50 1F 3F 98 3E 03
13:16:14.812 R 09FD02B1 FF 4C 02 27 7C F9 FF FF
13:16:14.812 R 11F80E00 40 1C 03 50 53 8F 0E 57
13:16:14.813 R 11F80E00 41 76 3B 03 A5 D4 4B 1F
13:16:14.813 R 11F80E00 42 39 2E 08 05 00 80 0F
13:16:14.814 R 11F80E00 43 00 2B 9E DB 00 C0 F8
13:16:14.814 R 11F80E00 44 FF FF FF FF FF FF FF
13:16:14.815 R 19FA0301 00 DB 36 00 4D 00 31 00
13:16:14.816 R 19FA0601 A0 0F 92 35 00 FF FF FF
13:16:14.816 R 19FA0601 A1 FF FF FF FF FF FF FF
13:16:14.817 R 19FA0601 A2 FF FF FF FF FF FF FF
13:16:14.818 R 19FA0B01 A0 0F 92 C1 01 2D 00 18
13:16:14.818 R 19FA0B01 A1 00 00 00 2D 00 18 00
13:16:14.819 R 19FA0B01 A2 39 00 FF FF FF FF FF
13:16:14.836 R 1DEFFF73 C0 16 3B 9F F0 81 9C C1
13:16:14.837 R 1DEFFF73 C1 17 EB 01 FF 08 02 F7
13:16:14.838 R 1DEFFF73 C2 FF FF 00 00 00 01 00
13:16:14.839 R 1DEFFF73 C3 00 00 FF FF FF FF FF
13:16:14.839 R 09F11273 00 66 20 FF 7F FF 7F FD
13:16:14.840 R 09F10D73 FF F8 FF FF AF F1 FF FF
13:16:14.841 R 1CFF4F73 3B 9F 00 FF FF 66 20 FF
13:16:14.872 R 19FB0200 80 4C 05 C2 FB 95 0E 00
13:16:14.872 R 19FB0200 81 00 00 00 50 48 38 32
13:16:14.873 R 19FB0200 82 36 31 40 54 41 4C 45
13:16:14.873 R 19FB0200 83 52 4E 41 40 40 40 40
13:16:14.874 R 19FB0200 84 40 40 40 40 40 40 40
13:16:14.874 R 19FB0200 85 40 40 4F BC 02 50 00
13:16:14.875 R 19FB0200 86 1E 00 58 02 FF FF FF
13:16:14.876 R 19FB0200 87 FF FF FF 14 00 5A 57
13:16:14.876 R 19FB0200 88 4F 4C 4C 45 40 40 40
13:16:14.877 R 19FB0200 89 40 40 40 40 40 40 40
13:16:14.877 R 19FB0200 8A 40 40 40 40 3D E1 FF
13:16:14.882 R 0DF50B73 00 F1 01 00 00 FF FF FF
13:16:14.909 R 09FD02B1 FF 4A 02 73 69 FA FF FF
13:16:14.909 R 09FD02B1 FF 4A 02 73 69 FC FF FF
13:16:14.910 R 09FD02B1 FF 4C 02 09 7C F9 FF FF
13:16:14.911 R 19FA0401 A0 DB 92 FF 12 04 DD 08
13:16:14.911 R 19FA0401 A1 2E 35 AC 0D 00 00 00
13:16:14.912 R 19FA0401 A2 00 F5 05 68 12 F1 CF
13:16:14.912 R 19FA0401 A3 E4 0C 00 00 00 00 F5
13:16:14.913 R 19FA0401 A4 07 AE 2D B9 4D 10 0E
13:16:14.914 R 19FA0401 A5 00 00 00 00 F5 09 5D
13:16:14.914 R 19FA0401 A6 1F DC 35 A0 0F 00 00
13:16:14.915 R 19FA0401 A7 00 00 F5 0B 45 1B 37
13:16:14.916 R 19FA0401 A8 A0 48 0D 00 00 00 00
13:16:14.916 R 19FA0401 A9 F5 14 23 06 4E B3 10
13:16:14.917 R 19FA0401 AA 0E 00 00 00 00 F5 15
13:16:14.918 R 19FA0401 AB 45 2A B7 C5 3C 0F 00
13:16:14.918 R 19FA0401 AC 00 00 00 F5 1D 17 04
13:16:14.919 R 19FA0401 AD 1F D8 AC 0D 00 00 00
13:16:14.919 R 19FA0401 AE 00 F5 1E 0B 20 DB 80
13:16:14.920 R 19FA0401 AF E4 0C 00 00 00 00 F5
13:16:14.921 R 19FA0401 B0 44 C5 22 16 31 10 0E
13:16:14.921 R 19FA0401 B1 00 00 00 00 F5 45 A2
13:16:14.922 R 19FA0401 B2 2B C2 D6 D8 0E 00 00
13:16:14.923 R 19FA0401 B3 00 00 F5 46 46 0C 9F
13:16:14.923 R 19FA0401 B4 C1 74 0E 00 00 00 00
13:16:14.924 R 19FA0401 B5 F5 31 74 14 66 7B 10
13:16:14.925 R 19FA0401 B6 0E 00 00 00 00 F5 00
13:16:14.925 R 19FA0401 B7 C5 31 DA AD 3C 0F 00
13:16:14.926 R 19FA0401 B8 00 00 00 F5 00 AE 1E
13:16:14.927 R 19FA0401 B9 CE AB AC 0D 00 00 00
13:16:14.927 R 19FA0401 BA 00 F5 00 22 24 20 AB
13:16:14.928 R 09F50373 00 00 00 FF FF 00 FF FF
13:16:14.928 R 19FA0401 BB 1C 0C 00 00 00 00 F5
13:16:14.929 R 19FA0401 BC 00 BA 20 0B 2F 48 0D
13:16:14.930 R 19FA0401 BD 00 00 00 00 F5 00 8B
13:16:14.930 R 19FA0401 BE 36 22 33 AC 0D 00 00
13:16:14.931 R 19FA0401 BF 00 00 F5 FF FF FF FF
13:16:14.932 R 09F80101 F2 1F 50 1F 3F 98 3E 03
13:16:14.932 R 19F11A01 FF FF FF FF FB 01 FF FF
13:16:14.965 R 1CFF1A73 3B 9F 00 00 FF FF FF FF
13:16:14.966 R 09F50373 00 00 00 FF FF 00 FF FF
13:16:14.996 R 15FD0773 00 C0 53 7A FF 7F FF FF
13:16:15.008 R 09FD02B1 FF 48 02 4F 69 FA FF FF
13:16:15.009 R 09FD02B1 FF 48 02 4F 69 FC FF FF
13:16:15.009 R 09FD02B1 FF 4A 02 E7 7B F9 FF FF
13:16:15.012 R 09F80201 FF FC 00 00 02 00 FF FF
13:16:15.012 R 09F80101 F2 1F 50 1F 3F 98 3E 03
13:16:15.031 R 15FD0773 00 C0 53 7A FF 7F FF FF
13:16:15.100 R 1CFF7400 3B 9F FD 00 00 FF FF FF
13:16:15.108 R 09FD02B1 FF 47 02 35 69 FA FF FF
13:16:15.108 R 09FD02B1 FF 47 02 35 69 FC FF FF
13:16:15.109 R 09FD02B1 FF 49 02 CA 7B F9 FF FF
13:16:15.112 R 0DF80501 C0 2B 93 E4 50 F0 40 2F
13:16:15.113 R 0DF80501 C1 18 00 F4 C8 36 45 66
13:16:15.114 R 0DF80501 C2 4A 07 00 B6 07 7F 4D
13:16:15.114 R 0DF80501 C3 63 C1 00 E0 C1 97 02
13:16:15.115 R 0DF80501 C4 00 00 00 00 23 FC 17
13:16:15.116 R 0DF80501 C5 36 00 FF 7F EE 11 00
13:16:15.116 R 0DF80501 C6 00 00 FF FF FF FF FF
13:16:15.117 R 09F80101 F2 1F 50 1F 3F 98 3E 03
13:16:15.117 R 0DF80901 E4 50 F0 40 2F 18 78 00
13:16:15.206 R 09FD02B1 FF 46 02 24 69 FA FF FF
13:16:15.207 R 09FD02B1 FF 46 02 24 69 FC FF FF
13:16:15.207 R 09FD02B1 FF 48 02 B8 7B F9 FF FF
13:16:15.212 R 09F80201 FF FC 00 00 02 00 FF FF
13:16:15.213 R 09F80101 F2 1F 50 1F 3F 98 3E 03
13:16:15.199 R 0DF01001 FF FF E4 50 B6 48 2F 18
13:16:15.281 R 11F80F00 60 1B 12 7C 13 8D 0E 8D
13:16:15.281 R 11F80F00 61 98 3E 03 AB 1F 50 1F
13:16:15.282 R 11F80F00 62 3F FF FF 00 00 00 00
13:16:15.283 R 11F80F00 63 20 FF FF 00 70 FE FF
13:16:15.291 R 09FD02B1 FF 45 02 18 69 FA FF FF
13:16:15.292 R 09FD02B1 FF 45 02 18 69 FC FF FF
13:16:15.293 R 09FD02B1 FF 47 02 AD 7B F9 FF FF
13:16:15.299 R 09F80101 F2 1F 50 1F 3F 98 3E 03
13:16:15.330 R 15FB0500 20 18 08 9E 84 8C 0E 03
13:16:15.331 R 15FB0500 21 80 00 32 0A C3 2C 31
13:16:15.331 R 15FB0500 22 D7 4C 74 0B 40 83 07
13:16:15.332 R 15FB0500 23 E0 26 C0 00 FF FF FF
13:16:15.339 R 1CFF4F73 3B 9F 00 FF FF 0E 20 FF
13:16:15.339 R 1DEFFF73 E0 16 3B 9F F0 81 84 86
13:16:15.340 R 1DEFFF73 E1 97 88 40 00 EB 00 06
13:16:15.340 R 1DEFFF73 E2 FF FF 00 00 00 01 00
13:16:15.341 R 1DEFFF73 E3 00 00 FF FF FF FF FF
13:16:15.342 R 09F11273 00 0E 20 FF 7F FF 7F FD
13:16:15.342 R 09F10D73 FF F8 FF FF AF F1 FF FF
13:16:15.343 R 1CFF0873 3B 9F 00 00 14 00 FF FF
13:16:15.391 R 09FD02B1 FF 44 02 0E 69 FA FF FF
13:16:15.391 R 09FD02B1 FF 44 02 0E 69 FC FF FF
13:16:15.392 R 09FD02B1 FF 46 02 A1 7B F9 FF FF
13:16:15.400 R 09F80201 FF FC 00 00 02 00 FF FF
13:16:15.400 R 09F80101 F2 1F 50 1F 3F 98 3E 03
13:16:15.401 R 0DF90B01 FF FC FB 01 02 00 FF FF
13:16:15.490 R 09FD02B1 FF 43 02 F9 68 FA FF FF
13:16:15.491 R 09FD02B1 FF 43 02 F9 68 FC FF FF
13:16:15.491 R 09FD02B1 FF 45 02 8B 7B F9 FF FF
13:16:15.501 R 09F80101 F2 1F 50 1F 40 98 3E 03
13:16:15.528 R 19F51373 00 0E FF FF FF FF FF FF
13:16:15.528 R 19F51373 01 86 85 B0 00 00 00 00
13:16:15.529 R 19F51373 02 00 FF FF FF FF FF FF
13:16:15.530 R 1DFF6773 20 0B 3B 9F 03 00 04 B4
13:16:15.530 R 1DFF6773 21 6E 11 19 09 09 FF FF
13:16:15.531 R 1DFF6773 40 0B 3B 9F 03 02 04 B4
13:16:15.532 R 1DFF6773 41 6E 11 19 09 09 FF FF
13:16:15.590 R 09FD02B1 FF 42 02 D6 68 FA FF FF
13:16:15.590 R 09FD02B1 FF 42 02 D6 68 FC FF FF
13:16:15.591 R 09FD02B1 FF 44 02 6A 7B F9 FF FF
13:16:15.600 R 1CFFF001 3B 9F 8C FF 20 1B 76 6A
13:16:15.601 R 09F80201 FF FC 00 00 02 00 FF FF
13:16:15.602 R 0DFE1101 40 0E C0 8F 00 00 02 00
13:16:15.603 R 0DFE1101 41 FF FF FF FF FB 01 02
13:16:15.603 R 0DFE1101 42 00 FF FF FF FF FF FF
13:16:15.604 R 09F80101 F2 1F 50 1F 40 98 3E 03
13:16:15.689 R 09FD02B1 FF 41 02 B9 68 FA FF FF
13:16:15.690 R 09FD02B1 FF 41 02 B9 68 FC FF FF
13:16:15.690 R 09FD02B1 FF 43 02 4C 7B F9 FF FF
13:16:15.702 R 0DF90301 FF 7F FF FF FF 7F FF FF
13:16:15.703 R 09F80101 F2 1F 50 1F 40 98 3E 03
13:16:15.703 R 1DFFF001 40 0D 3B 9F 90 FF FF FF
13:16:15.704 R 1DFFF001 41 FF FF FF FF FF 56 01
13:16:15.788 R 09FD02B1 FF 40 02 AA 68 FA FF FF
13:16:15.789 R 09FD02B1 FF 40 02 AA 68 FC FF FF
13:16:15.790 R 09FD02B1 FF 42 02 3C 7B F9 FF FF
13:16:15.803 R 09F80201 FF FC 00 00 02 00 FF FF
13:16:15.804 R 09F80101 F2 1F 50 1F 40 98 3E 03
13:16:15.804 R 19FA0301 00 DB 36 00 4D 00 31 00
13:16:15.805 R 19FA0601 C0 0F 93 35 00 FF FF FF
13:16:15.806 R 19FA0601 C1 FF FF FF FF FF FF FF
13:16:15.806 R 19FA0601 C2 FF FF FF FF FF FF FF
13:16:15.807 R 19FA0B01 C0 0F 93 A5 01 2D 00 18
13:16:15.808 R 19FA0B01 C1 00 00 00 2D 00 18 00
13:16:15.808 R 19FA0B01 C2 39 00 FF FF FF FF FF
13:16:15.843 R 1DEFFF73 60 16 3B 9F F0 81 9C C1
13:16:15.843 R 1DEFFF73 61 17 EB 01 FF 08 02 F7
13:16:15.844 R 1DEFFF73 62 FF FF 00 00 00 01 00
13:16:15.846 R 1DEFFF73 63 00 00 FF FF FF FF FF
13:16:15.846 R 09F11273 00 66 20 FF 7F FF 7F FD
13:16:15.847 R 09F10D73 FF F8 FF FF AF F1 FF FF
13:16:15.848 R 1CFF4F73 3B 9F 00 FF FF 66 20 FF
13:16:15.870 R 0DF50B73 00 F4 01 00 00 FF FF FF
13:16:15.871 R 11F80E00 60 1C 01 31 B0 95 0E A3
13:16:15.871 R 11F80E00 61 89 45 03 F8 79 56 1F
13:16:15.872 R 11F80E00 62 43 5D 1F 8C 01 5A 02
13:16:15.873 R 11F80E00 63 01 FF FF FF 7F C0 F8
13:16:15.873 R 11F80E00 64 FF FF FF FF FF FF FF
13:16:15.888 R 09FD02B1 FF 3F 02 9D 68 FA FF FF
13:16:15.889 R 09FD02B1 FF 3F 02 9D 68 FC FF FF
13:16:15.889 R 09FD02B1 FF 41 02 2F 7B F9 FF FF
13:16:15.893 R 11F80E00 80 1C 01 18 E6 96 0E 11
13:16:15.894 R 11F80E00 81 26 3B 03 CD AC 4B 1F
13:16:15.894 R 11F80E00 82 3D 9F E5 00 00 B7 08
13:16:15.895 R 11F80E00 83 08 16 22 00 00 D0 F8
13:16:15.895 R 11F80E00 84 FF FF FF FF FF FF FF
13:16:15.904 R 19FA0401 C0 DB 93 FF 12 04 DD 08
13:16:15.905 R 19FA0401 C1 2E 35 48 0D 00 00 00
13:16:15.905 R 19FA0401 C2 00 F5 05 68 12 F1 CF
13:16:15.906 R 19FA0401 C3 48 0D 00 00 00 00 F5
13:16:15.907 R 19FA0401 C4 07 AE 2D B9 4D 10 0E
13:16:15.907 R 19FA0401 C5 00 00 00 00 F5 09 5D
13:16:15.908 R 19FA0401 C6 1F DC 35 A0 0F 00 00
13:16:15.908 R 19FA0401 C7 00 00 F5 0B 45 1B 37
13:16:15.909 R 19FA0401 C8 A0 48 0D 00 00 00 00
13:16:15.910 R 19FA0401 C9 F5 14 23 06 4E B3 AC
13:16:15.910 R 19FA0401 CA 0D 00 00 00 00 F5 15
13:16:15.911 R 19FA0401 CB 45 2A B7 C5 A0 0F 00
13:16:15.912 R 19FA0401 CC 00 00 00 F5 1D 17 04
13:16:15.912 R 19FA0401 CD 1F D8 AC 0D 00 00 00
13:16:15.913 R 19FA0401 CE 00 F5 1E 0B 20 DB 80
13:16:15.914 R 19FA0401 CF 80 0C 00 00 00 00 F5
13:16:15.914 R 19FA0401 D0 44 C5 22 16 31 10 0E
13:16:15.915 R 19FA0401 D1 00 00 00 00 F5 45 A2
13:16:15.915 R 19FA0401 D2 2B C2 D6 D8 0E 00 00
13:16:15.916 R 19FA0401 D3 00 00 F5 46 46 0C 9F
13:16:15.917 R 09F50373 00 00 00 FF FF 00 FF FF
13:16:15.917 R 19FA0401 D4 C1 D8 0E 00 00 00 00
13:16:15.918 R 19FA0401 D5 F5 31 74 14 66 7B 10
13:16:15.919 R 19FA0401 D6 0E 00 00 00 00 F5 00
13:16:15.919 R 19FA0401 D7 C5 31 DA AD 3C 0F 00
13:16:15.920 R 19FA0401 D8 00 00 00 F5 00 AE 1E
13:16:15.920 R 19FA0401 D9 CE AB AC 0D 00 00 00
13:16:15.921 R 19FA0401 DA 00 F5 00 51 1D 7D 8E
13:16:15.922 R 19FA0401 DB B8 0B 00 00 00 00 F5
13:16:15.922 R 19FA0401 DC 00 BA 20 0B 2F 48 0D
13:16:15.923 R 19FA0401 DD 00 00 00 00 F5 00 8B
13:16:15.924 R 19FA0401 DE 36 22 33 AC 0D 00 00
13:16:15.924 R 19FA0401 DF 00 00 F5 FF FF FF FF
13:16:15.925 R 09F80101 F2 1F 50 1F 40 98 3E 03
13:16:15.926 R 19F11A01 FF FF FF FF FB 01 FF FF
13:16:15.954 R 1CFF1A73 3B 9F 00 00 FF FF FF FF
13:16:15.955 R 09F50373 00 00 00 FF FF 00 FF FF
13:16:15.981 R 15FD0773 00 C0 53 7A FF 7F FF FF
13:16:15.987 R 09FD02B1 FF 3E 02 84 68 FA FF FF
13:16:15.988 R 09FD02B1 FF 3E 02 84 68 FC FF FF
13:16:15.988 R 09FD02B1 FF 40 02 18 7B F9 FF FF
13:16:16.005 R 09F80201 FF FC 00 00 02 00 FF FF
13:16:16.006 R 09F80101 F2 1F 50 1F 40 98 3E 03
13:16:16.016 R 15FD0773 00 C0 53 7A FF 7F FF FF
13:16:16.027 R 11F80E00 A0 1C 01 90 2A 8B 0E A7
13:16:16.028 R 11F80E00 A1 7C 3B 03 A2 DA 4B 1F
13:16:16.028 R 11F80E00 A2 43 FF FF 05 00 C1 C0
13:16:16.029 R 11F80E00 A3 08 FF FF FF 7F C0 F8
13:16:16.029 R 11F80E00 A4 FF FF FF FF FF FF FF
13:16:16.087 R 09FD02B1 FF 3D 02 60 68 FA FF FF
13:16:16.088 R 09FD02B1 FF 3D 02 60 68 FC FF FF
13:16:16.089 R 09FD02B1 FF 3F 02 F3 7A F9 FF FF
13:16:16.106 R 0DF80501 E0 2B 94 E4 50 E8 6B 2F
13:16:16.107 R 0DF80501 E1 18 00 F4 C8 36 45 66
13:16:16.108 R 0DF80501 E2 4A 07 00 4A 3D F6 4D
13:16:16.108 R 0DF80501 E3 63 C1 00 80 48 99 02
13:16:16.109 R 0DF80501 E4 00 00 00 00 23 FC 17
13:16:16.110 R 0DF80501 E5 36 00 FF 7F EE 11 00
13:16:16.110 R 0DF80501 E6 00 00 FF FF FF FF FF
13:16:16.111 R 09F80101 F2 1F 50 1F 41 98 3E 03
13:16:16.111 R 0DF80901 E4 50 E8 6B 2F 18 78 00
13:16:16.185 R 09FD02B1 FF 3C 02 3E 68 FA FF FF
13:16:16.186 R 09FD02B1 FF 3C 02 3E 68 FC FF FF
13:16:16.186 R 09FD02B1 FF 3E 02 D1 7A F9 FF FF
13:16:16.207 R 09F80201 FF FC 00 00 02 00 FF FF
13:16:16.207 R 09F80101 F2 1F 50 1F 41 98 3E 03
13:16:16.100 R 0DF01001 FF FF E4 50 E8 6B 2F 18
13:16:16.176 R 11F80F00 80 1B 12 7C 13 8D 0E 8D
13:16:16.177 R 09FD02B1 FF 3B 02 2A 68 FA FF FF
13:16:16.177 R 09FD02B1 FF 3B 02 2A 68 FC FF FF
13:16:16.178 R 11F80F00 81 98 3E 03 AB 1F 50 1F
13:16:16.179 R 09FD02B1 FF 3D 02 BD 7A F9 FF FF
13:16:16.179 R 11F80F00 82 43 FF FF 00 00 00 00
13:16:16.180 R 11F80F00 83 20 FF FF 00 70 FE FF
13:16:16.200 R 09F80101 F2 1F 50 1F 41 98 3E 03
13:16:16.263 R 1CFF4F73 3B 9F 00 FF FF 0E 20 FF
13:16:16.263 R 1DEFFF73 80 16 3B 9F F0 81 84 86
13:16:16.264 R 1DEFFF73 81 97 88 40 00 EA 00 06
13:16:16.265 R 1DEFFF73 82 FF FF 00 00 00 01 00
13:16:16.265 R 1DEFFF73 83 00 00 FF FF FF FF FF
13:16:16.266 R 09F11273 00 0E 20 FF 7F FF 7F FD
13:16:16.266 R 09F10D73 FF F8 FF FF 00 F1 FF FF
13:16:16.267 R 11F80E00 C0 1C 01 C7 44 98 0E 2F
13:16:16.268 R 11F80E00 C1 52 3D 03 98 3C 4E 1F
13:16:16.268 R 11F80E00 C2 47 A7 71 57 00 6D 02
13:16:16.269 R 11F80E00 C3 09 FF FF FF 7F C0 F8
13:16:16.269 R 11F80E00 C4 FF FF FF FF FF FF FF
13:16:16.270 R 1CFF0873 3B 9F 00 00 14 00 FF FF
13:16:16.276 R 09FD02B1 FF 3A 02 21 68 FA FF FF
13:16:16.277 R 09FD02B1 FF 3A 02 21 68 FC FF FF
13:16:16.277 R 09FD02B1 FF 3C 02 B5 7A F9 FF FF
13:16:16.301 R 09F80201 FF FC 00 00 02 00 FF FF
13:16:16.301 R 09F80101 F2 1F 50 1F 41 98 3E 03
13:16:16.302 R 0DF90B01 FF FC FB 01 02 00 FF FF
13:16:16.375 R 09FD02B1 FF 39 02 1A 68 FA FF FF
13:16:16.377 R 09FD02B1 FF 39 02 1A 68 FC FF FF
13:16:16.378 R 09FD02B1 FF 3B 02 AF 7A F9 FF FF
13:16:16.402 R 09F80101 F1 1F 50 1F 41 98 3E 03
13:16:16.422 R 19F51373 A0 0E FF FF FF FF FF FF
13:16:16.423 R 19F51373 A1 86 85 B0 00 00 00 00
13:16:16.423 R 19F51373 A2 00 FF FF FF FF FF FF
13:16:16.424 R 1DFF6773 C0 0B 3B 9F 03 00 04 B4
13:16:16.425 R 1DFF6773 C1 6E 11 19 09 09 FF FF
13:16:16.426 R 1DFF6773 E0 0B 3B 9F 03 02 04 B4
13:16:16.427 R 1DFF6773 E1 6E 11 19 09 09 FF FF
13:16:16.475 R 09FD02B1 FF 39 02 0D 68 FA FF FF
13:16:16.475 R 09FD02B1 FF 39 02 0D 68 FC FF FF
13:16:16.476 R 09FD02B1 FF 3B 02 A1 7A F9 FF FF
13:16:16.503 R 09F80201 FF FC 00 00 02 00 FF FF
13:16:16.504 R 0DFE1101 60 0E C0 90 00 00 02 00
13:16:16.505 R 0DFE1101 61 FF FF FF FF FB 01 02
13:16:16.505 R 0DFE1101 62 00 FF FF FF FF FF FF
13:16:16.506 R 09F80101 F1 1F 50 1F 41 98 3E 03
13:16:16.512 R 1CFFF001 3B 9F 8C FF 27 1B 54 6A
13:16:16.574 R 09FD02B1 FF 38 02 FA 67 FA FF FF
13:16:16.575 R 09FD02B1 FF 38 02 FA 67 FC FF FF
13:16:16.575 R 09FD02B1 FF 3A 02 90 7A F9 FF FF
13:16:16.586 R 1DEFFF73 00 16 3B 9F F0 81 90 00
13:16:16.587 R 1DEFFF73 01 03 00 FB 01 03 00 06
13:16:16.587 R 1DEFFF73 02 B0 09 00 00 00 01 00
13:16:16.588 R 1DEFFF73 03 00 00 FF FF FF FF FF
13:16:16.604 R 0DF90301 FF 7F FF FF FF 7F FF FF
13:16:16.605 R 09F80101 F1 1F 50 1F 41 98 3E 03
13:16:16.606 R 1DFFF001 60 0D 3B 9F 90 FF FF FF
13:16:16.606 R 1DFFF001 61 FF FF FF FF FF 56 01
13:16:16.615 R 11F80F00 A0 1B 12 EC 73 8B 0E 45
13:16:16.616 R 11F80F00 A1 8B 3E 03 DF 0E 50 1F
13:16:16.616 R 11F80F00 A2 43 FF FF 00 00 8A 4E
13:16:16.617 R 11F80F00 A3 01 FF FF 00 70 FF FF
13:16:16.669 R 11F80E00 E0 1C 01 20 38 95 0E FB
13:16:16.669 R 11F80E00 E1 25 3D 03 B3 A9 4F 1F
13:16:16.670 R 11F80E00 E2 43 FF FF 00 00 B3 08
13:16:16.670 R 11F80E00 E3 00 FF FF FF 7F D0 F8
13:16:16.671 R 11F80E00 E4 FF FF FF FF FF FF FF
13:16:16.674 R 09FD02B1 FF 37 02 EC 67 FA FF FF
13:16:16.675 R 09FD02B1 FF 37 02 EC 67 FC FF FF
13:16:16.676 R 09FD02B1 FF 39 02 84 7A F9 FF FF
13:16:16.677 R 0DF50B73 00 F1 01 00 00 FF FF FF
13:16:16.706 R 09F80201 FF FC 00 00 02 00 FF FF
13:16:16.707 R 09F80101 F1 1F 50 1F 41 98 3E 03
13:16:16.707 R 19FA0301 00 DB 39 00 4F 00 33 00
13:16:16.708 R 19FA0601 E0 0F 94 35 00 FF FF FF
13:16:16.709 R 19FA0601 E1 FF FF FF FF FF FF FF
13:16:16.710 R 19FA0601 E2 FF FF FF FF FF FF FF
13:16:16.710 R 19FA0B01 E0 0F 94 91 01 2D 00 18
13:16:16.711 R 19FA0B01 E1 00 00 00 2D 00 18 00
13:16:16.712 R 19FA0B01 E2 39 00 FF FF FF FF FF
13:16:16.766 R 09F11273 00 66 20 FF 7F FF 7F FD
13:16:16.767 R 09F10D73 FF F8 FF FF AF F1 FF FF
13:16:16.767 R 1CFF4F73 3B 9F 00 FF FF 66 20 FF
13:16:16.768 R 1DEFFF73 20 16 3B 9F F0 81 9C C1
13:16:16.768 R 1DEFFF73 21 17 EB 00 01 03 00 06
13:16:16.769 R 1DEFFF73 22 B0 09 00 00 00 01 00
13:16:16.770 R 1DEFFF73 23 00 00 FF FF FF FF FF
13:16:16.773 R 09FD02B1 FF 37 02 E4 67 FA FF FF
13:16:16.774 R 09FD02B1 FF 37 02 E4 67 FC FF FF
13:16:16.774 R 09FD02B1 FF 39 02 7B 7A F9 FF FF
13:16:16.808 R 19FA0401 E0 DB 94 FF 12 04 DD 08
13:16:16.808 R 19FA0401 E1 2E 35 48 0D 00 00 00
13:16:16.809 R 19FA0401 E2 00 F5 05 68 12 F1 CF
13:16:16.810 R 19FA0401 E3 AC 0D 00 00 00 00 F5
13:16:16.811 R 19FA0401 E4 07 AE 2D B9 4D AC 0D
13:16:16.811 R 19FA0401 E5 00 00 00 00 F5 09 5D
13:16:16.812 R 19FA0401 E6 1F DC 35 74 0E 00 00
13:16:16.813 R 19FA0401 E7 00 00 F5 0B 45 1B 37
13:16:16.813 R 19FA0401 E8 A0 80 0C 00 00 00 00
13:16:16.814 R 19FA0401 E9 F5 10 8B 09 DD 17 F0
13:16:16.815 R 19FA0401 EA 0A 00 00 00 00 F5 14
13:16:16.815 R 19FA0401 EB 23 06 4E B3 AC 0D 00
13:16:16.816 R 19FA0401 EC 00 00 00 F5 15 45 2A
13:16:16.817 R 19FA0401 ED B7 C5 04 10 00 00 00
13:16:16.818 R 19FA0401 EE 00 F5 1D 17 04 1F D8
13:16:16.818 R 19FA0401 EF AC 0D 00 00 00 00 F5
13:16:16.819 R 19FA0401 F0 1E 0B 20 DB 80 80 0C
13:16:16.820 R 19FA0401 F1 00 00 00 00 F5 44 C5
13:16:16.820 R 19FA0401 F2 22 16 31 10 0E 00 00
13:16:16.821 R 19FA0401 F3 00 00 F5 45 A2 2B C2
13:16:16.822 R 19FA0401 F4 D6 3C 0F 00 00 00 00
13:16:16.822 R 19FA0401 F5 F5 46 46 0C 9F C1 D8
13:16:16.823 R 19FA0401 F6 0E 00 00 00 00 F5 31
13:16:16.824 R 19FA0401 F7 74 14 66 7B 10 0E 00
13:16:16.825 R 19FA0401 F8 00 00 00 F5 00 C5 31
13:16:16.825 R 19FA0401 F9 DA AD 3C 0F 00 00 00
13:16:16.826 R 19FA0401 FA 00 F5 00 AE 1E CE AB
13:16:16.827 R 19FA0401 FB AC 0D 00 00 00 00 F5
13:16:16.827 R 19FA0401 FC 00 BA 20 0B 2F 48 0D
13:16:16.828 R 19FA0401 FD 00 00 00 00 F5 00 8B
13:16:16.829 R 19FA0401 FE 36 22 33 AC 0D 00 00
13:16:16.830 R 19FA0401 FF 00 00 F5 FF FF FF FF
13:16:16.831 R 09F80101 F1 1F 50 1F 41 98 3E 03
13:16:16.832 R 19F11A01 FF FF FF FF FB 01 FF FF
13:16:16.871 R 09F50373 00 00 00 FF FF 00 FF FF
13:16:16.872 R 09FD02B1 FF 36 02 D7 67 FA FF FF
13:16:16.873 R 09FD02B1 FF 36 02 D7 67 FC FF FF
13:16:16.874 R 09FD02B1 FF 38 02 6E 7A F9 FF FF
13:16:16.908 R 1CFF1A73 3B 9F 00 00 FF FF FF FF
13:16:16.909 R 09F80201 FF FC 00 00 02 00 FF FF
13:16:16.910 R 09F50373 00 00 00 FF FF 00 FF FF
13:16:16.910 R 09F80101 F1 1F 50 1F 42 98 3E 03
13:16:16.935 R 15FD0773 00 C0 53 7A FF 7F FF FF
13:16:16.972 R 09FD02B1 FF 35 02 C0 67 FA FF FF
13:16:16.972 R 09FD02B1 FF 35 02 C0 67 FC FF FF
13:16:16.973 R 09FD02B1 FF 37 02 58 7A F9 FF FF
13:16:16.989 R 11F80E00 00 1C 01 A5 04 8E 0E 55
13:16:16.990 R 11F80E00 01 B8 3D 03 C8 53 4D 1F
13:16:16.990 R 11F80E00 02 44 FF FF 00 00 A4 40
13:16:16.991 R 11F80E00 03 01 FF FF FF 7F C0 F8
13:16:16.992 R 11F80E00 04 FF FF FF FF FF FF FF
13:16:17.010 R 0DF80501 00 2B 95 E4 50 1C 92 2F
13:16:17.011 R 0DF80501 01 18 00 2A 2E FB 44 66
13:16:17.012 R 0DF80501 02 4A 07 00 14 D8 31 4E
13:16:17.013 R 0DF80501 03 63 C1 00 80 48 99 02
13:16:17.013 R 0DF80501 04 00 00 00 00 23 FC 17
13:16:17.014 R 0DF80501 05 39 00 FF 7F EE 11 00
13:16:17.015 R 0DF80501 06 00 00 FF FF FF FF FF
13:16:17.016 R 09F80101 F1 1F 50 1F 42 98 3E 03
13:16:17.016 R 0DF80901 E4 50 1C 92 2F 18 78 00
13:16:17.071 R 09FD02B1 FF 34 02 A6 67 FA FF FF
13:16:17.072 R 09FD02B1 FF 34 02 A6 67 FC FF FF
13:16:17.072 R 09FD02B1 FF 36 02 3F 7A F9 FF FF
13:16:17.111 R 09F80201 FF FC 00 00 02 00 FF FF
13:16:17.112 R 09F80101 F1 1F 50 1F 42 98 3E 03
13:16:17.199 R 0DF01001 FF FF E4 50 D6 96 2F 18
13:16:17.202 R 15FD0773 00 C0 53 7A FF 7F FF FF
13:16:17.210 R 11F80F00 C0 1B 12 02 84 97 0E 8B
13:16:17.211 R 11F80F00 C1 99 43 03 1E 4C 5E 1F
13:16:17.211 R 11F80F00 C2 44 A7 62 34 01 40 56
13:16:17.212 R 11F80F00 C3 08 FF FF 00 70 FE FF
13:16:17.246 R 19FB1200 E0 23 18 A0 FF 8B 0E 00
13:16:17.247 R 19FB1200 E1 00 00 00 00 00 00 00
13:16:17.247 R 19FB1200 E2 00 08 FF FF 00 99 51
13:16:17.248 R 19FB1200 E3 31 00 00 00 00 00 00
13:16:17.249 R 19FB1200 E4 00 00 00 00 00 93 E0
13:16:17.249 R 19FB1200 E5 FF FF FF FF FF FF FF
13:16:17.250 R 1DFF7700 E0 1C 3B 9F 18 A0 FF 8B
13:16:17.250 R 1DFF7700 E1 0E 01 00 00 00 00 00
13:16:17.251 R 1DFF7700 E2 00 00 00 00 08 FF FF
13:16:17.252 R 1DFF7700 E3 00 99 51 E4 5F 00 E0
13:16:17.252 R 1DFF7700 E4 FF FF FF FF FF FF FF
13:16:17.257 R 09FD02B1 FF 33 02 8D 67 FA FF FF
13:16:17.257 R 09FD02B1 FF 33 02 8D 67 FC FF FF
13:16:17.258 R 09FD02B1 FF 35 02 28 7A F9 FF FF
13:16:17.267 R 11F80F00 E0 1B 12 7C 13 8D 0E 8D
13:16:17.267 R 11F80F00 E1 98 3E 03 AB 1F 50 1F
13:16:17.268 R 11F80F00 E2 47 FF FF 00 00 00 00
13:16:17.268 R 11F80F00 E3 20 FF FF 00 70 FE FF
13:16:17.299 R 09F80101 F1 1F 50 1F 42 98 3E 03
13:16:17.356 R 09FD02B1 FF 32 02 81 67 FA FF FF
13:16:17.357 R 09FD02B1 FF 32 02 81 67 FC FF FF
13:16:17.357 R 09FD02B1 FF 34 02 1C 7A F9 FF FF
13:16:17.390 R 1CFF4F73 3B 9F 00 FF FF 0E 20 FF
13:16:17.390 R 1DEFFF73 40 16 3B 9F F0 81 84 86
13:16:17.391 R 1DEFFF73 41 97 88 40 00 EB 00 06
13:16:17.392 R 1DEFFF73 42 FF FF 00 00 00 01 00
13:16:17.392 R 1DEFFF73 43 00 00 FF FF FF FF FF
13:16:17.393 R 09F11273 00 0E 20 FF 7F FF 7F FD
13:16:17.393 R 09F10D73 FF F8 FF FF AF F1 FF FF
13:16:17.394 R 1CFF0873 3B 9F 00 00 14 00 FF FF
13:16:17.397 R 11F80F00 00 1B 12 86 BA 8B 0E 63
13:16:17.398 R 11F80F00 01 1E 41 03 C2 E5 52 1F
13:16:17.399 R 11F80F00 02 44 FF FF 00 00 FA 47
13:16:17.399 R 11F80F00 03 09 FF FF 00 70 FF FF
13:16:17.400 R 09F80201 FF FC 00 00 02 00 FF FF
13:16:17.400 R 09F80101 F1 1F 50 1F 42 98 3E 03
13:16:17.401 R 0DF90B01 FF FC FB 01 02 00 FF FF
13:16:17.455 R 09FD02B1 FF 31 02 81 67 FA FF FF
13:16:17.456 R 09FD02B1 FF 31 02 81 67 FC FF FF
13:16:17.457 R 09FD02B1 FF 33 02 1E 7A F9 FF FF
13:16:17.501 R 09F80101 F1 1F 50 1F 42 98 3E 03
13:16:17.511 R 19F51373 60 0E FF FF FF FF FF FF
13:16:17.512 R 19F51373 61 86 85 B0 00 00 00 00
13:16:17.512 R 19F51373 62 00 FF FF FF FF FF FF
13:16:17.513 R 1DFF6773 80 0B 3B 9F 03 00 04 B4
13:16:17.514 R 1DFF6773 81 6E 11 19 09 09 FF FF
13:16:17.515 R 1DFF6773 A0 0B 3B 9F 03 02 04 B4
13:16:17.516 R 1DFF6773 A1 6E 11 19 09 09 FF FF
13:16:17.555 R 09FD02B1 FF 30 02 8C 67 FA FF FF
13:16:17.555 R 09FD02B1 FF 30 02 8C 67 FC FF FF
13:16:17.556 R 09FD02B1 FF 32 02 2A 7A F9 FF FF
13:16:17.593 R 1CFFF001 3B 9F 8C FF 35 1B 10 6A
13:16:17.602 R 09F80201 FF FC 00 00 02 00 FF FF
13:16:17.603 R 0DFE1101 80 0E C0 91 00 00 02 00
13:16:17.603 R 0DFE1101 81 FF FF FF FF FB 01 02
13:16:17.604 R 0DFE1101 82 00 FF FF FF FF FF FF
13:16:17.605 R 09F80101 F1 1F 50 1F 42 98 3E 03
13:16:17.639 R 11F80F00 20 1B 12 8C A7 AA 0E C1
13:16:17.639 R 11F80F00 21 C6 40 03 92 D4 52 1F
13:16:17.640 R 11F80F00 22 44 FF FF 05 00 2A 43
13:16:17.640 R 11F80F00 23 09 FF FF 00 70 FF FF
13:16:17.654 R 09FD02B1 FF 2F 02 96 67 FA FF FF
13:16:17.656 R 09FD02B1 FF 2F 02 96 67 FC FF FF
13:16:17.657 R 09FD02B1 FF 31 02 35 7A F9 FF FF
13:16:17.665 R 15FB0500 40 18 08 C2 FB 95 0E 03
13:16:17.665 R 15FB0500 41 80 00 32 0A C3 2C F1
13:16:17.666 R 15FB0500 42 CB 3C 34 15 E0 A0 FA
13:16:17.667 R 15FB0500 43 50 16 97 00 FF FF FF
13:16:17.703 R 0DF90301 FF 7F FF FF FF 7F FF FF
13:16:17.704 R 09F80101 F1 1F 50 1F 42 98 3E 03
13:16:17.705 R 1DFFF001 80 0D 3B 9F 90 FF FF FF
13:16:17.706 R 1DFFF001 81 FF FF FF FF FF 56 01
13:16:17.754 R 09FD02B1 FF 2F 02 96 67 FA FF FF
13:16:17.754 R 09FD02B1 FF 2F 02 96 67 FC FF FF
13:16:17.755 R 09FD02B1 FF 31 02 37 7A F9 FF FF
13:16:17.805 R 09F80201 FF FC 00 00 02 00 FF FF
13:16:17.806 R 09F80101 F1 1F 50 1F 43 98 3E 03
13:16:17.806 R 19FA0301 00 DB 36 00 4D 00 31 00
13:16:17.807 R 19FA0601 00 0F 95 35 00 FF FF FF
13:16:17.808 R 19FA0601 01 FF FF FF FF FF FF FF
13:16:17.809 R 19FA0601 02 FF FF FF FF FF FF FF
13:16:17.809 R 19FA0B01 00 0F 95 30 02 2D 00 18
13:16:17.810 R 19FA0B01 01 00 00 00 2D 00 18 00
13:16:17.811 R 19FA0B01 02 39 00 FF FF FF FF FF
13:16:17.853 R 09FD02B1 FF 2E 02 8B 67 FA FF FF
13:16:17.854 R 09FD02B1 FF 2E 02 8B 67 FC FF FF
13:16:17.854 R 09FD02B1 FF 2F 02 2B 7A F9 FF FF
13:16:17.861 R 0DF50B73 00 EE 01 00 00 FF FF FF
13:16:17.884 R 09F11273 00 66 20 FF 7F FF 7F FD
13:16:17.884 R 09F10D73 FF F8 FF FF AF F1 FF FF
13:16:17.885 R 1CFF4F73 3B 9F 00 FF FF 66 20 FF
13:16:17.886 R 1DEFFF73 C0 16 3B 9F F0 81 9C C1
13:16:17.886 R 1DEFFF73 C1 17 EB 00 FF 08 02 F7
13:16:17.887 R 1DEFFF73 C2 FF FF 00 00 00 01 00
13:16:17.887 R 1DEFFF73 C3 00 00 FF FF FF FF FF
13:16:17.903 R 09F50373 00 00 00 FF FF 00 FF FF
13:16:17.907 R 19FA0401 00 DB 95 FF 12 04 DD 08
13:16:17.907 R 19FA0401 01 2E 35 AC 0D 00 00 00