=~=~=~=~=~=~=~=~=~=~=~= PuTTY log 2026.09.12 13:57:18 =~=~=~=~=~=~=~=~=~=~=~=
13:57:16.782 R 09F80201 FF FC 00 00 02 00 FF FF
13:57:16.782 R 09FD02B1 FF AD 01 54 6F FA FF FF
13:57:16.783 R 09F80101 FB 1F 50 1F 65 98 3E 03
13:57:16.784 R 09FD02B1 FF AD 01 54 6F FC FF FF
13:57:16.784 R 09FD02B1 FF AF 01 0D 82 F9 FF FF
13:57:16.882 R 09FD02B1 FF AD 01 48 6F FA FF FF
13:57:16.882 R 09FD02B1 FF AD 01 48 6F FC FF FF
13:57:16.883 R 09FD02B1 FF AF 01 00 82 F9 FF FF
13:57:16.884 R 0DF80501 C0 2B 43 E4 50 00 E5 A6
13:57:16.885 R 0DF80501 C1 19 00 0E 3A 4F 47 66
13:57:16.885 R 0DF80501 C2 4A 07 00 B2 01 58 56
13:57:16.886 R 0DF80501 C3 63 C1 00 00 C4 7A 02
13:57:16.887 R 0DF80501 C4 00 00 00 00 23 FC 15
13:57:16.887 R 0DF80501 C5 38 00 FF 7F EE 11 00
13:57:16.888 R 0DF80501 C6 00 00 FF FF FF FF FF
13:57:16.889 R 09F80101 FB 1F 50 1F 65 98 3E 03
13:57:16.889 R 0DF80901 E4 50 00 E5 A6 19 78 00
13:57:16.980 R 09FD02B1 FF AD 01 47 6F FA FF FF
13:57:16.981 R 09FD02B1 FF AD 01 47 6F FC FF FF
13:57:16.981 R 09FD02B1 FF AF 01 FF 81 F9 FF FF
13:57:16.985 R 09F80201 FF FC 00 00 02 00 FF FF
13:57:16.986 R 09F80101 FB 1F 50 1F 65 98 3E 03
13:57:17.000 R 0DF01001 FF FF E4 50 D0 EC A6 19
13:57:17.038 R 11F80F00 C0 1B 12 D0 7E A7 0E FF
13:57:17.039 R 11F80F00 C1 27 37 03 5A 9B 4B 1F
13:57:17.039 R 11F80F00 C2 44 26 85 C8 00 06 00
13:57:17.040 R 11F80F00 C3 06 FF FF 00 5C FF FF
13:57:17.093 R 09FD02B1 FF AD 01 56 6F FA FF FF
13:57:17.094 R 09FD02B1 FF AD 01 56 6F FC FF FF
13:57:17.095 R 09FD02B1 FF AF 01 0F 82 F9 FF FF
13:57:17.100 R 09F80101 FB 1F 50 1F 65 98 3E 03
13:57:17.117 R 11F80E00 C0 1C 01 A5 04 8E 0E E1
13:57:17.117 R 11F80E00 C1 B7 3D 03 26 55 4D 1F
13:57:17.118 R 11F80E00 C2 44 FF FF 00 00 BD 40
13:57:17.118 R 11F80E00 C3 01 FF FF FF 7F C0 F8
13:57:17.119 R 11F80E00 C4 FF FF FF FF FF FF FF
13:57:17.170 R 11F80E00 E0 1C 01 90 2A 8B 0E B8
13:57:17.171 R 11F80E00 E1 7C 3B 03 92 DA 4B 1F
13:57:17.171 R 11F80E00 E2 47 FF FF 05 00 E4 56
13:57:17.172 R 11F80E00 E3 08 FF FF FF 7F C0 F8
13:57:17.173 R 11F80E00 E4 FF FF FF FF FF FF FF
13:57:17.193 R 09FD02B1 FF AD 01 73 6F FA FF FF
13:57:17.195 R 09FD02B1 FF AD 01 73 6F FC FF FF
13:57:17.195 R 09FD02B1 FF AF 01 2C 82 F9 FF FF
13:57:17.202 R 09F80201 FF FC 00 00 02 00 FF FF
13:57:17.203 R 09F80101 FB 1F 50 1F 65 98 3E 03
13:57:17.204 R 11F80F00 E0 1B 12 7C 13 8D 0E B5
13:57:17.204 R 0DF90B01 FF FC FB 01 02 00 FF FF
13:57:17.205 R 11F80F00 E1 97 3E 03 BC 1F 50 1F
13:57:17.205 R 11F80F00 E2 47 FF FF 00 00 00 00
13:57:17.206 R 11F80F00 E3 20 FF FF 00 70 FE FF
13:57:17.222 R 0DF50B73 00 E8 01 00 00 FF FF FF
13:57:17.251 R 11F80F00 00 1B 12 C6 7C D4 0D 96
13:57:17.251 R 11F80F00 01 3C 2F 03 F1 58 58 1F
13:57:17.252 R 11F80F00 02 47 0A 59 6D 01 08 C1
13:57:17.252 R 11F80F00 03 00 FF FF 00 70 FE FF
13:57:17.275 R 19F51373 20 0E FF FF FF FF FF FF
13:57:17.275 R 19F51373 21 86 85 B0 00 00 00 00
13:57:17.276 R 19F51373 22 00 FF FF FF FF FF FF
13:57:17.276 R 1DFF6773 40 0B 3B 9F 03 00 04 B4
13:57:17.277 R 1DFF6773 41 6E 11 19 09 09 FF FF
13:57:17.278 R 1DFF6773 60 0B 3B 9F 03 02 04 B4
13:57:17.278 R 1DFF6773 61 6E 11 19 09 09 FF FF
13:57:17.292 R 1DEFFF73 80 16 3B 9F F0 81 84 86
13:57:17.293 R 09FD02B1 FF AD 01 94 6F FA FF FF
13:57:17.293 R 09FD02B1 FF AD 01 94 6F FC FF FF
13:57:17.294 R 09FD02B1 FF AF 01 4C 82 F9 FF FF
13:57:17.294 R 1DEFFF73 81 97 88 40 00 03 00 06
13:57:17.295 R 1DEFFF73 82 FF FF 00 00 00 01 00
13:57:17.296 R 1DEFFF73 83 00 00 FF FF FF FF FF
13:57:17.296 R 09F11273 00 0E 20 FF 7F FF 7F FD
13:57:17.297 R 09F10D73 FF F8 FF FF 0C 02 FF FF
13:57:17.298 R 1CFF0873 3B 9F 00 00 14 00 FF FF
13:57:17.298 R 1CFF4F73 3B 9F 00 FF FF 0E 20 FF
13:57:17.305 R 09F80101 FB 1F 50 1F 65 98 3E 03
13:57:17.355 R 1CFFF001 3B 9F 8C FF 0C 1C 48 66
13:57:17.392 R 09FD02B1 FF AD 01 AE 6F FA FF FF
13:57:17.394 R 09FD02B1 FF AD 01 AE 6F FC FF FF
13:57:17.394 R 09FD02B1 FF AF 01 64 82 F9 FF FF
13:57:17.405 R 09F80201 FF FC 00 00 02 00 FF FF
13:57:17.406 R 0DFE1101 40 0E C0 3F 00 00 02 00
13:57:17.407 R 0DFE1101 41 FF FF FF FF FB 01 02
13:57:17.408 R 0DFE1101 42 00 FF FF FF FF FF FF
13:57:17.408 R 09F80101 FB 1F 50 1F 65 98 3E 03
13:57:17.491 R 09FD02B1 FF AD 01 BA 6F FA FF FF
13:57:17.492 R 09FD02B1 FF AD 01 BA 6F FC FF FF
13:57:17.492 R 09FD02B1 FF AF 01 70 82 F9 FF FF
13:57:17.507 R 0DF90301 FF 7F FF FF FF 7F FF FF
13:57:17.508 R 09F80101 FA 1F 50 1F 65 98 3E 03
13:57:17.509 R 1DFFF001 40 0D 3B 9F 90 FF FF FF
13:57:17.509 R 1DFFF001 41 FF FF FF FF FF 1B 01
13:57:17.591 R 09FD02B1 FF AD 01 C1 6F FA FF FF
13:57:17.592 R 09FD02B1 FF AD 01 C1 6F FC FF FF
13:57:17.593 R 09FD02B1 FF AF 01 77 82 F9 FF FF
13:57:17.608 R 09F80201 FF FC 00 00 02 00 FF FF
13:57:17.609 R 09F80101 FA 1F 50 1F 65 98 3E 03
13:57:17.610 R 19FA0301 00 DB 38 00 50 00 35 00
13:57:17.610 R 19FA0601 C0 0F 43 39 00 FF FF FF
13:57:17.611 R 19FA0601 C1 FF FF FF FF FF FF FF
13:57:17.612 R 09F50373 00 00 00 FF FF 00 FF FF
13:57:17.612 R 19FA0601 C2 FF FF FF FF FF FF FF
13:57:17.613 R 19FA0B01 C0 0F 43 03 00 FF FF FF
13:57:17.614 R 19FA0B01 C1 FF FF FF FF FF FF FF
13:57:17.614 R 19FA0B01 C2 FF FF FF FF FF FF FF
13:57:17.649 R 1CFF1A73 3B 9F 00 00 FF FF FF FF
13:57:17.649 R 09F50373 00 00 00 FF FF 00 FF FF
13:57:17.690 R 09FD02B1 FF AD 01 D1 6F FA FF FF
13:57:17.692 R 09FD02B1 FF AD 01 D1 6F FC FF FF
13:57:17.692 R 09FD02B1 FF AF 01 88 82 F9 FF FF
13:57:17.710 R 19FA0401 C0 DB 43 FF 12 05 FF 1D
13:57:17.710 R 19FA0401 C1 E5 CD CC 10 00 00 00
13:57:17.711 R 19FA0401 C2 00 F5 07 97 29 22 33
13:57:17.712 R 19FA0401 C3 74 0E 00 00 00 00 F5
13:57:17.713 R 19FA0401 C4 09 C5 13 FF 3B D8 0E
13:57:17.713 R 19FA0401 C5 00 00 00 00 F5 0B 0B
13:57:17.714 R 19FA0401 C6 11 5A 97 48 0D 00 00
13:57:17.715 R 19FA0401 C7 00 00 F5 0E D1 06 AD
13:57:17.715 R 19FA0401 C8 69 B8 0B 00 00 00 00
13:57:17.716 R 19FA0401 C9 F5 14 5D 10 1F BA 10
13:57:17.717 R 19FA0401 CA 0E 00 00 00 00 F5 15
13:57:17.717 R 19FA0401 CB 73 32 14 A9 A0 0F 00
13:57:17.718 R 19FA0401 CC 00 00 00 F5 1E FF 2C
13:57:17.719 R 19FA0401 CD 15 7C 04 10 00 00 00
13:57:17.719 R 19FA0401 CE 00 F5 44 80 16 B9 3E
13:57:17.720 R 19FA0401 CF E4 0C 00 00 00 00 F5
13:57:17.721 R 19FA0401 D0 45 73 32 46 0C 04 10
13:57:17.721 R 19FA0401 D1 00 00 00 00 F5 46 DD
13:57:17.722 R 19FA0401 D2 17 2B CB 68 10 00 00
13:57:17.723 R 19FA0401 D3 00 00 F5 4E FF 1D D1
13:57:17.724 R 1DEFFF73 A0 16 3B 9F F0 81 90 00
13:57:17.724 R 19FA0401 D4 24 04 10 00 00 00 00
13:57:17.725 R 1DEFFF73 A1 03 00 00 00 00 00 00
13:57:17.726 R 19FA0401 D5 F5 31 74 14 66 7B E4
13:57:17.726 R 1DEFFF73 A2 00 00 00 00 00 01 00
13:57:17.727 R 19FA0401 D6 0C 00 00 00 00 F5 00
13:57:17.727 R 1DEFFF73 A3 00 00 FF FF FF FF FF
13:57:17.728 R 19FA0401 D7 A2 3A 4E D1 D8 0E 00
13:57:17.729 R 19FA0401 D8 00 00 00 F5 00 39 28
13:57:17.729 R 19FA0401 D9 FD B3 48 0D 00 00 00
13:57:17.730 R 19FA0401 DA 00 F5 00 DD 17 7F 34
13:57:17.731 R 19FA0401 DB E4 0C 00 00 00 00 F5
13:57:17.731 R 19FA0401 DC 00 51 2C D1 33 74 0E
13:57:17.732 R 19FA0401 DD 00 00 00 00 F5 00 3A
13:57:17.733 R 19FA0401 DE 19 36 CD D8 0E 00 00
13:57:17.733 R 19FA0401 DF 00 00 F5 FF FF FF FF
13:57:17.734 R 09F80101 FA 1F 50 1F 65 98 3E 03
13:57:17.735 R 19F11A01 FF FF FF FF FB 01 FF FF
13:57:17.759 R 19FB1200 C0 23 18 02 28 8B 0E 24
13:57:17.760 R 19FB1200 C1 53 4D 54 44 2B 41 30
13:57:17.760 R 19FB1200 C2 50 43 38 31 33 33 40
13:57:17.761 R 19FB1200 C3 78 00 28 00 28 00 46
13:57:17.761 R 19FB1200 C4 00 00 00 00 00 F3 E0
13:57:17.762 R 19FB1200 C5 FF FF FF FF FF FF FF
13:57:17.762 R 1DFF7700 C0 1C 3B 9F 18 02 28 8B
13:57:17.763 R 1DFF7700 C1 0E 01 24 53 4D 54 44
13:57:17.764 R 1DFF7700 C2 2B 41 30 50 43 38 31
13:57:17.764 R 1DFF7700 C3 33 33 40 04 50 E0 C0
13:57:17.765 R 1DFF7700 C4 FF FF FF FF FF FF FF
13:57:17.789 R 09FD02B1 FF AD 01 EF 6F FA FF FF
13:57:17.791 R 09FD02B1 FF AD 01 EF 6F FC FF FF
13:57:17.792 R 09FD02B1 FF AF 01 88 82 F9 FF FF
13:57:17.797 R 09F11273 00 66 20 FF 7F FF 7F FD
13:57:17.798 R 09F10D73 FF F8 FF FF 0C 02 FF FF
13:57:17.799 R 1CFF4F73 3B 9F 00 FF FF 66 20 FF
13:57:17.799 R 1DEFFF73 C0 16 3B 9F F0 81 9C C1
13:57:17.800 R 1DEFFF73 C1 17 03 00 00 00 00 00
13:57:17.801 R 1DEFFF73 C2 00 00 00 00 00 01 00
13:57:17.801 R 1DEFFF73 C3 00 00 FF FF FF FF FF
13:57:17.811 R 09F80201 FF FC 00 00 02 00 FF FF
13:57:17.812 R 09F80101 FA 1F 50 1F 65 98 3E 03
13:57:17.887 R 15FD0773 00 C0 53 7A FF 7F FF FF
13:57:17.889 R 09FD02B1 FF AC 01 1A 70 FA FF FF
13:57:17.891 R 09FD02B1 FF AC 01 1A 70 FC FF FF
13:57:17.891 R 09FD02B1 FF AE 01 D1 82 F9 FF FF
13:57:18.200 R 09F80101 FA 1F 50 1F 65 98 3E 03
13:57:18.272 R 09FD02B1 FF AA 01 74 70 FA FF FF
13:57:18.274 R 09FD02B1 FF AA 01 74 70 FC FF FF
13:57:18.274 R 09FD02B1 FF AC 01 2C 83 F9 FF FF
13:57:18.293 R 11F80F00 40 1B 12 7C 13 8D 0E B5
13:57:18.293 R 11F80F00 41 97 3E 03 BC 1F 50 1F
13:57:18.294 R 11F80F00 42 4B FF FF 00 00 00 00
13:57:18.294 R 11F80F00 43 20 FF FF 00 70 FE FF
13:57:18.300 R 09F80201 FF FC 00 00 02 00 FF FF
13:57:18.301 R 09F80101 FA 1F 50 1F 65 98 3E 03
13:57:18.302 R 0DF90B01 FF FC FB 01 02 00 FF FF
13:57:18.309 R 0DF50B73 00 E8 01 00 00 FF FF FF
13:57:18.353 R 11F80E00 20 1C 01 B3 39 95 0E C3
13:57:18.354 R 11F80E00 21 DA 3E 03 DB A7 51 1F
13:57:18.354 R 11F80E00 22 49 57 12 B0 01 B7 02
13:57:18.355 R 11F80E00 23 01 0B 11 00 00 C0 F8
13:57:18.356 R 11F80E00 24 FF FF FF FF FF FF FF
13:57:18.363 R 19F51373 E0 0E FF FF FF FF FF FF
13:57:18.363 R 19F51373 E1 86 85 B0 00 00 00 00
13:57:18.364 R 19F51373 E2 00 FF FF FF FF FF FF
13:57:18.365 R 1DFF6773 00 0B 3B 9F 03 00 04 B4
13:57:18.365 R 1DFF6773 01 6E 11 19 09 09 FF FF
13:57:18.366 R 1DFF6773 20 0B 3B 9F 03 02 04 B4
13:57:18.366 R 1DFF6773 21 6E 11 19 09 09 FF FF
13:57:18.371 R 09FD02B1 FF A8 01 B8 70 FA FF FF
13:57:18.373 R 09FD02B1 FF A8 01 B8 70 FC FF FF
13:57:18.374 R 09FD02B1 FF AB 01 53 83 F9 FF FF
13:57:18.402 R 09F80101 FA 1F 50 1F 65 98 3E 03
13:57:18.443 R 1CFFF001 3B 9F 8C FF 0C 1C 48 66
13:57:18.470 R 09FD02B1 FF A6 01 D1 70 FA FF FF
13:57:18.471 R 09FD02B1 FF A6 01 D1 70 FC FF FF
13:57:18.472 R 09FD02B1 FF A8 01 8E 83 F9 FF FF
13:57:18.503 R 09F80201 FF FC 00 00 02 00 FF FF
13:57:18.503 R 0DFE1101 60 0E C0 40 00 00 02 00
13:57:18.504 R 0DFE1101 61 FF FF FF FF FB 01 02
13:57:18.505 R 0DFE1101 62 00 FF FF FF FF FF FF
13:57:18.505 R 09F80101 FA 1F 50 1F 65 98 3E 03
13:57:18.570 R 09FD02B1 FF A6 01 E7 70 FA FF FF
13:57:18.572 R 09FD02B1 FF A6 01 E7 70 FC FF FF
13:57:18.573 R 09FD02B1 FF A8 01 8E 83 F9 FF FF
13:57:18.604 R 0DF90301 FF 7F FF FF FF 7F FF FF
13:57:18.605 R 09F80101 FA 1F 50 1F 65 98 3E 03
13:57:18.605 R 1DFFF001 60 0D 3B 9F 90 FF FF FF
13:57:18.606 R 1DFFF001 61 FF FF FF FF FF 1B 01
13:57:18.637 R 1DEFFF73 40 16 3B 9F F0 81 84 86
13:57:18.637 R 1DEFFF73 41 97 88 40 00 03 00 06
13:57:18.638 R 1DEFFF73 42 FF FF 00 00 00 01 00
13:57:18.639 R 1DEFFF73 43 00 00 FF FF FF FF FF
13:57:18.639 R 09F11273 00 0E 20 FF 7F FF 7F FD
13:57:18.640 R 09F10D73 FF F8 FF FF 0C 02 FF FF
13:57:18.641 R 1CFF0873 3B 9F 00 00 14 00 FF FF
13:57:18.641 R 1CFF4F73 3B 9F 00 FF FF 0E 20 FF
13:57:18.648 R 11F80E00 40 1C 03 50 53 8F 0E B9
13:57:18.649 R 11F80E00 41 79 3B 03 58 D3 4B 1F
13:57:18.649 R 11F80E00 42 45 2C 71 05 00 61 0E
13:57:18.650 R 11F80E00 43 08 2B 9E EC FF C0 F8
13:57:18.650 R 11F80E00 44 FF FF FF FF FF FF FF
13:57:18.669 R 09FD02B1 FF A4 01 FC 70 FA FF FF
13:57:18.671 R 09FD02B1 FF A4 01 FC 70 FC FF FF
13:57:18.672 R 09FD02B1 FF A6 01 BC 83 F9 FF FF
13:57:18.705 R 09F80201 FF FC 00 00 02 00 FF FF
13:57:18.706 R 09F80101 FA 1F 50 1F 65 98 3E 03
13:57:18.707 R 19FA0301 00 DB 38 00 50 00 35 00
13:57:18.707 R 19FA0601 E0 0F 44 38 00 FF FF FF
13:57:18.708 R 19FA0601 E1 FF FF FF FF FF FF FF
13:57:18.709 R 19FA0601 E2 FF FF FF FF FF FF FF
13:57:18.710 R 19FA0B01 E0 0F 44 03 00 FF FF FF
13:57:18.710 R 19FA0B01 E1 FF FF FF FF FF FF FF
13:57:18.711 R 19FA0B01 E2 FF FF FF FF FF FF FF
13:57:18.714 R 09F50373 00 00 00 FF FF 00 FF FF
13:57:18.754 R 1CFF1A73 3B 9F 00 00 FF FF FF FF
13:57:18.754 R 09F50373 00 00 00 FF FF 00 FF FF
13:57:18.769 R 09FD02B1 FF A4 01 FC 70 FA FF FF
13:57:18.771 R 09FD02B1 FF A4 01 FC 70 FC FF FF
13:57:18.771 R 09FD02B1 FF A6 01 BC 83 F9 FF FF
13:57:18.780 R 15FD0773 00 C0 53 7A FF 7F FF FF
13:57:18.807 R 19FA0401 E0 DB 44 FF 12 05 FF 1D
13:57:18.808 R 19FA0401 E1 E5 CD 30 11 00 00 00
13:57:18.808 R 19FA0401 E2 00 F5 07 97 29 22 33
13:57:18.809 R 19FA0401 E3 3C 0F 00 00 00 00 F5
13:57:18.810 R 19FA0401 E4 09 C5 13 FF 3B A0 0F
13:57:18.811 R 19FA0401 E5 00 00 00 00 F5 0B 0B
13:57:18.811 R 19FA0401 E6 11 5A 97 48 0D 00 00
13:57:18.812 R 19FA0401 E7 00 00 F5 0E D1 06 AD
13:57:18.813 R 19FA0401 E8 69 B8 0B 00 00 00 00
13:57:18.813 R 19FA0401 E9 F5 14 5D 10 1F BA 74
13:57:18.814 R 19FA0401 EA 0E 00 00 00 00 F5 15
13:57:18.815 R 19FA0401 EB 73 32 14 A9 04 10 00
13:57:18.815 R 19FA0401 EC 00 00 00 F5 1E FF 2C
13:57:18.816 R 15FD0773 00 C0 53 7A FF 7F FF FF
13:57:18.816 R 19FA0401 ED 15 7C 68 10 00 00 00
13:57:18.817 R 19FA0401 EE 00 F5 44 80 16 B9 3E
13:57:18.818 R 19FA0401 EF E4 0C 00 00 00 00 F5
13:57:18.819 R 19FA0401 F0 45 73 32 46 0C 04 10
13:57:18.819 R 19FA0401 F1 00 00 00 00 F5 46 DD
13:57:18.820 R 19FA0401 F2 17 2B CB 68 10 00 00
13:57:18.821 R 19FA0401 F3 00 00 F5 4E FF 1D D1
13:57:18.821 R 19FA0401 F4 24 A0 0F 00 00 00 00
13:57:18.822 R 19FA0401 F5 F5 31 74 14 66 7B E4
13:57:18.823 R 19FA0401 F6 0C 00 00 00 00 F5 00
13:57:18.823 R 19FA0401 F7 A2 3A 4E D1 3C 0F 00
13:57:18.824 R 19FA0401 F8 00 00 00 F5 00 39 28
13:57:18.825 R 19FA0401 F9 FD B3 AC 0D 00 00 00
13:57:18.826 R 19FA0401 FA 00 F5 00 DD 17 7F 34
13:57:18.826 R 19FA0401 FB 48 0D 00 00 00 00 F5
13:57:18.827 R 19FA0401 FC 00 51 2C D1 33 D8 0E
13:57:18.828 R 19FA0401 FD 00 00 00 00 F5 00 3A
13:57:18.828 R 19FA0401 FE 19 36 CD A0 0F 00 00
13:57:18.829 R 19FA0401 FF 00 00 F5 FF FF FF FF
13:57:18.830 R 09F80101 FA 1F 50 1F 65 98 3E 03
13:57:18.831 R 19F11A01 FF FF FF FF FB 01 FF FF
13:57:18.868 R 09FD02B1 FF A2 01 15 71 FA FF FF
13:57:18.869 R 09FD02B1 FF A2 01 15 71 FC FF FF
13:57:18.869 R 09FD02B1 FF A4 01 D9 83 F9 FF FF
13:57:18.889 R 11F80E00 60 1C 01 B4 D6 95 0E D9
13:57:18.890 R 11F80E00 61 3E 3D 03 C6 EE 4F 1F
13:57:18.890 R 11F80E00 62 4C FF FF 00 00 DE 08
13:57:18.891 R 11F80E00 63 00 FF FF FF 7F C0 F8
13:57:18.891 R 11F80E00 64 FF FF FF FF FF FF FF
13:57:18.908 R 09F80201 FF FC 00 00 02 00 FF FF
13:57:18.909 R 09F80101 FA 1F 50 1F 65 98 3E 03
13:57:18.955 R 1CFF4F73 3B 9F 00 FF FF 66 20 FF
13:57:18.956 R 1DEFFF73 60 16 3B 9F F0 81 9C C1
13:57:18.956 R 1DEFFF73 61 17 03 FB 01 03 00 06
13:57:18.957 R 1DEFFF73 62 B0 09 00 00 00 01 00
13:57:18.957 R 1DEFFF73 63 00 00 FF FF FF FF FF
13:57:18.958 R 09F11273 00 66 20 FF 7F FF 7F FD
13:57:18.959 R 09F10D73 FF F8 FF FF 0C 02 FF FF
13:57:18.967 R 09FD02B1 FF A1 01 35 71 FA FF FF
13:57:18.968 R 09FD02B1 FF A1 01 35 71 FC FF FF
13:57:18.969 R 09FD02B1 FF A3 01 FC 83 F9 FF FF
13:57:18.996 R 11F80F00 60 1B 12 86 C4 94 0E AD
13:57:18.997 R 11F80F00 61 3C 20 03 46 A8 48 1F
13:57:18.997 R 11F80F00 62 4C 72 6E 1A 01 CF 02
13:57:18.998 R 11F80F00 63 09 FF FF 00 70 FE FF
13:57:19.010 R 0DF80501 00 2B 45 E4 50 98 38 A7
13:57:19.010 R 0DF80501 01 19 00 7A 04 D8 46 66
13:57:19.011 R 0DF80501 02 4A 07 00 B2 01 58 56
13:57:19.012 R 0DF80501 03 63 C1 00 60 3D 79 02
13:57:19.012 R 0DF80501 04 00 00 00 00 23 FC 15
13:57:19.013 R 0DF80501 05 38 00 FF 7F EE 11 00
13:57:19.014 R 0DF80501 06 00 00 FF FF FF FF FF
13:57:19.015 R 09F80101 F9 1F 50 1F 65 98 3E 03
13:57:19.015 R 0DF80901 E4 50 98 38 A7 19 78 00
13:57:19.067 R 09FD02B1 FF 9F 01 58 71 FA FF FF
13:57:19.068 R 09FD02B1 FF 9F 01 58 71 FC FF FF
13:57:19.068 R 09FD02B1 FF A1 01 21 84 F9 FF FF
13:57:19.111 R 09F80201 FF FC 00 00 02 00 FF FF
13:57:19.111 R 09F80101 F9 1F 50 1F 65 98 3E 03
13:57:19.080 R 0DF01001 FF FF E4 50 10 3E A7 19
13:57:19.126 R 19FB1200 E0 23 18 43 10 95 0E 25
13:57:19.127 R 19FB1200 E1 53 4D 54 44 58 24 32
13:57:19.127 R 19FB1200 E2 50 42 32 36 30 36 40
13:57:19.128 R 19FB1200 E3 82 00 28 00 14 00 46
13:57:19.128 R 19FB1200 E4 00 00 00 00 00 03 E1
13:57:19.129 R 19FB1200 E5 FF FF FF FF FF FF FF
13:57:19.129 R 1DFF7700 E0 1C 3B 9F 18 43 10 95
13:57:19.130 R 1DFF7700 E1 0E 01 25 53 4D 54 44
13:57:19.131 R 1DFF7700 E2 58 24 32 50 42 32 36
13:57:19.131 R 1DFF7700 E3 30 36 40 82 60 E0 C0
13:57:19.132 R 1DFF7700 E4 FF FF FF FF FF FF FF
13:57:19.134 R 09FD02B1 FF 9D 01 79 71 FA FF FF
13:57:19.135 R 09FD02B1 FF 9D 01 79 71 FC FF FF
13:57:19.135 R 09FD02B1 FF 9F 01 45 84 F9 FF FF
13:57:19.180 R 09F80101 F9 1F 50 1F 65 98 3E 03
13:57:19.205 R 11F80F00 80 1B 12 14 52 96 0E 09
13:57:19.206 R 11F80F00 81 5A 46 03 96 91 64 1F
13:57:19.206 R 11F80F00 82 4C 4E CE 58 01 D8 02
13:57:19.207 R 11F80F00 83 09 FF FF 00 70 FE FF
13:57:19.234 R 09FD02B1 FF 9A 01 B6 71 FA FF FF
13:57:19.236 R 09FD02B1 FF 9A 01 B6 71 FC FF FF
13:57:19.236 R 09FD02B1 FF 9C 01 67 84 F9 FF FF
13:57:19.265 R 11F80F00 A0 1B 12 7C 13 8D 0E B5
13:57:19.266 R 11F80F00 A1 97 3E 03 BC 1F 50 1F
13:57:19.266 R 11F80F00 A2 4F FF FF 00 00 00 00
13:57:19.267 R 11F80F00 A3 20 FF FF 00 70 FE FF
13:57:19.281 R 09F80201 FF FC 00 00 02 00 FF FF
13:57:19.281 R 09F80101 F9 1F 50 1F 65 98 3E 03
13:57:19.282 R 0DF90B01 FF FC FB 01 02 00 FF FF
13:57:19.283 R 0DF50B73 00 EE 01 00 00 FF FF FF
13:57:19.333 R 09FD02B1 FF 9A 01 B6 71 FA FF FF
13:57:19.334 R 09FD02B1 FF 9A 01 B6 71 FC FF FF
13:57:19.334 R 09FD02B1 FF 9C 01 86 84 F9 FF FF
13:57:19.335 R 19F51373 80 0E FF FF FF FF FF FF
13:57:19.335 R 19F51373 81 86 85 B0 00 00 00 00
13:57:19.336 R 19F51373 82 00 FF FF FF FF FF FF
13:57:19.337 R 1DFF6773 A0 0B 3B 9F 03 00 04 B4
13:57:19.337 R 1DFF6773 A1 6E 11 19 09 09 FF FF
13:57:19.338 R 1DFF6773 C0 0B 3B 9F 03 02 04 B4
13:57:19.339 R 1DFF6773 C1 6E 11 19 09 09 FF FF
13:57:19.382 R 09F80101 F9 1F 50 1F 65 98 3E 03
13:57:19.394 R 1CFFFF01 4F 9A 00 F5 FF FF FF FF
13:57:19.432 R 09FD02B1 FF 98 01 CF 71 FA FF FF
13:57:19.433 R 09FD02B1 FF 98 01 CF 71 FC FF FF
13:57:19.434 R 09FD02B1 FF 9A 01 A3 84 F9 FF FF
13:57:19.444 R 1CFFF001 3B 9F 8C FF 0E 1C 41 66
13:57:19.483 R 09F80201 FF FC 00 00 02 00 FF FF
13:57:19.483 R 0DFE1101 80 0E C0 41 00 00 02 00
13:57:19.484 R 0DFE1101 81 FF FF FF FF FB 01 02
13:57:19.485 R 0DFE1101 82 00 FF FF FF FF FF FF
13:57:19.485 R 09F80101 F9 1F 50 1F 65 98 3E 03
13:57:19.532 R 09FD02B1 FF 96 01 E8 71 FA FF FF
13:57:19.532 R 09FD02B1 FF 96 01 E8 71 FC FF FF
13:57:19.533 R 09FD02B1 FF 98 01 BE 84 F9 FF FF
13:57:19.543 R 1DEFFF73 E0 16 3B 9F F0 81 84 86
13:57:19.544 R 1DEFFF73 E1 97 88 40 00 03 00 06
13:57:19.544 R 1DEFFF73 E2 FF FF 00 00 00 01 00
13:57:19.545 R 1DEFFF73 E3 00 00 FF FF FF FF FF
13:57:19.546 R 09F11273 00 0E 20 FF 7F FF 7F FD
13:57:19.546 R 09F10D73 FF F8 FF FF 0C 02 FF FF
13:57:19.547 R 1CFF0873 3B 9F 00 00 14 00 FF FF
13:57:19.548 R 1CFF4F73 3B 9F 00 FF FF 0E 20 FF
13:57:19.580 R 11F80E00 80 1C 01 28 91 76 0C C2
13:57:19.581 R 11F80E00 81 13 4F 03 FE 3C 5A 1F
13:57:19.581 R 11F80E00 82 4C B3 40 00 00 E6 82
13:57:19.582 R 11F80E00 83 08 FF FF FF 7F C0 F8
13:57:19.582 R 11F80E00 84 FF FF FF FF FF FF FF
13:57:19.584 R 0DF90301 FF 7F FF FF FF 7F FF FF
13:57:19.584 R 09F80101 F9 1F 50 1F 65 98 3E 03
13:57:19.585 R 1DFFF001 80 0D 3B 9F 90 FF FF FF
13:57:19.586 R 1DFFF001 81 FF FF FF FF FF 19 01
13:57:19.631 R 09FD02B1 FF 95 01 02 72 FA FF FF
13:57:19.632 R 09FD02B1 FF 95 01 02 72 FC FF FF
13:57:19.632 R 09FD02B1 FF 96 01 DA 84 F9 FF FF
13:57:19.684 R 09F80201 FF FC 00 00 02 00 FF FF
13:57:19.685 R 09F80101 F9 1F 50 1F 65 98 3E 03
13:57:19.686 R 19FA0301 00 DB 38 00 50 00 35 00
13:57:19.686 R 19FB1100 C0 1B 18 53 C5 8E 0E 49
13:57:19.687 R 19FA0601 00 0F 45 38 00 FF FF FF
13:57:19.687 R 19FB1100 C1 4E 54 45 4E 53 45 40
13:57:19.688 R 19FA0601 01 FF FF FF FF FF FF FF
13:57:19.689 R 19FB1100 C2 40 40 40 40 40 40 40
13:57:19.689 R 19FA0601 02 FF FF FF FF FF FF FF
13:57:19.690 R 19FB1100 C3 40 40 40 40 40 E1 FF
13:57:19.690 R 19FA0B01 00 0F 45 03 00 FF FF FF
13:57:19.691 R 1DFF7600 C0 1C 3B 9F 18 53 C5 8E
13:57:19.692 R 19FA0B01 01 FF FF FF FF FF FF FF
13:57:19.692 R 1DFF7600 C1 0E 00 49 4E 54 45 4E
13:57:19.693 R 19FA0B01 02 FF FF FF FF FF FF FF
13:57:19.693 R 1DFF7600 C2 53 45 40 40 40 40 40
13:57:19.694 R 1DFF7600 C3 40 40 40 40 40 40 40
13:57:19.694 R 1DFF7600 C4 40 FF FF FF FF FF FF
13:57:19.731 R 09FD02B1 FF 93 01 1F 72 FA FF FF
13:57:19.731 R 09FD02B1 FF 93 01 1F 72 FC FF FF
13:57:19.732 R 09FD02B1 FF 95 01 F8 84 F9 FF FF
13:57:19.776 R 09F50373 00 00 00 FF FF 00 FF FF
13:57:19.786 R 19FA0401 00 DB 45 FF 12 05 FF 1D
13:57:19.787 R 19FA0401 01 E5 CD CC 10 00 00 00
13:57:19.787 R 19FA0401 02 00 F5 07 97 29 22 33
13:57:19.788 R 19FA0401 03 D8 0E 00 00 00 00 F5
13:57:19.789 R 19FA0401 04 09 C5 13 FF 3B A0 0F
13:57:19.789 R 19FA0401 05 00 00 00 00 F5 0B 0B
13:57:19.790 R 19FA0401 06 11 5A 97 E4 0C 00 00
13:57:19.791 R 19FA0401 07 00 00 F5 14 5D 10 1F
13:57:19.791 R 19FA0401 08 BA 74 0E 00 00 00 00
13:57:19.792 R 19FA0401 09 F5 15 73 32 14 A9 04
13:57:19.792 R 19FA0401 0A 10 00 00 00 00 F5 1E
13:57:19.793 R 19FA0401 0B FF 2C 15 7C 04 10 00
13:57:19.794 R 19FA0401 0C 00 00 00 F5 44 80 16
13:57:19.794 R 19FA0401 0D B9 3E E4 0C 00 00 00
13:57:19.795 R 19FA0401 0E 00 F5 45 73 32 46 0C
13:57:19.796 R 19FA0401 0F 04 10 00 00 00 00 F5
13:57:19.796 R 19FA0401 10 46 DD 17 2B CB 68 10
13:57:19.797 R 19FA0401 11 00 00 00 00 F5 4E FF
13:57:19.798 R 19FA0401 12 1D D1 24 A0 0F 00 00
13:57:19.798 R 19FA0401 13 00 00 F5 31 74 14 66
13:57:19.799 R 19FA0401 14 7B 80 0C 00 00 00 00
13:57:19.800 R 19FA0401 15 F5 00 A2 3A 4E D1 D8
13:57:19.800 R 19FA0401 16 0E 00 00 00 00 F5 00
13:57:19.801 R 19FA0401 17 39 28 FD B3 AC 0D 00
13:57:19.801 R 19FA0401 18 00 00 00 F5 00 BA 11
13:57:19.802 R 19FA0401 19 15 8B 1C 0C 00 00 00
13:57:19.803 R 19FA0401 1A 00 F5 00 DD 17 7F 34
13:57:19.803 R 19FA0401 1B E4 0C 00 00 00 00 F5
13:57:19.804 R 19FA0401 1C 00 51 2C D1 33 D8 0E
13:57:19.805 R 19FA0401 1D 00 00 00 00 F5 00 3A
13:57:19.805 R 19FA0401 1E 19 36 CD 3C 0F 00 00
13:57:19.806 R 19FA0401 1F 00 00 F5 FF FF FF FF
13:57:19.807 R 09F80101 F9 1F 50 1F 65 98 3E 03
13:57:19.807 R 19F11A01 FF FF FF FF FB 01 FF FF
13:57:19.816 R 1CFF1A73 3B 9F 00 00 FF FF FF FF
13:57:19.817 R 09F50373 00 00 00 FF FF 00 FF FF
13:57:19.830 R 09FD02B1 FF 91 01 3A 72 FA FF FF
13:57:19.831 R 09FD02B1 FF 91 01 3A 72 FC FF FF
13:57:19.831 R 09FD02B1 FF 93 01 16 85 F9 FF FF
13:57:19.842 R 15FD0773 00 C0 53 7A FF 7F FF FF
13:57:19.877 R 15FD0773 00 C0 53 7A FF 7F FF FF
13:57:19.887 R 09F80201 FF FC 00 00 02 00 FF FF
13:57:19.888 R 09F80101 F9 1F 50 1F 65 98 3E 03
13:57:19.902 R 11F80E00 A0 1C 01 D7 AF 95 0E 8D
13:57:19.903 R 11F80E00 A1 0B 49 03 E9 83 58 1F
13:57:19.903 R 11F80E00 A2 53 57 1E AA 01 E5 08
13:57:19.904 R 11F80E00 A3 00 FF FF FF 7F C0 F8
13:57:19.905 R 11F80E00 A4 FF FF FF FF FF FF FF
13:57:19.929 R 09FD02B1 FF 90 01 52 72 FA FF FF
13:57:19.930 R 09FD02B1 FF 90 01 52 72 FC FF FF
13:57:19.931 R 09FD02B1 FF 92 01 31 85 F9 FF FF
13:57:19.934 R 1CFF4F73 3B 9F 00 FF FF 66 20 FF
13:57:19.935 R 1DEFFF73 00 16 3B 9F F0 81 9C C1
13:57:19.935 R 1DEFFF73 01 17 03 00 00 49 00 06
13:57:19.937 R 1DEFFF73 02 B0 09 00 00 00 01 00
13:57:19.937 R 1DEFFF73 03 00 00 FF FF FF FF FF
13:57:19.938 R 09F11273 00 66 20 FF 7F FF 7F FD
13:57:19.939 R 09F10D73 FF F8 FF FF 0C 02 FF FF
13:57:19.967 R 1DEFFF73 20 16 3B 9F F0 81 90 00
13:57:19.968 R 1DEFFF73 21 03 03 00 00 49 00 06
13:57:19.968 R 1DEFFF73 22 B0 09 00 00 00 01 00
13:57:19.970 R 1DEFFF73 23 00 00 FF FF FF FF FF
13:57:19.988 R 0DF80501 20 2B 46 E4 50 FC 60 A7
13:57:19.988 R 0DF80501 21 19 00 7A 04 D8 46 66
13:57:19.989 R 0DF80501 22 4A 07 00 B2 01 58 56
13:57:19.990 R 0DF80501 23 63 C1 00 60 3D 79 02
13:57:19.990 R 0DF80501 24 00 00 00 00 23 FC 15
13:57:19.991 R 0DF80501 25 38 00 FF 7F EE 11 00
13:57:19.992 R 0DF80501 26 00 00 FF FF FF FF FF
13:57:19.993 R 09F80101 F9 1F 50 1F 65 98 3E 03
13:57:19.993 R 0DF80901 E4 50 FC 60 A7 19 78 00
13:57:20.029 R 09FD02B1 FF 8F 01 6A 72 FA FF FF
13:57:20.029 R 09FD02B1 FF 8F 01 6A 72 FC FF FF
13:57:20.030 R 09FD02B1 FF 91 01 4B 85 F9 FF FF
13:57:20.088 R 09F80201 FF FC 00 00 03 00 FF FF
13:57:20.089 R 09F80101 F9 1F 50 1F 65 98 3E 03
13:57:20.083 R 0DF01001 FF FF E4 50 3E 65 A7 19
13:57:20.121 R 09FD02B1 FF 8D 01 83 72 FA FF FF
13:57:20.122 R 09FD02B1 FF 8D 01 83 72 FC FF FF
13:57:20.122 R 09FD02B1 FF 8F 01 64 85 F9 FF FF
13:57:20.182 R 09F80101 F9 1F 50 1F 65 98 3E 03
13:57:20.220 R 09FD02B1 FF 8C 01 9A 72 FA FF FF
13:57:20.221 R 09FD02B1 FF 8C 01 9A 72 FC FF FF
13:57:20.222 R 09FD02B1 FF 8E 01 7E 85 F9 FF FF
13:57:20.262 R 11F80F00 C0 1B 12 7C 13 8D 0E B5
13:57:20.263 R 11F80F00 C1 97 3E 03 BC 1F 50 1F
13:57:20.264 R 11F80F00 C2 53 FF FF 00 00 00 00
13:57:20.264 R 11F80F00 C3 20 FF FF 00 70 FE FF
13:57:20.269 R 11F80E00 C0 1C 01 88 48 B2 0E 02
13:57:20.270 R 11F80E00 C1 86 3D 03 96 D0 4D 1F
13:57:20.271 R 11F80E00 C2 51 C9 8F 00 00 00 03
13:57:20.271 R 11F80E00 C3 09 4E A4 14 00 C0 F8
13:57:20.272 R 11F80E00 C4 FF FF FF FF FF FF FF
13:57:20.280 R 0DF50B73 00 F7 01 00 00 FF FF FF
13:57:20.283 R 09F80201 FF FC 00 00 03 00 FF FF
13:57:20.284 R 09F80101 F8 1F 50 1F 65 98 3E 03
13:57:20.284 R 0DF90B01 FF FC FB 01 02 00 FF FF
13:57:20.320 R 09FD02B1 FF 8B 01 B1 72 FA FF FF
13:57:20.321 R 09FD02B1 FF 8B 01 B1 72 FC FF FF
13:57:20.321 R 09FD02B1 FF 8C 01 97 85 F9 FF FF
13:57:20.330 R 19F51373 40 0E FF FF FF FF FF FF
13:57:20.331 R 19F51373 41 86 85 B0 00 00 00 00
13:57:20.331 R 19F51373 42 00 FF FF FF FF FF FF
13:57:20.332 R 1DFF6773 60 0B 3B 9F 03 00 04 B4
13:57:20.333 R 1DFF6773 61 6E 11 19 09 09 FF FF
13:57:20.333 R 1DFF6773 80 0B 3B 9F 03 02 04 B4
13:57:20.334 R 1DFF6773 81 6E 11 19 09 09 FF FF
13:57:20.384 R 09F80101 F8 1F 50 1F 65 98 3E 03
13:57:20.400 R 1CFFF001 3B 9F 8C FF 13 1C 2F 66
13:57:20.419 R 09FD02B1 FF 89 01 C9 72 FA FF FF
13:57:20.420 R 09FD02B1 FF 89 01 C9 72 FC FF FF
13:57:20.421 R 09FD02B1 FF 8B 01 B0 85 F9 FF FF
13:57:20.484 R 09F80201 FF FC 00 00 03 00 FF FF
13:57:20.485 R 0DFE1101 A0 0E C0 42 00 00 03 00
13:57:20.486 R 0DFE1101 A1 FF FF FF FF FB 01 02
13:57:20.486 R 0DFE1101 A2 00 FF FF FF FF FF FF
13:57:20.487 R 09F80101 F8 1F 50 1F 65 98 3E 03
13:57:20.519 R 09FD02B1 FF 88 01 DE 72 FA FF FF
13:57:20.519 R 09FD02B1 FF 88 01 DE 72 FC FF FF
13:57:20.520 R 09FD02B1 FF 8A 01 C8 85 F9 FF FF
13:57:20.578 R 1DEFFF73 A0 16 3B 9F F0 81 84 86
13:57:20.579 R 1DEFFF73 A1 97 88 40 00 03 00 06
13:57:20.579 R 1DEFFF73 A2 FF FF 00 00 00 01 00
13:57:20.580 R 1DEFFF73 A3 00 00 FF FF FF FF FF
13:57:20.581 R 09F11273 00 0E 20 FF 7F FF 7F FD
13:57:20.581 R 09F10D73 FF F8 FF FF 0C 02 FF FF
13:57:20.583 R 1CFF0873 3B 9F 00 00 14 00 FF FF
13:57:20.583 R 1CFF4F73 3B 9F 00 FF FF 0E 20 FF
13:57:20.585 R 0DF90301 FF 7F FF FF FF 7F FF FF
13:57:20.586 R 09F80101 F8 1F 50 1F 65 98 3E 03
13:57:20.587 R 1DFFF001 A0 0D 3B 9F 90 FF FF FF
13:57:20.587 R 1DFFF001 A1 FF FF FF FF FF 16 01
13:57:20.618 R 09FD02B1 FF 86 01 F3 72 FA FF FF
13:57:20.620 R 09FD02B1 FF 86 01 F3 72 FC FF FF
13:57:20.621 R 09FD02B1 FF 88 01 DF 85 F9 FF FF
13:57:20.686 R 09F80201 FF FC 00 00 03 00 FF FF
13:57:20.687 R 09F80101 F8 1F 50 1F 65 98 3E 03
13:57:20.688 R 19FA0301 00 DB 38 00 50 00 35 00
13:57:20.688 R 19FA0601 20 0F 46 38 00 FF FF FF
13:57:20.689 R 19FA0601 21 FF FF FF FF FF FF FF
13:57:20.689 R 19FA0601 22 FF FF FF FF FF FF FF
13:57:20.690 R 19FA0B01 20 0F 46 03 00 FF FF FF
13:57:20.691 R 19FA0B01 21 FF FF FF FF FF FF FF
13:57:20.691 R 19FA0B01 22 FF FF FF FF FF FF FF
13:57:20.717 R 09FD02B1 FF 85 01 08 73 FA FF FF
13:57:20.718 R 09FD02B1 FF 85 01 08 73 FC FF FF
13:57:20.719 R 09FD02B1 FF 87 01 F4 85 F9 FF FF
13:57:20.748 R 09F50373 00 00 00 FF FF 00 FF FF
13:57:20.752 R 11F80E00 E0 1C 01 65 13 95 0E 8D
13:57:20.753 R 11F80E00 E1 91 3B 03 F0 E6 4B 1F
13:57:20.753 R 11F80E00 E2 53 79 45 00 00 FF C0
13:57:20.754 R 11F80E00 E3 08 FF FF FF 7F C0 F8
13:57:20.755 R 11F80E00 E4 FF FF FF FF FF FF FF
13:57:20.787 R 19FA0401 20 DB 46 FF 12 05 FF 1D
13:57:20.788 R 19FA0401 21 E5 CD CC 10 00 00 00
13:57:20.789 R 1CFF1A73 3B 9F 00 00 FF FF FF FF
13:57:20.789 R 19FA0401 22 00 F5 07 97 29 22 33
13:57:20.790 R 09F50373 00 00 00 FF FF 00 FF FF
13:57:20.790 R 19FA0401 23 D8 0E 00 00 00 00 F5
13:57:20.791 R 19FA0401 24 09 C5 13 FF 3B A0 0F
13:57:20.792 R 19FA0401 25 00 00 00 00 F5 0B 0B
13:57:20.793 R 19FA0401 26 11 5A 97 E4 0C 00 00
13:57:20.793 R 19FA0401 27 00 00 F5 14 5D 10 1F
13:57:20.794 R 19FA0401 28 BA 74 0E 00 00 00 00
13:57:20.795 R 19FA0401 29 F5 15 73 32 14 A9 04
13:57:20.795 R 19FA0401 2A 10 00 00 00 00 F5 1E
13:57:20.796 R 19FA0401 2B FF 2C 15 7C 04 10 00
13:57:20.797 R 19FA0401 2C 00 00 00 F5 44 80 16
13:57:20.797 R 19FA0401 2D B9 3E E4 0C 00 00 00
13:57:20.798 R 19FA0401 2E 00 F5 45 73 32 46 0C
13:57:20.799 R 19FA0401 2F 04 10 00 00 00 00 F5
13:57:20.799 R 19FA0401 30 46 DD 17 2B CB CC 10
13:57:20.800 R 19FA0401 31 00 00 00 00 F5 4E FF
13:57:20.801 R 19FA0401 32 1D D1 24 A0 0F 00 00
13:57:20.802 R 19FA0401 33 00 00 F5 31 74 14 66
13:57:20.802 R 19FA0401 34 7B 80 0C 00 00 00 00
13:57:20.803 R 19FA0401 35 F5 00 A2 3A FC D1 3C
13:57:20.804 R 19FA0401 36 0F 00 00 00 00 F5 00
13:57:20.804 R 19FA0401 37 39 28 FD B3 AC 0D 00
13:57:20.805 R 19FA0401 38 00 00 00 F5 00 BA 11
13:57:20.806 R 19FA0401 39 15 8B 1C 0C 00 00 00
13:57:20.806 R 19FA0401 3A 00 F5 00 DD 17 7F 34
13:57:20.807 R 19FA0401 3B E4 0C 00 00 00 00 F5
13:57:20.808 R 19FA0401 3C 00 51 2C D1 33 74 0E
13:57:20.809 R 19FA0401 3D 00 00 00 00 F5 00 3A
13:57:20.809 R 19FA0401 3E 19 36 CD D8 0E 00 00
13:57:20.810 R 19FA0401 3F 00 00 F5 FF FF FF FF
13:57:20.811 R 09F80101 F8 1F 50 1F 65 98 3E 03
13:57:20.811 R 19F11A01 FF FF FF FF FB 01 FF FF
13:57:20.814 R 15FD0773 00 C0 53 7A FF 7F FF FF
13:57:20.817 R 09FD02B1 FF 84 01 18 73 FA FF FF
13:57:20.819 R 09FD02B1 FF 84 01 18 73 FC FF FF
13:57:20.819 R 09FD02B1 FF 86 01 05 86 F9 FF FF
13:57:20.850 R 15FD0773 00 C0 53 7A FF 7F FF FF
13:57:20.889 R 09F80201 FF FC 00 00 03 00 FF FF
13:57:20.889 R 09F80101 F8 1F 50 1F 65 98 3E 03
13:57:20.912 R 11F80E00 00 1C 01 EC 9B 94 0E B3
13:57:20.913 R 11F80E00 01 BF 3C 03 E0 12 4D 1F
13:57:20.913 R 11F80E00 02 57 A2 16 77 01 18 83
13:57:20.914 R 11F80E00 03 01 FF FF FF 7F C0 F8
13:57:20.915 R 11F80E00 04 FF FF FF FF FF FF FF
13:57:20.916 R 09FD02B1 FF 83 01 24 73 FA FF FF
13:57:20.918 R 09FD02B1 FF 83 01 24 73 FC FF FF
13:57:20.919 R 09FD02B1 FF 85 01 13 86 F9 FF FF
13:57:20.938 R 1CFF4F73 3B 9F 00 FF FF BD 20 FF
13:57:20.939 R 1DEFFF73 C0 16 3B 9F F0 81 9C 01
13:57:20.940 R 1DEFFF73 C1 18 03 00 00 49 EB 06
13:57:20.940 R 1DEFFF73 C2 B0 09 00 00 00 01 00
13:57:20.941 R 1DEFFF73 C3 00 00 FF FF FF FF FF
13:57:20.941 R 09F11273 00 BD 20 FF 7F FF 7F FD
13:57:20.942 R 09F10D73 FF F8 FF FF 0C 02 FF FF
13:57:20.990 R 0DF80501 40 2B 47 E4 50 10 89 A7
13:57:20.991 R 0DF80501 41 19 00 B0 69 9C 46 66
13:57:20.991 R 0DF80501 42 4A 07 00 B2 01 58 56
13:57:20.992 R 0DF80501 43 63 C1 00 60 3D 79 02
13:57:20.993 R 0DF80501 44 00 00 00 00 23 FC 15
13:57:20.993 R 0DF80501 45 38 00 FF 7F EE 11 00
13:57:20.994 R 0DF80501 46 00 00 FF FF FF FF FF
13:57:20.995 R 09F80101 F8 1F 50 1F 65 98 3E 03
13:57:20.995 R 0DF80901 E4 50 10 89 A7 19 78 00
13:57:21.015 R 09FD02B1 FF 81 01 2C 73 FA FF FF
13:57:21.015 R 09FD02B1 FF 81 01 2C 73 FC FF FF
13:57:21.016 R 09FD02B1 FF 83 01 1C 86 F9 FF FF
13:57:21.018 R 11F80E00 20 1C 01 7C AF 95 0E 01
13:57:21.019 R 11F80E00 21 3C 1C 03 C0 75 55 1F
13:57:21.019 R 11F80E00 22 57 27 58 2F 01 F7 08
13:57:21.020 R 11F80E00 23 08 FF FF FF 7F C8 F8
13:57:21.021 R 11F80E00 24 FF FF FF FF FF FF FF
13:57:21.045 R 11F80E00 40 1C 01 DA FA 95 0E BF
13:57:21.046 R 11F80E00 41 53 56 03 E3 74 63 1F
13:57:21.046 R 11F80E00 42 59 5D 1F 00 00 E4 56
13:57:21.047 R 11F80E00 43 08 92 EC 00 00 D0 F8
13:57:21.047 R 11F80E00 44 FF FF FF FF FF FF FF
13:57:21.070 R 1CFF7400 3B 9F FD 00 00 FF FF FF
13:57:21.090 R 09F80201 FF FC 00 00 03 00 FF FF
13:57:21.091 R 09F80101 F8 1F 50 1F 66 98 3E 03
13:57:21.000 R 0DF01001 FF FF E4 50 10 89 A7 19
13:57:21.023 R 09FD02B1 FF 80 01 2F 73 FA FF FF
13:57:21.025 R 09FD02B1 FF 80 01 2F 73 FC FF FF
13:57:21.026 R 09FD02B1 FF 82 01 21 86 F9 FF FF
13:57:21.100 R 09F80101 F8 1F 50 1F 66 98 3E 03
13:57:21.122 R 09FD02B1 FF 7F 01 30 73 FA FF FF
13:57:21.123 R 09FD02B1 FF 7F 01 30 73 FC FF FF
13:57:21.124 R 09FD02B1 FF 81 01 22 86 F9 FF FF
13:57:21.168 R 11F80E00 60 1C 01 D9 88 94 0E EB
13:57:21.169 R 11F80E00 61 FC 34 03 62 9D 4A 1F
13:57:21.169 R 11F80E00 62 57 66 96 B5 01 25 83
13:57:21.170 R 11F80E00 63 08 FF FF FF 7F C0 F8
13:57:21.171 R 11F80E00 64 FF FF FF FF FF FF FF
13:57:21.175 R 11F80F00 E0 1B 12 7C 13 8D 0E B5
13:57:21.175 R 11F80F00 E1 97 3E 03 BC 1F 50 1F
13:57:21.176 R 11F80F00 E2 57 FF FF 00 00 00 00
13:57:21.177 R 11F80F00 E3 20 FF FF 00 70 FE FF
13:57:21.190 R 0DF50B73 00 EB 01 00 00 FF FF FF
13:57:21.201 R 09F80201 FF FC 00 00 03 00 FF FF
13:57:21.202 R 09F80101 F8 1F 50 1F 66 98 3E 03
13:57:21.202 R 0DF90B01 FF FC FB 01 03 00 FF FF
13:57:21.203 R 19F81401 60 14 57 38 34 00 00 00
13:57:21.204 R 19F81401 61 00 00 00 00 00 00 00
13:57:21.205 R 19F81401 62 00 00 00 57 38 34 00
13:57:21.222 R 09FD02B1 FF 7E 01 2F 73 FA FF FF
13:57:21.222 R 09FD02B1 FF 7E 01 2F 73 FC FF FF
13:57:21.223 R 09FD02B1 FF 80 01 23 86 F9 FF FF
13:57:21.242 R 19F51373 E0 0E FF FF FF FF FF FF
13:57:21.242 R 19F51373 E1 86 85 B0 00 00 00 00
13:57:21.243 R 19F51373 E2 00 FF FF FF FF FF FF
13:57:21.243 R 1DFF6773 00 0B 3B 9F 03 00 04 B4
13:57:21.244 R 1DFF6773 01 6E 11 19 09 09 FF FF
13:57:21.245 R 1DFF6773 20 0B 3B 9F 03 02 04 B4
13:57:21.245 R 1DFF6773 21 6E 11 19 09 09 FF FF
13:57:21.250 R 11F80F00 00 1B 12 43 10 95 0E 8F
13:57:21.251 R 11F80F00 01 03 35 03 44 D0 53 1F
13:57:21.252 R 11F80F00 02 54 B6 E0 D2 00 06 00
13:57:21.252 R 11F80F00 03 0E FF FF 00 74 FF FF
13:57:21.302 R 19FB1200 00 23 18 9E 93 99 0C 24
13:57:21.302 R 19FB1200 01 53 52 54 4A 32 41 57
13:57:21.303 R 09F80101 F8 1F 50 1F 66 98 3E 03
13:57:21.304 R 19FB1200 02 44 47 36 38 32 37 40
13:57:21.304 R 19FB1200 03 78 00 28 00 28 00 46
13:57:21.305 R 19FB1200 04 00 00 00 00 00 F3 E0
13:57:21.305 R 19FB1200 05 FF FF FF FF FF FF FF
13:57:21.306 R 1DFF7700 00 1C 3B 9F 18 9E 93 99
13:57:21.306 R 1DFF7700 01 0C 01 24 53 52 54 4A
13:57:21.307 R 1DFF7700 02 32 41 57 44 47 36 38
13:57:21.308 R 1DFF7700 03 32 37 40 04 50 E0 C0
13:57:21.308 R 1DFF7700 04 FF FF FF FF FF FF FF
13:57:21.321 R 09FD02B1 FF 7D 01 31 73 FA FF FF
13:57:21.323 R 09FD02B1 FF 7D 01 31 73 FC FF FF
13:57:21.324 R 09FD02B1 FF 7F 01 25 86 F9 FF FF
13:57:21.330 R 1CFFF001 3B 9F 8C FF 23 1C FD 65
13:57:21.356 R 11F80E00 80 1C 01 AE 7D 09 10 06
13:57:21.356 R 11F80E00 81 4B 3D 03 E8 3F 4F 1F
13:57:21.357 R 11F80E00 82 69 DD 02 52 00 E4 56
13:57:21.358 R 11F80E00 83 00 AE 00 00 00 C0 F8
13:57:21.358 R 11F80E00 84 FF FF FF FF FF FF FF
13:57:21.404 R 09F80201 FF FC 00 00 03 00 FF FF
13:57:21.405 R 0DFE1101 C0 0E C0 43 00 00 03 00
13:57:21.405 R 0DFE1101 C1 FF FF FF FF FB 01 03
13:57:21.406 R 0DFE1101 C2 00 FF FF FF FF FF FF
13:57:21.407 R 09F80101 F8 1F 50 1F 66 98 3E 03
13:57:21.420 R 09FD02B1 FF 7C 01 37 73 FA FF FF
13:57:21.421 R 09FD02B1 FF 7C 01 37 73 FC FF FF
13:57:21.422 R 09FD02B1 FF 7E 01 2B 86 F9 FF FF
13:57:21.430 R 09F50373 00 00 00 FF FF 00 FF FF
13:57:21.438 R 11F80F00 20 1B 12 52 0C 97 0E 99
13:57:21.438 R 11F80F00 21 27 44 03 2B 14 54 1F
13:57:21.439 R 11F80F00 22 57 3E 74 FC 00 06 00
13:57:21.440 R 11F80F00 23 06 FF FF 00 5C FF FF
13:57:21.490 R 19FB1100 E0 1B 18 DE FC 95 0E 4E
13:57:21.491 R 19FB1100 E1 49 43 4F 54 49 4E 45
13:57:21.491 R 19FB1100 E2 40 40 40 40 40 40 40
13:57:21.492 R 19FB1100 E3 40 40 40 40 40 E0 FF
13:57:21.493 R 1DFF7600 E0 1C 3B 9F 18 DE FC 95
13:57:21.493 R 1DFF7600 E1 0E 00 4E 49 43 4F 54
13:57:21.494 R 1DFF7600 E2 49 4E 45 40 40 40 40
13:57:21.494 R 1DFF7600 E3 40 40 40 40 40 40 40
13:57:21.495 R 1DFF7600 E4 40 FF FF FF FF FF FF
13:57:21.505 R 0DF90301 FF 7F FF FF FF 7F FF FF
13:57:21.505 R 09F80101 F8 1F 50 1F 66 98 3E 03
13:57:21.506 R 1DFFF001 C0 0D 3B 9F 90 FF FF FF
13:57:21.507 R 1DFFF001 C1 FF FF FF FF FF 11 01
13:57:21.517 R 11F80E00 A0 1C 03 50 53 8F 0E B9
13:57:21.517 R 11F80E00 A1 79 3B 03 47 D3 4B 1F
13:57:21.518 R 11F80E00 A2 51 72 8C 05 00 00 00
13:57:21.518 R 11F80E00 A3 00 2B 9E 0A 00 C0 F8
13:57:21.519 R 11F80E00 A4 FF FF FF FF FF FF FF
13:57:21.520 R 09FD02B1 FF 7B 01 3F 73 FA FF FF
13:57:21.521 R 09FD02B1 FF 7B 01 3F 73 FC FF FF
13:57:21.521 R 09FD02B1 FF 7D 01 34 86 F9 FF FF
13:57:21.570 R 09F11273 00 BD 20 FF 7F FF 7F FD
13:57:21.571 R 09F10D73 FF F8 FF FF 0C 02 FF FF
13:57:21.571 R 1CFF0873 3B 9F 00 00 14 00 FF FF
13:57:21.573 R 1CFF4F73 3B 9F 00 FF FF BD 20 FF
13:57:21.573 R 1DEFFF73 40 16 3B 9F F0 81 84 06
13:57:21.574 R 1DEFFF73 41 98 88 40 00 03 00 06
13:57:21.575 R 1DEFFF73 42 FF FF 00 00 00 01 00
13:57:21.575 R 1DEFFF73 43 00 00 FF FF FF FF FF
13:57:21.605 R 09F50373 00 00 00 FF FF 00 FF FF
13:57:21.606 R 09F80201 FF FC 00 00 03 00 FF FF
13:57:21.607 R 1CFF1A73 3B 9F 00 00 FF FF FF FF
13:57:21.607 R 09F80101 F7 1F 50 1F 66 98 3E 03
13:57:21.608 R 19FA0301 00 DB 38 00 50 00 35 00
13:57:21.609 R 19FA0601 40 0F 47 38 00 FF FF FF
13:57:21.610 R 19FA0601 41 FF FF FF FF FF FF FF
13:57:21.610 R 19FA0601 42 FF FF FF FF FF FF FF
13:57:21.611 R 19FA0B01 40 0F 47 03 00 FF FF FF
13:57:21.612 R 19FA0B01 41 FF FF FF FF FF FF FF
13:57:21.612 R 19FA0B01 42 FF FF FF FF FF FF FF
13:57:21.619 R 09FD02B1 FF 7A 01 4A 73 FA FF FF
13:57:21.620 R 09FD02B1 FF 7A 01 4A 73 FC FF FF
13:57:21.621 R 09FD02B1 FF 7C 01 40 86 F9 FF FF
13:57:21.632 R 15FD0773 00 C0 53 7A FF 7F FF FF
13:57:21.668 R 15FD0773 00 C0 53 7A FF 7F FF FF
13:57:21.677 R 11F80E00 C0 1C 01 D4 45 8D 0E 95
13:57:21.678 R 11F80E00 C1 42 3B 03 A6 B8 4B 1F
13:57:21.678 R 11F80E00 C2 57 FF FF 00 00 7D 40
13:57:21.679 R 11F80E00 C3 09 14 9A 00 00 C7 F8
13:57:21.679 R 11F80E00 C4 FF FF FF FF FF FF FF
13:57:21.708 R 19FA0401 40 DB 47 FF 12 05 FF 1D
13:57:21.709 R 19FA0401 41 E5 CD 30 11 00 00 00
13:57:21.709 R 19FA0401 42 00 F5 07 97 29 22 33
13:57:21.710 R 19FA0401 43 3C 0F 00 00 00 00 F5
13:57:21.711 R 19FA0401 44 09 C5 13 FF 3B A0 0F
13:57:21.712 R 19FA0401 45 00 00 00 00 F5 0B 0B
13:57:21.712 R 19FA0401 46 11 5A 97 48 0D 00 00
13:57:21.713 R 19FA0401 47 00 00 F5 14 5D 10 1F
13:57:21.714 R 19FA0401 48 BA D8 0E 00 00 00 00
13:57:21.715 R 19FA0401 49 F5 15 73 32 14 A9 04
13:57:21.715 R 19FA0401 4A 10 00 00 00 00 F5 1E
13:57:21.716 R 19FA0401 4B FF 2C 15 7C 68 10 00
13:57:21.717 R 19FA0401 4C 00 00 00 F5 44 80 16
13:57:21.717 R 19FA0401 4D B9 3E E4 0C 00 00 00
13:57:21.718 R 19FA0401 4E 00 F5 45 73 32 46 0C
13:57:21.719 R 09FD02B1 FF 78 01 5B 73 FA FF FF
13:57:21.719 R 19FA0401 4F A0 0F 00 00 00 00 F5
13:57:21.720 R 09FD02B1 FF 78 01 5B 73 FC FF FF
13:57:21.720 R 09FD02B1 FF 7B 01 51 86 F9 FF FF
13:57:21.721 R 19FA0401 50 46 DD 17 2B CB CC 10
13:57:21.722 R 19FA0401 51 00 00 00 00 F5 4E FF
13:57:21.722 R 19FA0401 52 1D D1 24 A0 0F 00 00
13:57:21.723 R 19FA0401 53 00 00 F5 31 74 14 66
13:57:21.724 R 19FA0401 54 7B E4 0C 00 00 00 00
13:57:21.724 R 19FA0401 55 F5 00 A2 3A FC D1 3C
13:57:21.725 R 19FA0401 56 0F 00 00 00 00 F5 00
13:57:21.726 R 19FA0401 57 39 28 FD B3 E4 0C 00
13:57:21.727 R 19FA0401 58 00 00 00 F5 00 BA 11
13:57:21.727 R 19FA0401 59 15 8B 1C 0C 00 00 00
13:57:21.728 R 19FA0401 5A 00 F5 00 DD 17 7F 34
13:57:21.729 R 19FA0401 5B 48 0D 00 00 00 00 F5
13:57:21.729 R 19FA0401 5C 00 51 2C D1 33 74 0E
13:57:21.730 R 19FA0401 5D 00 00 00 00 F5 00 3A
13:57:21.731 R 19FA0401 5E 19 36 CD 3C 0F 00 00
13:57:21.731 R 19FA0401 5F 00 00 F5 FF FF FF FF
13:57:21.732 R 09F80101 F7 1F 50 1F 66 98 3E 03
13:57:21.733 R 19F11A01 FF FF FF FF FB 01 FF FF
13:57:21.734 R 1CFF1F01 3B 9F FF FB 01 FF FF FF
13:57:21.784 R 11F80F00 40 1B 12 F5 37 8E 0E 35
13:57:21.785 R 11F80F00 41 60 2E 03 F4 CD 56 1F
13:57:21.785 R 11F80F00 42 54 E4 E8 9B 01 0B D8
13:57:21.786 R 11F80F00 43 01 FF FF 00 70 FF FF
13:57:21.809 R 09F80201 FF FC 00 00 03 00 FF FF
13:57:21.810 R 09F80101 F7 1F 50 1F 66 98 3E 03
13:57:21.818 R 09FD02B1 FF 77 01 70 73 FA FF FF
13:57:21.819 R 09FD02B1 FF 77 01 70 73 FC FF FF
13:57:21.819 R 09FD02B1 FF 79 01 65 86 F9 FF FF
13:57:21.878 R 1CFF4F73 3B 9F 00 FF FF BD 20 FF
13:57:21.879 R 1DEFFF73 60 16 3B 9F F0 81 9C 01
13:57:21.880 R 1DEFFF73 61 18 03 00 00 49 00 06
13:57:21.880 R 1DEFFF73 62 B0 09 00 00 00 01 00
13:57:21.881 R 1DEFFF73 63 00 00 FF FF FF FF FF
13:57:21.881 R 09F11273 00 BD 20 FF 7F FF 7F FD
13:57:21.882 R 09F10D73 FF F8 FF FF 0C 02 FF FF
13:57:21.911 R 0DF80501 60 2B 48 E4 50 20 B0 A7
13:57:21.911 R 0DF80501 61 19 00 E6 CE 60 46 66
13:57:21.912 R 0DF80501 62 4A 07 00 7C 9C 93 56
13:57:21.913 R 0DF80501 63 63 C1 00 C0 B6 77 02
13:57:21.914 R 0DF80501 64 00 00 00 00 23 FC 15
13:57:21.914 R 0DF80501 65 38 00 FF 7F EE 11 00
13:57:21.915 R 0DF80501 66 00 00 FF FF FF FF FF
13:57:21.916 R 09F80101 F7 1F 50 1F 66 98 3E 03
13:57:21.916 R 0DF80901 E4 50 20 B0 A7 19 78 00
13:57:21.918 R 09FD02B1 FF 76 01 84 73 FA FF FF
13:57:21.918 R 11F80E00 E0 1C 01 8D D5 95 0E F1
13:57:21.919 R 11F80E00 E1 8F 46 03 97 09 57 1F
13:57:21.919 R 09FD02B1 FF 76 01 84 73 FC FF FF
13:57:21.920 R 09FD02B1 FF 78 01 7A 86 F9 FF FF
13:57:21.920 R 11F80E00 E2 5B B2 94 8C 01 41 83
13:57:21.921 R 11F80E00 E3 00 43 93 00 00 C0 F8
13:57:21.922 R 11F80E00 E4 FF FF FF FF FF FF FF
13:57:21.972 R 11F80E00 00 1C 01 6B 5A 8E 0E 41
13:57:21.972 R 11F80E00 01 27 33 03 4A 77 57 1F
13:57:21.973 R 11F80E00 02 5B FF FF 00 00 97 08
13:57:21.974 R 11F80E00 03 08 FF FF FF 7F C0 F8
13:57:21.974 R 11F80E00 04 FF FF FF FF FF FF FF
13:57:21.999 R 11F80E00 20 1C 03 12 09 8C 0E 90
13:57:21.999 R 11F80E00 21 91 3A 03 5A 77 4B 1F
13:57:22.000 R 11F80E00 22 5F 14 B2 00 00 A1 3D
13:57:22.000 R 11F80E00 23 00 FF FF FF 7F CF F8
13:57:22.001 R 11F80E00 24 FF FF FF FF FF FF FF
13:57:22.012 R 09F80201 FF FC 00 00 03 00 FF FF
13:57:22.013 R 09F80101 F7 1F 50 1F 66 98 3E 03
13:57:22.000 R 0DF01001 FF FF E4 50 20 B0 A7 19
13:57:22.004 R 09FD02B1 FF 75 01 96 73 FA FF FF
13:57:22.005 R 09FD02B1 FF 75 01 96 73 FC FF FF
13:57:22.005 R 09FD02B1 FF 77 01 8C 86 F9 FF FF
13:57:22.043 R 1DEFFF73 80 16 3B 9F F0 81 90 00
13:57:22.044 R 1DEFFF73 81 03 03 00 00 49 00 06
13:57:22.044 R 1DEFFF73 82 B0 09 00 00 00 01 00
13:57:22.045 R 1DEFFF73 83 00 00 FF FF FF FF FF
13:57:22.094 R 19FB0200 C0 4C 05 CA 71 96 0E 00
13:57:22.095 R 19FB0200 C1 00 00 00 50 45 34 36
13:57:22.095 R 19FB0200 C2 37 37 40 56 41 52 49
13:57:22.096 R 19FB0200 C3 41 54 49 45 40 40 40
13:57:22.096 R 19FB0200 C4 40 40 40 40 40 40 40
13:57:22.097 R 19FB0200 C5 40 40 63 5C 03 5A 00
13:57:22.097 R 19FB0200 C6 28 00 E4 02 FF FF 00
13:57:22.098 R 19FB0200 C7 00 00 00 00 00 4B 45
13:57:22.099 R 19FB0200 C8 54 45 4C 4D 45 45 52
13:57:22.099 R 19FB0200 C9 40 40 40 40 40 40 40
13:57:22.100 R 19FB0200 CA 40 40 40 40 3D E1 FF
13:57:22.100 R 09F80101 F7 1F 50 1F 66 98 3E 03
13:57:22.103 R 09FD02B1 FF 74 01 A4 73 FA FF FF
13:57:22.105 R 09FD02B1 FF 74 01 A4 73 FC FF FF
13:57:22.106 R 09FD02B1 FF 76 01 9A 86 F9 FF FF
13:57:22.166 R 11F80F00 60 1B 12 7C 13 8D 0E C5
13:57:22.167 R 11F80F00 61 97 3E 03 BC 1F 50 1F
13:57:22.167 R 11F80F00 62 5B FF FF 00 00 00 00
13:57:22.168 R 11F80F00 63 20 FF FF 00 70 FE FF
13:57:22.179 R 0DF50B73 00 EB 01 00 00 FF FF FF
13:57:22.201 R 09F80201 FF FC 00 00 03 00 FF FF
13:57:22.202 R 09F80101 F7 1F 50 1F 66 98 3E 03
13:57:22.202 R 0DF90B01 FF FC FB 01 03 00 FF FF
13:57:22.203 R 09FD02B1 FF 73 01 AF 73 FA FF FF
13:57:22.203 R 09FD02B1 FF 73 01 AF 73 FC FF FF
13:57:22.204 R 09FD02B1 FF 75 01 A5 86 F9 FF FF
13:57:22.227 R 11F80E00 40 1C 01 1B E7 96 0E FB
13:57:22.227 R 11F80E00 41 21 33 03 D0 45 57 1F
13:57:22.228 R 11F80E00 42 58 FF FF 00 00 2B C1
13:57:22.228 R 11F80E00 43 09 FF FF FF 7F C0 F8
13:57:22.229 R 11F80E00 44 FF FF FF FF FF FF FF
13:57:22.232 R 19F51373 A0 0E FF FF FF FF FF FF
13:57:22.233 R 19F51373 A1 86 85 B0 00 00 00 00
13:57:22.233 R 19F51373 A2 00 FF FF FF FF FF FF
13:57:22.234 R 1DFF6773 C0 0B 3B 9F 03 00 04 B4
13:57:22.235 R 1DFF6773 C1 6E 11 19 09 09 FF FF
13:57:22.235 R 1DFF6773 E0 0B 3B 9F 03 02 04 B4
13:57:22.236 R 1DFF6773 E1 6E 11 19 09 09 FF FF
13:57:22.254 R 11F80F00 80 1B 12 D8 1F 0E 0D 9D
13:57:22.255 R 11F80F00 81 BA 3D 03 CF 83 4F 1F
13:57:22.255 R 11F80F00 82 5B FF FF 00 00 DA 42
13:57:22.256 R 11F80F00 83 09 FF FF 00 70 FF FF
13:57:22.302 R 09FD02B1 FF 72 01 B8 73 FA FF FF
13:57:22.303 R 09F80101 F7 1F 50 1F 66 98 3E 03
13:57:22.303 R 09FD02B1 FF 72 01 B8 73 FC FF FF
13:57:22.304 R 09FD02B1 FF 74 01 AD 86 F9 FF FF
13:57:22.327 R 1CFFF001 3B 9F 8C FF 36 1C C5 65
13:57:22.395 R 09F50373 00 00 00 FF FF 00 FF FF
13:57:22.401 R 09FD02B1 FF 70 01 BD 73 FA FF FF
13:57:22.402 R 09FD02B1 FF 70 01 BD 73 FC FF FF
13:57:22.403 R 09FD02B1 FF 73 01 B3 86 F9 FF FF
13:57:22.404 R 09F80201 FF FC 00 00 03 00 FF FF
13:57:22.405 R 0DFE1101 E0 0E C0 44 00 00 03 00
13:57:22.405 R 0DFE1101 E1 FF FF FF FF FB 01 03
13:57:22.406 R 0DFE1101 E2 00 FF FF FF FF FF FF
13:57:22.407 R 09F80101 F7 1F 50 1F 66 98 3E 03
13:57:22.498 R 11F80F00 A0 1B 12 D9 8A 03 0E BE
13:57:22.498 R 11F80F00 A1 76 27 03 6C 8D 4B 1F
13:57:22.499 R 11F80F00 A2 59 02 B8 20 01 06 00
13:57:22.500 R 11F80F00 A3 06 FF FF 00 2C FF FF
13:57:22.501 R 09FD02B1 FF 6F 01 C3 73 FA FF FF
13:57:22.501 R 09FD02B1 FF 6F 01 C3 73 FC FF FF
13:57:22.502 R 09FD02B1 FF 71 01 B8 86 F9 FF FF
13:57:22.506 R 0DF90301 FF 7F FF FF FF 7F FF FF
13:57:22.507 R 09F80101 F7 1F 50 1F 66 98 3E 03
13:57:22.507 R 1DFFF001 E0 0D 3B 9F 90 FF FF FF
13:57:22.508 R 1DFFF001 E1 FF FF FF FF FF 0C 01
13:57:22.578 R 09F11273 00 BD 20 FF 7F FF 7F FD
13:57:22.579 R 09F10D73 FF F8 FF FF 0C 02 FF FF
13:57:22.580 R 1CFF0873 3B 9F 00 00 14 00 FF FF
13:57:22.580 R 1CFF4F73 3B 9F 00 FF FF BD 20 FF
13:57:22.581 R 1DEFFF73 00 16 3B 9F F0 81 84 06
13:57:22.582 R 1DEFFF73 01 98 88 40 00 03 00 06
13:57:22.582 R 1DEFFF73 02 00 00 00 00 00 01 00
13:57:22.583 R 1DEFFF73 03 00 00 FF FF FF FF FF
13:57:22.600 R 09FD02B1 FF 6E 01 C8 73 FA FF FF
13:57:22.601 R 09FD02B1 FF 6E 01 C8 73 FC FF FF
13:57:22.601 R 09FD02B1 FF 70 01 BD 86 F9 FF FF
13:57:22.607 R 09F50373 00 00 00 FF FF 00 FF FF
13:57:22.607 R 09F80201 FF FC 00 00 03 00 FF FF
13:57:22.608 R 1CFF1A73 3B 9F 00 00 FF FF FF FF
13:57:22.609 R 09F80101 F7 1F 50 1F 66 98 3E 03
13:57:22.609 R 19FA0301 00 DB 38 00 50 00 35 00
13:57:22.610 R 19FA0601 60 0F 48 38 00 FF FF FF
13:57:22.611 R 19FA0601 61 FF FF FF FF FF FF FF
13:57:22.611 R 19FA0601 62 FF FF FF FF FF FF FF
13:57:22.612 R 19FA0B01 60 0F 48 04 00 FF FF FF
13:57:22.613 R 19FA0B01 61 FF FF FF FF FF FF FF
13:57:22.613 R 19FA0B01 62 FF FF FF FF FF FF FF
13:57:22.692 R 15FD0773 00 C0 53 7A FF 7F FF FF
13:57:22.700 R 09FD02B1 FF 6D 01 CE 73 FA FF FF
13:57:22.700 R 09FD02B1 FF 6D 01 CE 73 FC FF FF
13:57:22.701 R 09FD02B1 FF 6F 01 C3 86 F9 FF FF
13:57:22.709 R 19FA0401 60 DB 48 FF 12 05 FF 1D
13:57:22.710 R 19FA0401 61 E5 CD 30 11 00 00 00
13:57:22.710 R 19FA0401 62 00 F5 07 97 29 22 33
13:57:22.711 R 19FA0401 63 3C 0F 00 00 00 00 F5
13:57:22.712 R 19FA0401 64 09 C5 13 FF 3B A0 0F
13:57:22.712 R 19FA0401 65 00 00 00 00 F5 0B 0B
13:57:22.713 R 19FA0401 66 11 5A 97 E4 0C 00 00
13:57:22.714 R 19FA0401 67 00 00 F5 14 5D 10 1F
13:57:22.715 R 19FA0401 68 BA D8 0E 00 00 00 00
13:57:22.715 R 19FA0401 69 F5 15 73 32 14 A9 04
13:57:22.716 R 19FA0401 6A 10 00 00 00 00 F5 1E
13:57:22.717 R 19FA0401 6B FF 2C 15 7C 68 10 00
13:57:22.717 R 19FA0401 6C 00 00 00 F5 44 80 16
13:57:22.718 R 19FA0401 6D B9 3E 80 0C 00 00 00
13:57:22.719 R 19FA0401 6E 00 F5 45 73 32 46 0C
13:57:22.719 R 15FD0773 00 C0 53 7A FF 7F FF FF
13:57:22.720 R 19FA0401 6F A0 0F 00 00 00 00 F5
13:57:22.721 R 19FA0401 70 46 DD 17 2B CB CC 10
13:57:22.721 R 19FA0401 71 00 00 00 00 F5 4E FF
13:57:22.722 R 19FA0401 72 1D D1 24 A0 0F 00 00
13:57:22.723 R 19FA0401 73 00 00 F5 31 74 14 66
13:57:22.723 R 19FA0401 74 7B E4 0C 00 00 00 00
13:57:22.724 R 19FA0401 75 F5 00 A2 3A FC D1 3C
13:57:22.725 R 19FA0401 76 0F 00 00 00 00 F5 00
13:57:22.725 R 19FA0401 77 39 28 FD B3 48 0D 00
13:57:22.726 R 19FA0401 78 00 00 00 F5 00 BA 11
13:57:22.727 R 19FA0401 79 15 8B 1C 0C 00 00 00
13:57:22.728 R 19FA0401 7A 00 F5 00 DD 17 7F 34
13:57:22.728 R 19FA0401 7B 48 0D 00 00 00 00 F5
13:57:22.729 R 19FA0401 7C 00 51 2C D1 33 74 0E
13:57:22.730 R 19FA0401 7D 00 00 00 00 F5 00 3A
13:57:22.730 R 19FA0401 7E 19 36 CD 3C 0F 00 00
13:57:22.731 R 19FA0401 7F 00 00 F5 FF FF FF FF
13:57:22.732 R 09F80101 F7 1F 50 1F 66 98 3E 03
13:57:22.733 R 19F11A01 FF FF FF FF FB 01 FF FF
13:57:22.789 R 11F80E00 60 1C 01 C9 D4 95 0E 60
13:57:22.790 R 11F80E00 61 3C 3D 03 6C F2 4F 1F
13:57:22.790 R 11F80E00 62 5B ED 4D 00 00 62 83
13:57:22.791 R 11F80E00 63 09 FF FF FF 7F D0 F8
13:57:22.791 R 11F80E00 64 FF FF FF FF FF FF FF
13:57:22.799 R 09FD02B1 FF 6C 01 D5 73 FA FF FF
13:57:22.800 R 09FD02B1 FF 6C 01 D5 73 FC FF FF
13:57:22.800 R 09FD02B1 FF 6E 01 CA 86 F9 FF FF
13:57:22.812 R 09F80201 FF FC 00 00 03 00 FF FF
13:57:22.812 R 09F80101 F7 1F 50 1F 66 98 3E 03
13:57:22.843 R 11F80E00 80 1C 01 CA 71 96 0E 4C
13:57:22.843 R 11F80E00 81 37 3D 03 46 F0 4F 1F
13:57:22.844 R 11F80E00 82 5C 00 00 00 00 B4 08
13:57:22.844 R 11F80E00 83 00 FF FF FF 7F C0 F8
13:57:22.845 R 11F80E00 84 FF FF FF FF FF FF FF
13:57:22.897 R 1CFF4F73 3B 9F 00 FF FF BD 20 FF
13:57:22.898 R 1DEFFF73 20 16 3B 9F F0 81 9C 01
13:57:22.899 R 09FD02B1 FF 6B 01 DF 73 FA FF FF
13:57:22.899 R 09FD02B1 FF 6B 01 DF 73 FC FF FF
13:57:22.900 R 1DEFFF73 21 18 03 00 00 00 00 00
13:57:22.900 R 09FD02B1 FF 6D 01 D2 86 F9 FF FF
13:57:22.901 R 1DEFFF73 22 00 00 00 00 00 01 00
13:57:22.901 R 1DEFFF73 23 00 00 FF FF FF FF FF
13:57:22.902 R 09F11273 00 BD 20 FF 7F FF 7F FD
13:57:22.903 R 09F10D73 FF F8 FF FF 0C 02 FF FF
13:57:22.913 R 0DF80501 80 2B 49 E4 50 E2 D4 A7
13:57:22.913 R 0DF80501 81 19 00 E6 CE 60 46 66
13:57:22.914 R 0DF80501 82 4A 07 00 7C 9C 93 56
13:57:22.915 R 0DF80501 83 63 C1 00 C0 B6 77 02
13:57:22.915 R 0DF80501 84 00 00 00 00 23 FC 15
13:57:22.916 R 0DF80501 85 38 00 FF 7F EE 11 00
13:57:22.917 R 0DF80501 86 00 00 FF FF FF FF FF
13:57:22.918 R 09F80101 F7 1F 50 1F 66 98 3E 03
13:57:22.918 R 0DF80901 E4 50 E2 D4 A7 19 78 00
13:57:22.998 R 09FD02B1 FF 69 01 EC 73 FA FF FF
13:57:22.998 R 09FD02B1 FF 69 01 EC 73 FC FF FF
13:57:22.999 R 09FD02B1 FF 6B 01 DE 86 F9 FF FF
13:57:23.014 R 09F80201 FF FC 00 00 03 00 FF FF
13:57:23.014 R 09F80101 F7 1F 50 1F 66 98 3E 03
13:57:23.081 R 0DF01001 FF FF E4 50 5A DA A7 19
13:57:23.150 R 11F80E00 A0 1C 01 90 73 8B 0E AD
13:57:23.150 R 11F80E00 A1 56 3D 03 10 1E 4E 1F
13:57:23.151 R 11F80E00 A2 5F FF FF 00 00 E4 56
13:57:23.151 R 11F80E00 A3 08 FF FF FF 7F C0 F8
13:57:23.152 R 11F80E00 A4 FF FF FF FF FF FF FF
13:57:23.163 R 09FD02B1 FF 68 01 FC 73 FA FF FF
13:57:23.164 R 09FD02B1 FF 68 01 FC 73 FC FF FF
13:57:23.164 R 09FD02B1 FF 6A 01 ED 86 F9 FF FF
13:57:23.181 R 09F80101 F7 1F 50 1F 66 98 3E 03
13:57:23.236 R 11F80F00 C0 1B 12 7C 13 8D 0E C5
13:57:23.237 R 11F80F00 C1 97 3E 03 BC 1F 50 1F
13:57:23.237 R 11F80F00 C2 5F FF FF 00 00 00 00
13:57:23.238 R 11F80F00 C3 20 FF FF 00 70 FE FF
13:57:23.252 R 0DF50B73 00 EB 01 00 00 FF FF FF
13:57:23.262 R 09FD02B1 FF 67 01 0F 74 FA FF FF
13:57:23.263 R 09FD02B1 FF 67 01 0F 74 FC FF FF
13:57:23.264 R 09FD02B1 FF 69 01 FE 86 F9 FF FF
13:57:23.282 R 09F80201 FF FC 00 00 03 00 FF FF
13:57:23.282 R 09F80101 F6 1F 50 1F 66 98 3E 03
13:57:23.283 R 0DF90B01 FF FC FB 01 03 00 FF FF
13:57:23.302 R 19F51373 40 0E FF FF FF FF FF FF
13:57:23.302 R 19F51373 41 86 85 B0 00 00 00 00
13:57:23.303 R 19F51373 42 00 FF FF FF FF FF FF
13:57:23.304 R 1DFF6773 60 0B 3B 9F 03 00 04 B4
13:57:23.304 R 1DFF6773 61 6E 11 19 09 09 FF FF
13:57:23.305 R 1DFF6773 80 0B 3B 9F 03 02 04 B4
13:57:23.305 R 1DFF6773 81 6E 11 19 09 09 FF FF
13:57:23.362 R 09FD02B1 FF 66 01 22 74 FA FF FF
13:57:23.364 R 09FD02B1 FF 66 01 22 74 FC FF FF
13:57:23.364 R 09FD02B1 FF 68 01 10 87 F9 FF FF
13:57:23.383 R 09F80101 F6 1F 50 1F 66 98 3E 03
13:57:23.393 R 1CFFF001 3B 9F 8C FF 57 1C 65 65
13:57:23.461 R 09FD02B1 FF 64 01 36 74 FA FF FF
13:57:23.462 R 09FD02B1 FF 64 01 36 74 FC FF FF
13:57:23.463 R 09FD02B1 FF 67 01 21 87 F9 FF FF
13:57:23.468 R 09F50373 00 00 00 FF FF 00 FF FF
13:57:23.474 R 11F80F00 E0 1B 12 D9 8A 03 0E 1D
13:57:23.475 R 11F80F00 E1 75 27 03 6C 8D 4B 1F
13:57:23.476 R 11F80F00 E2 5D 8E B8 15 01 06 00
13:57:23.476 R 11F80F00 E3 0E FF FF 00 2C FF FF
13:57:23.484 R 09F80201 FF FC 00 00 03 00 FF FF
13:57:23.485 R 0DFE1101 00 0E C0 45 00 00 03 00
13:57:23.485 R 0DFE1101 01 FF FF FF FF FB 01 03
13:57:23.486 R 0DFE1101 02 00 FF FF FF FF FF FF
13:57:23.487 R 09F80101 F6 1F 50 1F 66 98 3E 03
13:57:23.501 R 09F11273 00 BD 20 FF 7F FF 7F FD
13:57:23.502 R 09F10D73 FF F8 FF FF 0C 02 FF FF
13:57:23.502 R 1CFF0873 3B 9F 00 00 14 00 FF FF
13:57:23.503 R 1CFF4F73 3B 9F 00 FF FF BD 20 FF
13:57:23.504 R 1DEFFF73 A0 16 3B 9F F0 81 84 06
13:57:23.504 R 1DEFFF73 A1 98 88 40 00 03 00 06
13:57:23.505 R 1DEFFF73 A2 FF FF 00 00 00 01 00
13:57:23.505 R 1DEFFF73 A3 00 00 FF FF FF FF FF
13:57:23.561 R 09FD02B1 FF 63 01 49 74 FA FF FF
13:57:23.562 R 09FD02B1 FF 63 01 49 74 FC FF FF
13:57:23.563 R 09FD02B1 FF 66 01 32 87 F9 FF FF
13:57:23.567 R 09F50373 00 00 00 FF FF 00 FF FF
13:57:23.567 R 1CFF1A73 3B 9F 00 00 FF FF FF FF
13:57:23.578 R 11F80F00 00 1B 12 6A 6B 96 0C EF
13:57:23.579 R 11F80F00 01 6A 36 03 C3 8C 52 1F
13:57:23.579 R 11F80F00 02 5C 0D E4 DD 00 21 0D
13:57:23.580 R 11F80F00 03 00 FF FF 00 70 FF FF
13:57:23.585 R 0DF90301 FF 7F FF FF FF 7F FF FF
13:57:23.586 R 09F80101 F6 1F 50 1F 66 98 3E 03
13:57:23.586 R 1DFFF001 00 0D 3B 9F 90 FF FF FF
13:57:23.587 R 1DFFF001 01 FF FF FF FF FF 07 01
13:57:23.660 R 09FD02B1 FF 62 01 5C 74 FA FF FF
13:57:23.661 R 09FD02B1 FF 62 01 5C 74 FC FF FF
13:57:23.661 R 09FD02B1 FF 65 01 42 87 F9 FF FF
13:57:23.687 R 09F80201 FF FC 00 00 03 00 FF FF
13:57:23.687 R 09F80101 F6 1F 50 1F 66 98 3E 03
13:57:23.688 R 19FA0301 00 DB 38 00 50 00 35 00
13:57:23.689 R 19FA0601 80 0F 49 38 00 FF FF FF
13:57:23.689 R 19FA0601 81 FF FF FF FF FF FF FF
13:57:23.690 R 19FA0601 82 FF FF FF FF FF FF FF
13:57:23.691 R 19FA0B01 80 0F 49 03 00 FF FF FF
13:57:23.692 R 19FA0B01 81 FF FF FF FF FF FF FF
13:57:23.692 R 19FA0B01 82 FF FF FF FF FF FF FF
13:57:23.740 R 11F80E00 C0 1C 01 E4 71 96 0E E1
13:57:23.740 R 11F80E00 C1 53 3D 03 EF 28 4E 1F
13:57:23.741 R 11F80E00 C2 5F FF FF 00 00 BD 08
13:57:23.742 R 11F80E00 C3 00 07 F2 00 00 CF F8
13:57:23.742 R 11F80E00 C4 FF FF FF FF FF FF FF
13:57:23.743 R 11F80E00 E0 1C 03 62 4C 96 0E 2E
13:57:23.743 R 11F80E00 E1 A1 28 03 0D A5 45 1F
13:57:23.744 R 11F80E00 E2 5F D4 A3 53 01 B1 2F
13:57:23.744 R 11F80E00 E3 08 FF FF FF 7F CF F8
13:57:23.745 R 11F80E00 E4 FF FF FF FF FF FF FF
13:57:23.759 R 09FD02B1 FF 62 01 68 74 FA FF FF
13:57:23.760 R 09FD02B1 FF 62 01 68 74 FC FF FF
13:57:23.761 R 09FD02B1 FF 64 01 4D 87 F9 FF FF
13:57:23.778 R 15FD0773 00 C0 53 7A FF 7F FF FF
13:57:23.788 R 19FA0401 80 DB 49 FF 12 05 FF 1D
13:57:23.789 R 19FA0401 81 E5 CD 30 11 00 00 00
13:57:23.790 R 19FA0401 82 00 F5 07 97 29 22 33
13:57:23.790 R 19FA0401 83 3C 0F 00 00 00 00 F5
13:57:23.791 R 19FA0401 84 09 C5 13 FF 3B A0 0F
13:57:23.792 R 19FA0401 85 00 00 00 00 F5 0B 0B
13:57:23.792 R 19FA0401 86 11 5A 97 48 0D 00 00
13:57:23.793 R 19FA0401 87 00 00 F5 14 5D 10 1F
13:57:23.794 R 19FA0401 88 BA D8 0E 00 00 00 00
13:57:23.794 R 19FA0401 89 F5 15 73 32 14 A9 04
13:57:23.795 R 19FA0401 8A 10 00 00 00 00 F5 1E
13:57:23.796 R 19FA0401 8B FF 2C 15 7C 68 10 00
13:57:23.797 R 19FA0401 8C 00 00 00 F5 44 80 16
13:57:23.797 R 19FA0401 8D B9 3E 80 0C 00 00 00
13:57:23.798 R 19FA0401 8E 00 F5 45 73 32 46 0C
13:57:23.799 R 19FA0401 8F A0 0F 00 00 00 00 F5
13:57:23.799 R 19FA0401 90 46 DD 17 2B CB 30 11
13:57:23.800 R 19FA0401 91 00 00 00 00 F5 4E FF
13:57:23.801 R 19FA0401 92 1D D1 24 A0 0F 00 00
13:57:23.801 R 19FA0401 93 00 00 F5 31 74 14 66
13:57:23.802 R 19FA0401 94 7B 80 0C 00 00 00 00
13:57:23.803 R 19FA0401 95 F5 00 A2 3A FC D1 3C
13:57:23.804 R 19FA0401 96 0F 00 00 00 00 F5 00
13:57:23.804 R 19FA0401 97 39 28 FD B3 AC 0D 00
13:57:23.805 R 19FA0401 98 00 00 00 F5 00 BA 11
13:57:23.806 R 19FA0401 99 15 8B 1C 0C 00 00 00
13:57:23.806 R 19FA0401 9A 00 F5 00 DD 17 7F 34
13:57:23.807 R 19FA0401 9B 48 0D 00 00 00 00 F5
13:57:23.808 R 19FA0401 9C 00 51 2C D1 33 D8 0E
13:57:23.808 R 19FA0401 9D 00 00 00 00 F5 00 3A
13:57:23.809 R 19FA0401 9E 19 36 CD 3C 0F 00 00
13:57:23.810 R 19FA0401 9F 00 00 F5 FF FF FF FF
13:57:23.811 R 09F80101 F6 1F 50 1F 66 98 3E 03
13:57:23.811 R 19F11A01 FF FF FF FF FB 01 FF FF
13:57:23.813 R 15FD0773 00 C0 53 7A FF 7F FF FF
13:57:23.821 R 11F80F00 20 1B 12 1F 5B 8B 0E 93
13:57:23.821 R 11F80F00 21 0A 30 03 00 62 57 1F
13:57:23.822 R 11F80F00 22 63 39 4C 06 01 06 00
13:57:23.823 R 11F80F00 23 0E FF FF 00 74 FF FF
13:57:23.859 R 09FD02B1 FF 61 01 6C 74 FA FF FF
13:57:23.861 R 09FD02B1 FF 61 01 6C 74 FC FF FF
13:57:23.861 R 09FD02B1 FF 63 01 4F 87 F9 FF FF
13:57:23.890 R 09F80201 FF FC 00 00 03 00 FF FF
13:57:23.890 R 09F80101 F6 1F 50 1F 66 98 3E 03
13:57:23.928 R 11F80F00 40 1B 12 9A D5 8C 0E 9D
13:57:23.929 R 11F80F00 41 1E 3E 03 15 BB 4F 1F
13:57:23.929 R 11F80F00 42 60 77 9C 00 00 06 00
13:57:23.930 R 11F80F00 43 0E FF FF 00 54 FF FF
13:57:23.958 R 09FD02B1 FF 60 01 66 74 FA FF FF
13:57:23.959 R 09FD02B1 FF 60 01 66 74 FC FF FF
13:57:23.959 R 09FD02B1 FF 62 01 47 87 F9 FF FF
13:57:23.991 R 0DF80501 A0 2B 4A E4 50 40 FE A7
13:57:23.992 R 0DF80501 A1 19 00 1C 34 25 46 66
13:57:23.992 R 0DF80501 A2 4A 07 00 7C 9C 93 56
13:57:23.993 R 0DF80501 A3 63 C1 00 C0 B6 77 02
13:57:23.994 R 0DF80501 A4 00 00 00 00 23 FC 15
13:57:23.994 R 0DF80501 A5 38 00 FF 7F EE 11 00
13:57:23.995 R 0DF80501 A6 00 00 FF FF FF FF FF
13:57:23.996 R 09F80101 F6 1F 50 1F 66 98 3E 03
13:57:23.996 R 0DF80901 E4 50 40 FE A7 19 78 00
13:57:24.044 R 1CFF7400 3B 9F FD 00 00 FF FF FF
13:57:24.057 R 09FD02B1 FF 5F 01 5D 74 FA FF FF
13:57:24.058 R 09FD02B1 FF 5F 01 5D 74 FC FF FF
13:57:24.059 R 09FD02B1 FF 61 01 3C 87 F9 FF FF
13:57:24.091 R 09F80201 FF FC 00 00 03 00 FF FF
13:57:24.092 R 09F80101 F6 1F 50 1F 66 98 3E 03
13:57:24.000 R 0DF01001 FF FF E4 50 40 FE A7 19
13:57:24.004 R 1CFF4F73 3B 9F 00 FF FF 66 20 FF
13:57:24.005 R 1DEFFF73 C0 16 3B 9F F0 81 9C C1
13:57:24.005 R 1DEFFF73 C1 17 03 FB 01 03 00 06
13:57:24.006 R 1DEFFF73 C2 B0 09 00 00 00 01 00
13:57:24.007 R 1DEFFF73 C3 00 00 FF FF FF FF FF
13:57:24.007 R 09F11273 00 66 20 FF 7F FF 7F FD
13:57:24.008 R 09F10D73 FF F8 FF FF 0C 02 FF FF
13:57:24.063 R 09FD02B1 FF 5E 01 62 74 FA FF FF
13:57:24.064 R 09FD02B1 FF 5E 01 62 74 FC FF FF
13:57:24.064 R 09FD02B1 FF 61 01 3E 87 F9 FF FF
13:57:24.099 R 09F80101 F6 1F 50 1F 66 98 3E 03
13:57:24.147 R 11F80F00 60 1B 12 7C 13 8D 0E C5
13:57:24.147 R 11F80F00 61 97 3E 03 BC 1F 50 1F
13:57:24.148 R 11F80F00 62 63 FF FF 00 00 00 00
13:57:24.148 R 11F80F00 63 20 FF FF 00 70 FE FF
13:57:24.162 R 09FD02B1 FF 5E 01 81 74 FA FF FF
13:57:24.163 R 09FD02B1 FF 5E 01 81 74 FC FF FF
13:57:24.164 R 09FD02B1 FF 60 01 5B 87 F9 FF FF
13:57:24.180 R 0DF50B73 00 EB 01 00 00 FF FF FF
13:57:24.200 R 09F80201 FF FC 00 00 03 00 FF FF
13:57:24.201 R 09F80101 F6 1F 50 1F 66 98 3E 03
13:57:24.202 R 0DF90B01 FF FC FB 01 03 00 FF FF
13:57:24.209 R 1DEFFF73 E0 16 3B 9F F0 81 90 00
13:57:24.209 R 1DEFFF73 E1 03 A1 00 01 03 00 06
13:57:24.210 R 1DEFFF73 E2 B0 09 00 00 00 01 00
13:57:24.211 R 1DEFFF73 E3 00 00 FF FF FF FF FF
13:57:24.212 R 19F51373 00 0E FF FF FF FF FF FF
13:57:24.212 R 19F51373 01 86 85 B0 00 00 00 00
13:57:24.213 R 19F51373 02 00 FF FF FF FF FF FF
13:57:24.214 R 1DFF6773 20 0B 3B 9F 03 00 04 B4
13:57:24.214 R 1DFF6773 21 6E 11 19 09 09 FF FF
13:57:24.215 R 1DFF6773 40 0B 3B 9F 03 02 04 B4
13:57:24.216 R 1DFF6773 41 6E 11 19 09 09 FF FF
13:57:24.262 R 09FD02B1 FF 5D 01 BC 74 FA FF FF
13:57:24.262 R 09FD02B1 FF 5D 01 BC 74 FC FF FF
13:57:24.263 R 09FD02B1 FF 5F 01 93 87 F9 FF FF
13:57:24.301 R 1CFFF001 3B 9F 8C FF 77 1C 06 65
13:57:24.302 R 09F80101 F6 1F 50 1F 66 98 3E 03
13:57:24.361 R 09FD02B1 FF 5C 01 00 75 FA FF FF
13:57:24.362 R 09FD02B1 FF 5C 01 00 75 FC FF FF
13:57:24.362 R 09FD02B1 FF 5E 01 D4 87 F9 FF FF
13:57:24.402 R 09F80201 FF FC 00 00 03 00 FF FF
13:57:24.403 R 0DFE1101 20 0E C0 46 00 00 03 00
13:57:24.404 R 0DFE1101 21 FF FF FF FF FB 01 03
13:57:24.404 R 0DFE1101 22 00 FF FF FF FF FF FF
13:57:24.405 R 09F80101 F6 1F 50 1F 66 98 3E 03
13:57:24.429 R 1DEFFF73 60 16 3B 9F F0 81 84 86
13:57:24.429 R 1DEFFF73 61 97 88 40 00 03 00 06
13:57:24.430 R 1DEFFF73 62 FF FF 00 00 00 01 00
13:57:24.431 R 1DEFFF73 63 00 00 FF FF FF FF FF
13:57:24.431 R 09F11273 00 0E 20 FF 7F FF 7F FD
13:57:24.432 R 09F10D73 FF F8 FF FF 0C 02 FF FF
13:57:24.432 R 1CFF0873 3B 9F 00 00 14 00 FF FF
13:57:24.433 R 1CFF4F73 3B 9F 00 FF FF 0E 20 FF
13:57:24.461 R 09FD02B1 FF 5B 01 33 75 FA FF FF
13:57:24.461 R 09FD02B1 FF 5B 01 33 75 FC FF FF
13:57:24.462 R 09FD02B1 FF 5D 01 05 88 F9 FF FF
13:57:24.472 R 09F50373 00 00 00 FF FF 00 FF FF
13:57:24.503 R 0DF90301 FF 7F FF FF FF 7F FF FF
13:57:24.504 R 09F80101 F6 1F 50 1F 66 98 3E 03
13:57:24.505 R 1DFFF001 20 0D 3B 9F 90 FF FF FF
13:57:24.505 R 1DFFF001 21 FF FF FF FF FF 01 01
13:57:24.560 R 09FD02B1 FF 5B 01 46 75 FA FF FF
13:57:24.561 R 09FD02B1 FF 5B 01 46 75 FC FF FF
13:57:24.561 R 09FD02B1 FF 5D 01 16 88 F9 FF FF
13:57:24.588 R 1CFF1A73 3B 9F 00 00 FF FF FF FF
13:57:24.588 R 09F50373 00 00 00 FF FF 00 FF FF
13:57:24.604 R 09F80201 FF FC 00 00 03 00 FF FF
13:57:24.605 R 09F80101 F6 1F 50 1F 66 98 3E 03
13:57:24.605 R 19FA0301 00 DB 38 00 50 00 35 00
13:57:24.606 R 19FA0601 A0 0F 4A 38 00 FF FF FF
13:57:24.607 R 19FA0601 A1 FF FF FF FF FF FF FF
13:57:24.607 R 19FA0601 A2 FF FF FF FF FF FF FF
13:57:24.608 R 19FA0B01 A0 0F 4A 03 00 FF FF FF
13:57:24.609 R 19FA0B01 A1 FF FF FF FF FF FF FF
13:57:24.609 R 19FA0B01 A2 FF FF FF FF FF FF FF
13:57:24.636 R 11F80E00 00 1C 03 50 53 8F 0E B9
13:57:24.636 R 11F80E00 01 79 3B 03 47 D3 4B 1F
13:57:24.637 R 11F80E00 02 61 38 64 00 00 A0 10
13:57:24.638 R 11F80E00 03 08 2B 9E 14 00 C0 F8
13:57:24.638 R 11F80E00 04 FF FF FF FF FF FF FF
13:57:24.659 R 09FD02B1 FF 5B 01 4E 75 FA FF FF
13:57:24.660 R 09FD02B1 FF 5B 01 4E 75 FC FF FF
13:57:24.661 R 09FD02B1 FF 5D 01 1C 88 F9 FF FF
13:57:24.678 R 15FD0773 00 C0 53 7A FF 7F FF FF
13:57:24.705 R 15FD0773 00 C0 53 7A FF 7F FF FF
13:57:24.705 R 19FA0401 A0 DB 4A FF 12 05 FF 1D
13:57:24.706 R 19FA0401 A1 E5 CD CC 10 00 00 00
13:57:24.707 R 19FA0401 A2 00 F5 07 97 29 22 33
13:57:24.707 R 19FA0401 A3 3C 0F 00 00 00 00 F5
13:57:24.708 R 19FA0401 A4 09 C5 13 FF 3B 3C 0F
13:57:24.708 R 19FA0401 A5 00 00 00 00 F5 0B 0B
13:57:24.709 R 19FA0401 A6 11 5A 97 E4 0C 00 00
13:57:24.710 R 19FA0401 A7 00 00 F5 14 5D 10 1F
13:57:24.710 R 19FA0401 A8 BA D8 0E 00 00 00 00
13:57:24.711 R 19FA0401 A9 F5 15 73 32 14 A9 04
13:57:24.712 R 19FA0401 AA 10 00 00 00 00 F5 1E
13:57:24.712 R 19FA0401 AB FF 2C 15 7C 04 10 00
13:57:24.713 R 19FA0401 AC 00 00 00 F5 44 80 16
13:57:24.714 R 19FA0401 AD B9 3E 80 0C 00 00 00
13:57:24.714 R 19FA0401 AE 00 F5 45 73 32 46 0C
13:57:24.715 R 19FA0401 AF A0 0F 00 00 00 00 F5
13:57:24.715 R 19FA0401 B0 46 DD 17 2B CB 30 11
13:57:24.716 R 19FA0401 B1 00 00 00 00 F5 4E FF
13:57:24.717 R 19FA0401 B2 1D D1 24 A0 0F 00 00
13:57:24.717 R 19FA0401 B3 00 00 F5 31 74 14 66
13:57:24.718 R 19FA0401 B4 7B 1C 0C 00 00 00 00
13:57:24.719 R 19FA0401 B5 F5 00 A2 3A FC D1 D8
13:57:24.719 R 19FA0401 B6 0E 00 00 00 00 F5 00
13:57:24.720 R 19FA0401 B7 39 28 FD B3 AC 0D 00
13:57:24.721 R 19FA0401 B8 00 00 00 F5 00 BA 11
13:57:24.721 R 19FA0401 B9 15 8B 1C 0C 00 00 00
13:57:24.722 R 19FA0401 BA 00 F5 00 DD 17 7F 34
13:57:24.722 R 19FA0401 BB E4 0C 00 00 00 00 F5
13:57:24.723 R 19FA0401 BC 00 51 2C D1 33 74 0E
13:57:24.724 R 19FA0401 BD 00 00 00 00 F5 00 3A
13:57:24.724 R 19FA0401 BE 19 36 CD 3C 0F 00 00
13:57:24.725 R 19FA0401 BF 00 00 F5 FF FF FF FF
13:57:24.726 R 09F80101 F6 1F 50 1F 66 98 3E 03
13:57:24.726 R 19F11A01 FF FF FF FF FB 01 FF FF
13:57:24.759 R 09FD02B1 FF 5B 01 68 75 FA FF FF
13:57:24.759 R 09FD02B1 FF 5B 01 68 75 FC FF FF
13:57:24.760 R 09FD02B1 FF 5D 01 34 88 F9 FF FF
13:57:24.806 R 09F80201 FF FC 00 00 03 00 FF FF
13:57:24.807 R 09F80101 F6 1F 50 1F 66 98 3E 03
13:57:24.825 R 19FB1200 20 23 18 DA 45 98 0E 24
13:57:24.825 R 19FB1200 21 53 4D 54 44 5E 56 30
13:57:24.826 R 19FB1200 22 50 48 32 37 38 31 40
13:57:24.826 R 19FB1200 23 6E 00 14 00 14 00 6E
13:57:24.827 R 19FB1200 24 00 00 00 00 00 03 E1
13:57:24.827 R 19FB1200 25 FF FF FF FF FF FF FF
13:57:24.828 R 1DFF7700 20 1C 3B 9F 18 DA 45 98
13:57:24.829 R 1DFF7700 21 0E 01 24 53 4D 54 44
13:57:24.829 R 1DFF7700 22 5E 56 30 50 48 32 37
13:57:24.830 R 1DFF7700 23 38 31 40 02 00 60 C1
13:57:24.830 R 1DFF7700 24 FF FF FF FF FF FF FF
13:57:24.858 R 09FD02B1 FF 5B 01 9B 75 FA FF FF
13:57:24.860 R 09FD02B1 FF 5B 01 9B 75 FC FF FF
13:57:24.861 R 09FD02B1 FF 5D 01 65 88 F9 FF FF
13:57:24.907 R 0DF80501 C0 2B 4B E4 50 42 24 A8
13:57:24.908 R 0DF80501 C1 19 00 1C 34 25 46 66
13:57:24.909 R 0DF80501 C2 4A 07 00 7C 9C 93 56
13:57:24.909 R 0DF80501 C3 63 C1 00 C0 B6 77 02
13:57:24.910 R 0DF80501 C4 00 00 00 00 23 FC 15
13:57:24.910 R 0DF80501 C5 38 00 FF 7F EE 11 00
13:57:24.911 R 0DF80501 C6 00 00 FF FF FF FF FF
13:57:24.912 R 09F80101 F6 1F 50 1F 66 98 3E 03
13:57:24.912 R 0DF80901 E4 50 42 24 A8 19 78 00
13:57:24.932 R 1CFF4F73 3B 9F 00 FF FF 66 20 FF
13:57:24.933 R 1DEFFF73 80 16 3B 9F F0 81 9C C1
13:57:24.934 R 1DEFFF73 81 17 03 FB 01 03 00 06
13:57:24.935 R 1DEFFF73 82 B0 09 00 00 00 01 00
13:57:24.935 R 1DEFFF73 83 00 00 FF FF FF FF FF
13:57:24.936 R 09F11273 00 66 20 FF 7F FF 7F FD
13:57:24.936 R 09F10D73 FF F8 FF FF 0C 02 FF FF
13:57:24.956 R 09FD02B1 FF 5B 01 D7 75 FA FF FF
13:57:24.957 R 09FD02B1 FF 5B 01 D7 75 FC FF FF
13:57:24.958 R 09FD02B1 FF 5D 01 9E 88 F9 FF FF
13:57:25.007 R 09F80201 FF FC 00 00 03 00 FF FF
13:57:25.008 R 09F80101 F6 1F 50 1F 66 98 3E 03
13:57:25.082 R 0DF01001 FF FF E4 50 84 28 A8 19
13:57:25.130 R 09FD02B1 FF 5B 01 06 76 FA FF FF
13:57:25.131 R 09FD02B1 FF 5B 01 06 76 FC FF FF
13:57:25.131 R 09FD02B1 FF 5D 01 CB 88 F9 FF FF
13:57:25.182 R 09F80101 F5 1F 50 1F 66 98 3E 03
13:57:25.224 R 11F80F00 80 1B 12 7C 13 8D 0E D6
13:57:25.225 R 11F80F00 81 97 3E 03 BC 1F 50 1F
13:57:25.225 R 11F80F00 82 67 FF FF 00 00 00 00
13:57:25.226 R 11F80F00 83 20 FF FF 00 70 FE FF
13:57:25.226 R 1CFF0800 3B 9F FF 00 71 04 FF FF
13:57:25.229 R 09FD02B1 FF 5B 01 1B 76 FA FF FF
13:57:25.231 R 09FD02B1 FF 5B 01 1B 76 FC FF FF
13:57:25.232 R 09FD02B1 FF 5D 01 DE 88 F9 FF FF
13:57:25.236 R 0DF50B73 00 EB 01 00 00 FF FF FF
13:57:25.271 R 11F80E00 20 1C 01 80 8A 94 0E C9
13:57:25.272 R 11F80E00 21 23 3B 03 40 B0 4B 1F
13:57:25.272 R 11F80E00 22 65 20 9C 00 00 BD 83
13:57:25.273 R 11F80E00 23 00 C2 9A 00 00 C0 F8
13:57:25.274 R 11F80E00 24 FF FF FF FF FF FF FF
13:57:25.282 R 09F80201 FF FC 00 00 03 00 FF FF
13:57:25.283 R 09F80101 F5 1F 50 1F 66 98 3E 03
13:57:25.284 R 0DF90B01 FF FC FB 01 03 00 FF FF
13:57:25.287 R 19F51373 A0 0E FF FF FF FF FF FF
13:57:25.288 R 19F51373 A1 86 85 B0 00 00 00 00
13:57:25.289 R 19F51373 A2 00 FF FF FF FF FF FF
13:57:25.289 R 1DFF6773 C0 0B 3B 9F 03 00 04 B4
13:57:25.290 R 1DFF6773 C1 6E 11 19 09 09 FF FF
13:57:25.291 R 1DFF6773 E0 0B 3B 9F 03 02 04 B4
13:57:25.291 R 1DFF6773 E1 6E 11 19 09 09 FF FF
13:57:25.329 R 09FD02B1 FF 5B 01 1D 76 FA FF FF
13:57:25.329 R 09FD02B1 FF 5B 01 1D 76 FC FF FF
13:57:25.330 R 09FD02B1 FF 5E 01 DE 88 F9 FF FF
13:57:25.352 R 11F80E00 40 1C 01 20 38 95 0E FB
13:57:25.352 R 11F80E00 41 25 3D 03 F6 A9 4F 1F
13:57:25.353 R 11F80E00 42 67 FF FF 00 00 E4 56
13:57:25.353 R 11F80E00 43 08 FF FF FF 7F D0 F8
13:57:25.354 R 11F80E00 44 FF FF FF FF FF FF FF
13:57:25.365 R 1CFFF001 3B 9F 8C FF 90 1C BE 64
13:57:25.383 R 09F80101 F5 1F 50 1F 66 98 3E 03
13:57:25.428 R 09FD02B1 FF 5C 01 2F 76 FA FF FF
13:57:25.429 R 09FD02B1 FF 5C 01 2F 76 FC FF FF
13:57:25.429 R 09FD02B1 FF 5E 01 EF 88 F9 FF FF
13:57:25.459 R 11F80E00 60 1C 01 18 E6 96 0E 96
13:57:25.459 R 11F80E00 61 26 3B 03 DE AC 4B 1F
13:57:25.460 R 11F80E00 62 65 DC 2F 00 00 C4 83
13:57:25.460 R 11F80E00 63 00 C5 22 00 00 D0 F8
13:57:25.461 R 11F80E00 64 FF FF FF FF FF FF FF
13:57:25.484 R 09F80201 FF FC 00 00 03 00 FF FF
13:57:25.485 R 0DFE1101 40 0E C0 47 00 00 03 00
13:57:25.485 R 0DFE1101 41 FF FF FF FF FB 01 03
13:57:25.486 R 0DFE1101 42 00 FF FF FF FF FF FF
13:57:25.487 R 09F80101 F5 1F 50 1F 66 98 3E 03
13:57:25.527 R 09FD02B1 FF 5C 01 65 76 FA FF FF
13:57:25.528 R 09FD02B1 FF 5C 01 65 76 FC FF FF
13:57:25.529 R 09FD02B1 FF 5E 01 21 89 F9 FF FF
13:57:25.585 R 0DF90301 FF 7F FF FF FF 7F FF FF
13:57:25.586 R 09F80101 F5 1F 50 1F 66 98 3E 03
13:57:25.587 R 1DFFF001 40 0D 3B 9F 90 FF FF FF
13:57:25.587 R 1DFFF001 41 FF FF FF FF FF FC 00
13:57:25.627 R 09FD02B1 FF 5C 01 A8 76 FA FF FF
13:57:25.627 R 09FD02B1 FF 5C 01 A8 76 FC FF FF
13:57:25.628 R 09FD02B1 FF 5E 01 62 89 F9 FF FF
13:57:25.657 R 1DEFFF73 00 16 3B 9F F0 81 84 86
13:57:25.658 R 1DEFFF73 01 97 88 40 00 03 00 06
13:57:25.659 R 1DEFFF73 02 FF FF 00 00 00 01 00
13:57:25.659 R 1DEFFF73 03 00 00 FF FF FF FF FF
13:57:25.661 R 09F11273 00 0E 20 FF 7F FF 7F FD
13:57:25.661 R 09F10D73 FF F8 FF FF 0C 02 FF FF
13:57:25.662 R 1CFF0873 3B 9F 00 00 14 00 FF FF
13:57:25.663 R 1CFF4F73 3B 9F 00 FF FF 0E 20 FF
13:57:25.687 R 09F80201 FF FC 00 00 03 00 FF FF
13:57:25.688 R 09F80101 F5 1F 50 1F 66 98 3E 03
13:57:25.688 R 19FA0301 00 DB 38 00 50 00 35 00
13:57:25.689 R 19FA0601 C0 0F 4B 38 00 FF FF FF
13:57:25.690 R 19FA0601 C1 FF FF FF FF FF FF FF
13:57:25.690 R 19FA0601 C2 FF FF FF FF FF FF FF
13:57:25.691 R 19FA0B01 C0 0F 4B 03 00 FF FF FF
13:57:25.692 R 19FA0B01 C1 FF FF FF FF FF FF FF
13:57:25.692 R 19FA0B01 C2 FF FF FF FF FF FF FF
13:57:25.726 R 09FD02B1 FF 5D 01 D9 76 FA FF FF
13:57:25.727 R 09FD02B1 FF 5D 01 D9 76 FC FF FF
13:57:25.727 R 09FD02B1 FF 5F 01 93 89 F9 FF FF
13:57:25.767 R 09F50373 00 00 00 FF FF 00 FF FF
13:57:25.789 R 19FA0401 C0 DB 4B FF 12 05 FF 1D
13:57:25.789 R 19FA0401 C1 E5 CD CC 10 00 00 00
13:57:25.790 R 19FA0401 C2 00 F5 07 97 29 22 33
13:57:25.791 R 19FA0401 C3 3C 0F 00 00 00 00 F5
13:57:25.792 R 19FA0401 C4 09 C5 13 FF 3B 3C 0F
13:57:25.792 R 19FA0401 C5 00 00 00 00 F5 0B 0B
13:57:25.793 R 19FA0401 C6 11 5A 97 48 0D 00 00
13:57:25.794 R 19FA0401 C7 00 00 F5 14 5D 10 1F
13:57:25.794 R 19FA0401 C8 BA 3C 0F 00 00 00 00
13:57:25.795 R 19FA0401 C9 F5 15 73 32 14 A9 04
13:57:25.796 R 19FA0401 CA 10 00 00 00 00 F5 1E
13:57:25.796 R 19FA0401 CB FF 2C 15 7C 04 10 00
13:57:25.797 R 19FA0401 CC 00 00 00 F5 44 80 16
13:57:25.798 R 19FA0401 CD B9 3E 1C 0C 00 00 00
13:57:25.799 R 19FA0401 CE 00 F5 45 73 32 46 0C
13:57:25.799 R 19FA0401 CF 3C 0F 00 00 00 00 F5
13:57:25.800 R 19FA0401 D0 46 DD 17 2B CB CC 10
13:57:25.801 R 19FA0401 D1 00 00 00 00 F5 4E FF
13:57:25.801 R 19FA0401 D2 1D D1 24 A0 0F 00 00
13:57:25.802 R 19FA0401 D3 00 00 F5 31 74 14 66
13:57:25.803 R 19FA0401 D4 7B 1C 0C 00 00 00 00
13:57:25.803 R 19FA0401 D5 F5 00 A2 3A FC D1 D8
13:57:25.804 R 19FA0401 D6 0E 00 00 00 00 F5 00
13:57:25.805 R 1CFF1A73 3B 9F 00 00 FF FF FF FF
13:57:25.805 R 19FA0401 D7 39 28 FD B3 10 0E 00
13:57:25.806 R 09F50373 00 00 00 FF FF 00 FF FF
13:57:25.806 R 19FA0401 D8 00 00 00 F5 00 BA 11
13:57:25.807 R 19FA0401 D9 15 8B B8 0B 00 00 00
13:57:25.808 R 19FA0401 DA 00 F5 00 DD 17 7F 34
13:57:25.809 R 19FA0401 DB E4 0C 00 00 00 00 F5
13:57:25.809 R 19FA0401 DC 00 51 2C D1 33 D8 0E
13:57:25.810 R 19FA0401 DD 00 00 00 00 F5 00 3A
13:57:25.811 R 19FA0401 DE 19 36 CD 3C 0F 00 00
13:57:25.811 R 19FA0401 DF 00 00 F5 FF FF FF FF
13:57:25.812 R 09F80101 F5 1F 50 1F 66 98 3E 03
13:57:25.813 R 19F11A01 FF FF FF FF FB 01 FF FF
13:57:25.826 R 09FD02B1 FF 5D 01 F3 76 FA FF FF
13:57:25.826 R 09FD02B1 FF 5D 01 F3 76 FC FF FF
13:57:25.827 R 09FD02B1 FF 5F 01 AB 89 F9 FF FF
13:57:25.833 R 15FD0773 00 C0 53 7A FF 7F FF FF
13:57:25.862 R 15FD0773 00 C0 53 7A FF 7F FF FF
13:57:25.888 R 19FB1200 40 23 18 85 5C 8B 0E 24
13:57:25.889 R 19FB1200 41 53 4D 54 44 38 44 2F
13:57:25.890 R 19FB1200 42 50 46 35 31 39 30 40
13:57:25.890 R 19FB1200 43 5A 00 1E 00 0A 00 28
13:57:25.891 R 09F80201 FF FC 00 00 03 00 FF FF
13:57:25.891 R 19FB1200 44 00 00 00 00 00 03 E0
13:57:25.892 R 09F80101 F5 1F 50 1F 66 98 3E 03
13:57:25.892 R 19FB1200 45 FF FF FF FF FF FF FF
13:57:25.893 R 1DFF7700 40 1C 3B 9F 18 85 5C 8B
13:57:25.894 R 1DFF7700 41 0E 01 24 53 4D 54 44
13:57:25.894 R 1DFF7700 42 38 44 2F 50 46 35 31
13:57:25.895 R 1DFF7700 43 39 30 40 81 50 80 C0
13:57:25.895 R 1DFF7700 44 FF FF FF FF FF FF FF
13:57:25.925 R 09FD02B1 FF 5E 01 04 77 FA FF FF
13:57:25.926 R 09FD02B1 FF 5E 01 04 77 FC FF FF
13:57:25.926 R 09FD02B1 FF 60 01 BA 89 F9 FF FF
13:57:25.940 R 15FB0500 20 18 08 CA 71 96 0E 03
13:57:25.941 R 15FB0500 21 80 00 32 0A C3 2C F2
13:57:25.942 R 15FB0500 22 D7 1E 74 00 00 00 FA
13:57:25.942 R 15FB0500 23 00 00 00 00 FF FF FF
13:57:25.992 R 0DF80501 E0 2B 4C E4 50 66 4B A8
13:57:25.992 R 0DF80501 E1 19 00 52 99 E9 45 66
13:57:25.993 R 0DF80501 E2 4A 07 00 7C 9C 93 56
13:57:25.994 R 0DF80501 E3 63 C1 00 20 30 76 02
13:57:25.994 R 0DF80501 E4 00 00 00 00 23 FC 15
13:57:25.995 R 0DF80501 E5 38 00 FF 7F EE 11 00
13:57:25.996 R 0DF80501 E6 00 00 FF FF FF FF FF
13:57:25.997 R 09F80101 F5 1F 50 1F 66 98 3E 03
13:57:25.997 R 0DF80901 E4 50 66 4B A8 19 78 00
13:57:26.024 R 09FD02B1 FF 5E 01 24 77 FA FF FF
13:57:26.025 R 09FD02B1 FF 5E 01 24 77 FC FF FF
13:57:26.026 R 09FD02B1 FF 61 01 D7 89 F9 FF FF
13:57:26.038 R 1CFF4F73 3B 9F 00 FF FF 66 20 FF
13:57:26.039 R 1DEFFF73 20 16 3B 9F F0 81 9C C1
13:57:26.039 R 1DEFFF73 21 17 03 00 00 49 00 06
13:57:26.040 R 1DEFFF73 22 B0 09 00 00 00 01 00
13:57:26.041 R 1DEFFF73 23 00 00 FF FF FF FF FF
13:57:26.042 R 09F11273 00 66 20 FF 7F FF 7F FD
13:57:26.043 R 09F10D73 FF F8 FF FF 0C 02 FF FF
13:57:26.093 R 09F80201 FF FC 00 00 03 00 FF FF
13:57:26.093 R 09F80101 F5 1F 50 1F 66 98 3E 03
13:57:26.082 R 0DF01001 FF FF E4 50 94 4F A8 19
13:57:26.089 R 11F80E00 80 1C 01 E9 13 95 0E 2A
13:57:26.090 R 11F80E00 81 EA 2E 03 24 BE 49 1F
13:57:26.091 R 11F80E00 82 67 E6 A0 6D 01 DC 83
13:57:26.091 R 11F80E00 83 08 FF FF FF 7F D5 F8
13:57:26.092 R 11F80E00 84 FF FF FF FF FF FF FF
13:57:26.112 R 09FD02B1 FF 5F 01 58 77 FA FF FF
13:57:26.112 R 09FD02B1 FF 5F 01 58 77 FC FF FF
13:57:26.113 R 09FD02B1 FF 61 01 0A 8A F9 FF FF
13:57:26.116 R 1DEFFF73 40 16 3B 9F F0 81 90 00
13:57:26.117 R 1DEFFF73 41 05 03 00 00 49 00 06
13:57:26.117 R 1DEFFF73 42 B0 09 00 00 00 01 00
13:57:26.118 R 1DEFFF73 43 00 00 FF FF FF FF FF
13:57:26.182 R 09F80101 F5 1F 50 1F 66 98 3E 03
13:57:26.211 R 09FD02B1 FF 5F 01 91 77 FA FF FF
13:57:26.212 R 09FD02B1 FF 5F 01 91 77 FC FF FF
13:57:26.212 R 09FD02B1 FF 61 01 41 8A F9 FF FF
13:57:26.216 R 11F80F00 A0 1B 12 7C 13 8D 0E D6
13:57:26.217 R 11F80F00 A1 97 3E 03 AB 1F 50 1F
13:57:26.217 R 11F80F00 A2 6B FF FF 00 00 00 00
13:57:26.218 R 11F80F00 A3 20 FF FF 00 70 FE FF
13:57:26.228 R 0DF50B73 00 EE 01 00 00 FF FF FF
13:57:26.252 R 11F80F00 C0 1B 12 0D 1F 98 0E D5
13:57:26.252 R 11F80F00 C1 3E 45 03 08 57 5A 1F
13:57:26.253 R 11F80F00 C2 6B D4 B5 49 01 06 00
13:57:26.254 R 11F80F00 C3 06 FF FF 00 74 FF FF
13:57:26.279 R 19F51373 60 0E FF FF FF FF FF FF
13:57:26.280 R 19F51373 61 86 85 B0 00 00 00 00
13:57:26.280 R 19F51373 62 00 FF FF FF FF FF FF
13:57:26.281 R 1DFF6773 80 0B 3B 9F 03 00 04 B4
13:57:26.282 R 1DFF6773 81 6E 11 19 09 09 FF FF
13:57:26.282 R 1DFF6773 A0 0B 3B 9F 03 02 04 B4
13:57:26.283 R 09F80201 FF FC 00 00 03 00 FF FF
13:57:26.283 R 1DFF6773 A1 6E 11 19 09 09 FF FF
13:57:26.284 R 09F80101 F5 1F 50 1F 66 98 3E 03
13:57:26.285 R 0DF90B01 FF FC FB 01 03 00 FF FF
13:57:26.311 R 09FD02B1 FF 60 01 B3 77 FA FF FF
13:57:26.312 R 09FD02B1 FF 60 01 B3 77 FC FF FF
13:57:26.313 R 09FD02B1 FF 62 01 62 8A F9 FF FF
13:57:26.366 R 1CFFF001 3B 9F 8C FF A0 1C 8E 64
13:57:26.384 R 09F80101 F5 1F 50 1F 66 98 3E 03
13:57:26.410 R 09FD02B1 FF 60 01 B5 77 FA FF FF
13:57:26.411 R 09FD02B1 FF 60 01 B5 77 FC FF FF
13:57:26.411 R 09FD02B1 FF 63 01 62 8A F9 FF FF
13:57:26.472 R 1DEFFF73 C0 16 3B 9F F0 81 90 00
13:57:26.473 R 1DEFFF73 C1 03 00 01 FF 08 02 F7
13:57:26.473 R 1DEFFF73 C2 FF FF 00 00 00 01 00
13:57:26.474 R 1DEFFF73 C3 00 00 FF FF FF FF FF
13:57:26.485 R 09F80201 FF FC 00 00 03 00 FF FF
13:57:26.486 R 0DFE1101 60 0E C0 48 00 00 03 00
13:57:26.487 R 0DFE1101 61 FF FF FF FF FB 01 03
13:57:26.487 R 0DFE1101 62 00 FF FF FF FF FF FF
13:57:26.488 R 09F80101 F5 1F 50 1F 66 98 3E 03
13:57:26.509 R 09FD02B1 FF 61 01 A5 77 FA FF FF
13:57:26.510 R 09FD02B1 FF 61 01 A5 77 FC FF FF
13:57:26.511 R 09FD02B1 FF 63 01 51 8A F9 FF FF
13:57:26.518 R 11F80E00 A0 1C 01 90 2A 8B 0E B8
13:57:26.519 R 11F80E00 A1 7C 3B 03 A2 DA 4B 1F
13:57:26.519 R 11F80E00 A2 6B FF FF 05 00 A7 08
13:57:26.520 R 11F80E00 A3 00 FF FF FF 7F C0 F8
13:57:26.520 R 11F80E00 A4 FF FF FF FF FF FF FF
13:57:26.587 R 0DF90301 FF 7F FF FF FF 7F FF FF
13:57:26.587 R 09F80101 F5 1F 50 1F 66 98 3E 03
13:57:26.588 R 1DFFF001 60 0D 3B 9F 90 FF FF FF
13:57:26.589 R 1DFFF001 61 FF FF FF FF FF F9 00
13:57:26.606 R 09F50373 00 00 00 FF FF 00 FF FF
13:57:26.609 R 09FD02B1 FF 61 01 95 77 FA FF FF
13:57:26.610 R 09FD02B1 FF 61 01 95 77 FC FF FF
13:57:26.611 R 09FD02B1 FF 63 01 42 8A F9 FF FF
13:57:26.688 R 09F80201 FF FC 00 00 03 00 FF FF
13:57:26.689 R 09F80101 F5 1F 50 1F 66 98 3E 03
13:57:26.690 R 19FA0301 00 DB 38 00 50 00 35 00
13:57:26.690 R 19FA0601 E0 0F 4C 38 00 FF FF FF
13:57:26.691 R 19FA0601 E1 FF FF FF FF FF FF FF
13:57:26.692 R 19FA0601 E2 FF FF FF FF FF FF FF
13:57:26.692 R 19FA0B01 E0 0F 4C 03 00 FF FF FF
13:57:26.693 R 19FA0B01 E1 FF FF FF FF FF FF FF
13:57:26.694 R 19FA0B01 E2 FF FF FF FF FF FF FF
13:57:26.698 R 09F11273 00 0E 20 FF 7F FF 7F FD
13:57:26.699 R 09F10D73 FF F8 FF FF 0C 02 FF FF
13:57:26.699 R 1CFF0873 3B 9F 00 00 14 00 FF FF
13:57:26.700 R 1CFF4F73 3B 9F 00 FF FF 0E 20 FF
13:57:26.700 R 1DEFFF73 E0 16 3B 9F F0 81 84 86
13:57:26.701 R 1DEFFF73 E1 97 88 40 00 03 00 06
13:57:26.702 R 1DEFFF73 E2 FF FF 00 00 00 01 00
13:57:26.703 R 1DEFFF73 E3 00 00 FF FF FF FF FF
13:57:26.708 R 09FD02B1 FF 61 01 96 77 FA FF FF
13:57:26.709 R 09FD02B1 FF 61 01 96 77 FC FF FF
13:57:26.709 R 09FD02B1 FF 64 01 41 8A F9 FF FF
13:57:26.767 R 09F50373 00 00 00 FF FF 00 FF FF
13:57:26.768 R 1CFF1A73 3B 9F 00 00 FF FF FF FF
13:57:26.790 R 19FA0401 E0 DB 4C FF 12 05 FF 1D
13:57:26.790 R 19FA0401 E1 E5 CD CC 10 00 00 00
13:57:26.791 R 19FA0401 E2 00 F5 07 97 29 22 33
13:57:26.792 R 19FA0401 E3 3C 0F 00 00 00 00 F5
13:57:26.792 R 19FA0401 E4 09 C5 13 FF 3B 3C 0F
13:57:26.793 R 19FA0401 E5 00 00 00 00 F5 0B 0B
13:57:26.794 R 15FD0773 00 C0 53 7A FF 7F FF FF
13:57:26.794 R 19FA0401 E6 11 5A 97 48 0D 00 00
13:57:26.795 R 19FA0401 E7 00 00 F5 14 5D 10 1F
13:57:26.796 R 19FA0401 E8 BA 3C 0F 00 00 00 00
13:57:26.796 R 19FA0401 E9 F5 15 73 32 14 A9 04
13:57:26.797 R 19FA0401 EA 10 00 00 00 00 F5 1E
13:57:26.798 R 19FA0401 EB FF 2C 15 7C 04 10 00
13:57:26.799 R 19FA0401 EC 00 00 00 F5 44 80 16
13:57:26.799 R 19FA0401 ED B9 3E 80 0C 00 00 00
13:57:26.800 R 19FA0401 EE 00 F5 45 73 32 46 0C
13:57:26.801 R 19FA0401 EF 3C 0F 00 00 00 00 F5
13:57:26.801 R 19FA0401 F0 46 DD 17 2B CB CC 10
13:57:26.802 R 19FA0401 F1 00 00 00 00 F5 4E FF
13:57:26.803 R 19FA0401 F2 1D D1 24 04 10 00 00
13:57:26.804 R 19FA0401 F3 00 00 F5 31 74 14 66
13:57:26.804 R 19FA0401 F4 7B E4 0C 00 00 00 00
13:57:26.805 R 19FA0401 F5 F5 00 A2 3A FC D1 D8
13:57:26.806 R 19FA0401 F6 0E 00 00 00 00 F5 00
13:57:26.806 R 19FA0401 F7 39 28 FD B3 10 0E 00
13:57:26.807 R 19FA0401 F8 00 00 00 F5 00 BA 11
13:57:26.808 R 09FD02B1 FF 62 01 A8 77 FA FF FF
13:57:26.808 R 09FD02B1 FF 62 01 A8 77 FC FF FF
13:57:26.809 R 19FA0401 F9 15 8B B8 0B 00 00 00
13:57:26.809 R 09FD02B1 FF 64 01 50 8A F9 FF FF
13:57:26.810 R 19FA0401 FA 00 F5 00 DD 17 7F 34
13:57:26.811 R 19FA0401 FB E4 0C 00 00 00 00 F5
13:57:26.811 R 19FA0401 FC 00 51 2C D1 33 74 0E
13:57:26.812 R 19FA0401 FD 00 00 00 00 F5 00 3A
13:57:26.813 R 19FA0401 FE 19 36 CD 3C 0F 00 00
13:57:26.814 R 19FA0401 FF 00 00 F5 FF FF FF FF
13:57:26.814 R 09F80101 F5 1F 50 1F 66 98 3E 03
13:57:26.815 R 19F11A01 FF FF FF FF FB 01 FF FF
13:57:26.829 R 15FD0773 00 C0 53 7A FF 7F FF FF
13:57:26.891 R 09F80201 FF FC 00 00 03 00 FF FF
13:57:26.892 R 09F80101 F5 1F 50 1F 66 98 3E 03
13:57:26.907 R 09FD02B1 FF 62 01 C0 77 FA FF FF
13:57:26.908 R 09FD02B1 FF 62 01 C0 77 FC FF FF
13:57:26.908 R 09FD02B1 FF 64 01 68 8A F9 FF FF
13:57:26.992 R 0DF80501 00 2B 4D E4 50 70 73 A8
13:57:26.993 R 0DF80501 01 19 00 52 99 E9 45 66
13:57:26.994 R 0DF80501 02 4A 07 00 7C 9C 93 56
13:57:26.994 R 0DF80501 03 63 C1 00 20 30 76 02
13:57:26.995 R 0DF80501 04 00 00 00 00 23 FC 15
13:57:26.996 R 0DF80501 05 38 00 FF 7F EE 11 00
13:57:26.996 R 0DF80501 06 00 00 FF FF FF FF FF
13:57:26.997 R 09F80101 F5 1F 50 1F 66 98 3E 03
13:57:26.997 R 0DF80901 E4 50 70 73 A8 19 78 00
13:57:27.005 R 09FD02B1 FF 62 01 D5 77 FA FF FF
13:57:27.006 R 09FD02B1 FF 62 01 D5 77 FC FF FF
13:57:27.006 R 09FD02B1 FF 64 01 7D 8A F9 FF FF
13:57:27.024 R 1CFF7400 3B 9F FD 00 00 FF FF FF
13:57:27.057 R 1CFF4F73 3B 9F 00 FF FF 66 20 FF
13:57:27.058 R 1DEFFF73 00 16 3B 9F F0 81 9C C1
13:57:27.058 R 1DEFFF73 01 17 03 00 00 49 00 06
13:57:27.059 R 1DEFFF73 02 B0 09 00 00 00 01 00
13:57:27.059 R 1DEFFF73 03 00 00 FF FF FF FF FF
13:57:27.060 R 09F11273 00 66 20 FF 7F FF 7F FD
13:57:27.061 R 09F10D73 FF F8 FF FF 0C 02 FF FF
13:57:27.092 R 09F80201 FF FC 00 00 03 00 FF FF
13:57:27.093 R 09F80101 F5 1F 50 1F 66 98 3E 03
13:57:27.000 R 0DF01001 FF FF E4 50 70 73 A8 19
13:57:27.011 R 09FD02B1 FF 62 01 E4 77 FA FF FF
13:57:27.011 R 09FD02B1 FF 62 01 E4 77 FC FF FF
13:57:27.012 R 09FD02B1 FF 64 01 8C 8A F9 FF FF
13:57:27.093 R 11F80E00 C0 1C 01 B3 39 95 0E EB
13:57:27.093 R 11F80E00 C1 E4 3E 03 29 B4 51 1F
13:57:27.094 R 11F80E00 C2 6D 23 12 B0 01 8E 40
13:57:27.094 R 11F80E00 C3 09 5C 10 00 00 C0 F8
13:57:27.095 R 11F80E00 C4 FF FF FF FF FF FF FF
13:57:27.099 R 09F80101 F5 1F 50 1F 66 98 3E 03
13:57:27.110 R 09FD02B1 FF 62 01 ED 77 FA FF FF
13:57:27.111 R 09FD02B1 FF 62 01 ED 77 FC FF FF
13:57:27.111 R 09FD02B1 FF 64 01 94 8A F9 FF FF
13:57:27.126 R 11F80F00 E0 1B 12 7C 13 8D 0E D6
13:57:27.126 R 11F80F00 E1 97 3E 03 AB 1F 50 1F
13:57:27.127 R 11F80F00 E2 6F FF FF 00 00 00 00
13:57:27.127 R 11F80F00 E3 20 FF FF 00 70 FE FF
13:57:27.187 R 19F51373 20 0E FF FF FF FF FF FF
13:57:27.188 R 19F51373 21 86 85 B0 00 00 00 00
13:57:27.188 R 19F51373 22 00 FF FF FF FF FF FF
13:57:27.189 R 1DFF6773 40 0B 3B 9F 03 00 04 B4
13:57:27.190 R 1DFF6773 41 6E 11 19 09 09 FF FF
13:57:27.190 R 1DFF6773 60 0B 3B 9F 03 02 04 B4
13:57:27.191 R 1DFF6773 61 6E 11 19 09 09 FF FF
13:57:27.200 R 09F80201 FF FC 00 00 03 00 FF FF
13:57:27.201 R 09F80101 F5 1F 50 1F 66 98 3E 03
13:57:27.202 R 0DF90B01 FF FC FB 01 03 00 FF FF
13:57:27.209 R 09FD02B1 FF 62 01 F1 77 FA FF FF
13:57:27.210 R 09FD02B1 FF 62 01 F1 77 FC FF FF
13:57:27.211 R 09FD02B1 FF 64 01 97 8A F9 FF FF
13:57:27.277 R 1CFFF001 3B 9F 8C FF A5 1C 7E 64
13:57:27.302 R 09F80101 F5 1F 50 1F 66 98 3E 03
13:57:27.309 R 09FD02B1 FF 62 01 F4 77 FA FF FF
13:57:27.309 R 09FD02B1 FF 62 01 F4 77 FC FF FF
13:57:27.310 R 09FD02B1 FF 64 01 97 8A F9 FF FF
13:57:27.387 R 11F80E00 E0 1C 01 91 72 96 0E 49
13:57:27.388 R 11F80E00 E1 97 41 03 1D E2 52 1F
13:57:27.388 R 11F80E00 E2 73 43 9C 00 00 D7 08
13:57:27.389 R 11F80E00 E3 08 FF FF FF 7F CF F8
13:57:27.389 R 11F80E00 E4 FF FF FF FF FF FF FF
13:57:27.403 R 09F80201 FF FC 00 00 03 00 FF FF
13:57:27.403 R 0DFE1101 80 0E C0 49 00 00 03 00
13:57:27.404 R 0DFE1101 81 FF FF FF FF FB 01 03
13:57:27.405 R 0DFE1101 82 00 FF FF FF FF FF FF
13:57:27.406 R 09F80101 F5 1F 50 1F 66 98 3E 03
13:57:27.408 R 09FD02B1 FF 62 01 F9 77 FA FF FF
13:57:27.410 R 09FD02B1 FF 62 01 F9 77 FC FF FF
13:57:27.411 R 09FD02B1 FF 64 01 9E 8A F9 FF FF
13:57:27.433 R 0DF50B73 00 F7 01 00 00 FF FF FF
13:57:27.504 R 0DF90301 FF 7F FF FF FF 7F FF FF
13:57:27.505 R 09F80101 F5 1F 50 1F 67 98 3E 03
13:57:27.505 R 1DFFF001 80 0D 3B 9F 90 FF FF FF
13:57:27.506 R 1DFFF001 81 FF FF FF FF FF F8 00
13:57:27.507 R 09FD02B1 FF 62 01 0C 78 FA FF FF
13:57:27.508 R 09FD02B1 FF 62 01 0C 78 FC FF FF
13:57:27.509 R 09FD02B1 FF 64 01 B1 8A F9 FF FF
13:57:27.552 R 09F50373 00 00 00 FF FF 00 FF FF
13:57:27.605 R 09F80201 FF FC 00 00 03 00 FF FF
13:57:27.606 R 09F80101 F4 1F 50 1F 67 98 3E 03
13:57:27.607 R 19FA0301 00 DB 38 00 50 00 35 00
13:57:27.608 R 19FA0601 00 0F 4D 38 00 FF FF FF
13:57:27.608 R 19FA0601 01 FF FF FF FF FF FF FF
13:57:27.609 R 09FD02B1 FF 62 01 28 78 FA FF FF
13:57:27.610 R 19FA0601 02 FF FF FF FF FF FF FF
13:57:27.610 R 09FD02B1 FF 62 01 28 78 FC FF FF
13:57:27.611 R 09FD02B1 FF 64 01 C8 8A F9 FF FF
13:57:27.611 R 19FA0B01 00 0F 4D 04 00 FF FF FF
13:57:27.612 R 19FA0B01 01 FF FF FF FF FF FF FF
13:57:27.613 R 19FA0B01 02 FF FF FF FF FF FF FF
13:57:27.630 R 11F80F00 00 1B 12 6B 79 14 0F A4
13:57:27.630 R 11F80F00 01 4C 3E 03 51 B1 4F 1F
13:57:27.631 R 11F80F00 02 6F FF FF 00 00 06 00
13:57:27.632 R 11F80F00 03 06 FF FF 00 74 FF FF
13:57:27.706 R 09FD02B1 FF 62 01 3B 78 FA FF FF
13:57:27.707 R 09FD02B1 FF 62 01 3B 78 FC FF FF
13:57:27.708 R 09FD02B1 FF 64 01 DB 8A F9 FF FF
13:57:27.709 R 19FA0401 00 DB 4D FF 12 05 FF 1D
13:57:27.709 R 19FA0401 01 E5 CD CC 10 00 00 00
13:57:27.710 R 19FA0401 02 00 F5 07 97 29 22 33
13:57:27.711 R 19FA0401 03 3C 0F 00 00 00 00 F5
13:57:27.711 R 19FA0401 04 09 C5 13 AD 3C 3C 0F
13:57:27.712 R 19FA0401 05 00 00 00 00 F5 0B 0B
13:57:27.713 R 11F80E00 00 1C 01 2C 37 95 0E BD
13:57:27.713 R 11F80E00 01 0D 3F 03 3A D6 5C 1F
13:57:27.714 R 11F80E00 02 65 D3 D6 91 01 1C 84
13:57:27.714 R 11F80E00 03 01 B6 D4 00 00 D0 F8
13:57:27.715 R 11F80E00 04 FF FF FF FF FF FF FF
13:57:27.716 R 19FA0401 06 11 AC 96 48 0D 00 00
13:57:27.716 R 19FA0401 07 00 00 F5 14 5D 10 1F
13:57:27.717 R 19FA0401 08 BA 3C 0F 00 00 00 00
13:57:27.718 R 19FA0401 09 F5 15 73 32 14 A9 04
13:57:27.718 R 19FA0401 0A 10 00 00 00 00 F5 1E
13:57:27.719 R 19FA0401 0B FF 2C 15 7C 04 10 00
13:57:27.720 R 19FA0401 0C 00 00 00 F5 44 80 16
13:57:27.721 R 19FA0401 0D B9 3E 80 0C 00 00 00
13:57:27.721 R 19FA0401 0E 00 F5 45 73 32 46 0C
13:57:27.722 R 19FA0401 0F 3C 0F 00 00 00 00 F5
13:57:27.723 R 19FA0401 10 46 DD 17 2B CB CC 10
13:57:27.723 R 19FA0401 11 00 00 00 00 F5 4E FF
13:57:27.724 R 19FA0401 12 1D D1 24 04 10 00 00
13:57:27.725 R 19FA0401 13 00 00 F5 31 74 14 66
13:57:27.726 R 19FA0401 14 7B E4 0C 00 00 00 00
13:57:27.726 R 19FA0401 15 F5 00 A2 3A FC D1 D8
13:57:27.727 R 19FA0401 16 0E 00 00 00 00 F5 00
13:57:27.728 R 19FA0401 17 39 28 FD B3 10 0E 00
13:57:27.728 R 19FA0401 18 00 00 00 F5 00 BA 11
13:57:27.729 R 19FA0401 19 15 8B B8 0B 00 00 00
13:57:27.730 R 19FA0401 1A 00 F5 00 DD 17 7F 34
13:57:27.730 R 19FA0401 1B 80 0C 00 00 00 00 F5
13:57:27.731 R 19FA0401 1C 00 51 2C D1 33 D8 0E
13:57:27.732 R 19FA0401 1D 00 00 00 00 F5 00 3A
13:57:27.733 R 19FA0401 1E 19 36 CD 3C 0F 00 00
13:57:27.733 R 19FA0401 1F 00 00 F5 FF FF FF FF
13:57:27.734 R 09F80101 F4 1F 50 1F 67 98 3E 03
13:57:27.735 R 19F11A01 FF FF FF FF FB 01 FF FF
13:57:27.806 R 09FD02B1 FF 62 01 43 78 FA FF FF
13:57:27.806 R 09FD02B1 FF 62 01 43 78 FC FF FF
13:57:27.807 R 09FD02B1 FF 64 01 E4 8A F9 FF FF
13:57:27.810 R 09F80201 FF FC 00 00 03 00 FF FF
13:57:27.811 R 09F80101 F4 1F 50 1F 67 98 3E 03
13:57:27.816 R 11F80E00 20 1C 03 50 53 8F 0E CA
13:57:27.816 R 11F80E00 21 79 3B 03 47 D3 4B 1F
13:57:27.817 R 11F80E00 22 6D 21 6F 00 00 91 10
13:57:27.817 R 11F80E00 23 00 2B 9E F6 FF C0 F8
13:57:27.818 R 11F80E00 24 FF FF FF FF FF FF FF
13:57:27.826 R 1CFF1A73 3B 9F 00 00 FF FF FF FF
13:57:27.827 R 09F50373 00 00 00 FF FF 00 FF FF
13:57:27.905 R 09FD02B1 FF 62 01 47 78 FA FF FF
13:57:27.906 R 09FD02B1 FF 62 01 47 78 FC FF FF
13:57:27.906 R 09FD02B1 FF 64 01 E8 8A F9 FF FF
13:57:27.911 R 0DF80501 20 2B 4E E4 50 80 9A A8
13:57:27.912 R 0DF80501 21 19 00 88 FE AD 45 66
13:57:27.913 R 0DF80501 22 4A 07 00 46 37 CF 56
13:57:27.914 R 0DF80501 23 63 C1 00 20 30 76 02
13:57:27.914 R 0DF80501 24 00 00 00 00 23 FC 14
13:57:27.915 R 0DF80501 25 3D 00 FF 7F EE 11 00
13:57:27.916 R 0DF80501 26 00 00 FF FF FF FF FF
13:57:27.917 R 09F80101 F4 1F 50 1F 67 98 3E 03
13:57:27.917 R 0DF80901 E4 50 80 9A A8 19 78 00
13:57:28.004 R 09FD02B1 FF 61 01 49 78 FA FF FF
13:57:28.005 R 09FD02B1 FF 61 01 49 78 FC FF FF
13:57:28.006 R 09FD02B1 FF 64 01 EA 8A F9 FF FF
13:57:28.013 R 09F80201 FF FC 00 00 03 00 FF FF
13:57:28.013 R 09F80101 F4 1F 50 1F 67 98 3E 03
13:57:28.000 R 0DF01001 FF FF E4 50 80 9A A8 19
13:57:28.001 R 15FD0773 00 C0 53 7A FF 7F FF FF
13:57:28.038 R 15FD0773 00 C0 53 7A FF 7F FF FF
13:57:28.090 R 09FD02B1 FF 61 01 4E 78 FA FF FF
13:57:28.091 R 09FD02B1 FF 61 01 4E 78 FC FF FF
13:57:28.091 R 09FD02B1 FF 63 01 ED 8A F9 FF FF
13:57:28.100 R 09F80101 F4 1F 50 1F 67 98 3E 03
13:57:28.116 R 11F80F00 20 1B 12 7C 13 8D 0E D6
13:57:28.117 R 11F80F00 21 97 3E 03 AB 1F 50 1F
13:57:28.117 R 11F80F00 22 73 FF FF 00 00 00 00
13:57:28.118 R 11F80F00 23 20 FF FF 00 70 FE FF
13:57:28.128 R 0DF50B73 00 EE 01 00 00 FF FF FF
13:57:28.176 R 19F51373 80 0E FF FF FF FF FF FF
13:57:28.177 R 19F51373 81 86 85 B0 00 00 00 00
13:57:28.178 R 19F51373 82 00 FF FF FF FF FF FF
13:57:28.178 R 1DFF6773 A0 0B 3B 9F 03 00 04 B4
13:57:28.179 R 1DFF6773 A1 6E 11 19 09 09 FF FF
13:57:28.180 R 1DFF6773 C0 0B 3B 9F 03 02 04 B4
13:57:28.180 R 1DFF6773 C1 6E 11 19 09 09 FF FF
13:57:28.189 R 09FD02B1 FF 61 01 53 78 FA FF FF
13:57:28.190 R 09FD02B1 FF 61 01 53 78 FC FF FF
13:57:28.191 R 09FD02B1 FF 63 01 F1 8A F9 FF FF
13:57:28.201 R 09F80201 FF FC 00 00 03 00 FF FF
13:57:28.202 R 09F80101 F4 1F 50 1F 67 98 3E 03
13:57:28.202 R 0DF90B01 FF FC FB 01 03 00 FF FF
13:57:28.257 R 11F80E00 40 1C 01 A5 04 8E 0E E1
13:57:28.257 R 11F80E00 41 B7 3D 03 16 55 4D 1F
13:57:28.258 R 11F80E00 42 70 FF FF 00 00 93 08
13:57:28.259 R 11F80E00 43 08 FF FF FF 7F C0 F8
13:57:28.259 R 11F80E00 44 FF FF FF FF FF FF FF
13:57:28.271 R 1CFFF001 3B 9F 8C FF AB 1C 6E 64
13:57:28.289 R 09FD02B1 FF 61 01 5A 78 FA FF FF
13:57:28.289 R 09FD02B1 FF 61 01 5A 78 FC FF FF
13:57:28.290 R 09FD02B1 FF 63 01 F8 8A F9 FF FF
13:57:28.302 R 09F80101 F4 1F 50 1F 67 98 3E 03
13:57:28.366 R 11F80F00 40 1B 12 CF AC 95 0E D8
13:57:28.366 R 11F80F00 41 E2 37 03 20 E7 4C 1F
13:57:28.367 R 11F80F00 42 73 8E D3 49 01 06 00
13:57:28.368 R 11F80F00 43 06 FF FF 00 74 FF FF
13:57:28.388 R 09FD02B1 FF 60 01 64 78 FA FF FF
13:57:28.389 R 09FD02B1 FF 60 01 64 78 FC FF FF
13:57:28.389 R 09FD02B1 FF 63 01 03 8B F9 FF FF
13:57:28.403 R 09F80201 FF FC 00 00 03 00 FF FF
13:57:28.404 R 0DFE1101 A0 0E C0 4A 00 00 03 00
13:57:28.405 R 0DFE1101 A1 FF FF FF FF FB 01 03
13:57:28.406 R 0DFE1101 A2 00 FF FF FF FF FF FF
13:57:28.406 R 09F80101 F4 1F 50 1F 67 98 3E 03
13:57:28.418 R 11F80F00 60 1B 12 7C C9 8B 0E A1
13:57:28.419 R 11F80F00 61 15 3E 03 05 94 4F 1F
13:57:28.420 R 11F80F00 62 70 FF FF 00 00 DA 4D
13:57:28.420 R 11F80F00 63 09 FF FF 00 70 FF FF
13:57:28.447 R 09F50373 00 00 00 FF FF 00 FF FF
13:57:28.487 R 1CFF1A73 3B 9F 00 00 FF FF FF FF
13:57:28.487 R 09F50373 00 00 00 FF FF 00 FF FF
13:57:28.488 R 09FD02B1 FF 60 01 73 78 FA FF FF
13:57:28.488 R 09FD02B1 FF 60 01 73 78 FC FF FF
13:57:28.489 R 09FD02B1 FF 62 01 12 8B F9 FF FF
13:57:28.505 R 0DF90301 FF 7F FF FF FF 7F FF FF
13:57:28.506 R 09F80101 F4 1F 50 1F 67 98 3E 03
13:57:28.507 R 1DFFF001 A0 0D 3B 9F 90 FF FF FF
13:57:28.507 R 1DFFF001 A1 FF FF FF FF FF F7 00
13:57:28.551 R 11F80E00 60 1C 01 28 91 76 0C 90
13:57:28.552 R 11F80E00 61 13 4F 03 0E 3D 5A 1F
13:57:28.553 R 11F80E00 62 70 00 00 00 00 ED 08
13:57:28.553 R 11F80E00 63 00 FF FF FF 7F C0 F8
13:57:28.554 R 11F80E00 64 FF FF FF FF FF FF FF
13:57:28.587 R 09FD02B1 FF 60 01 82 78 FA FF FF
13:57:28.588 R 09FD02B1 FF 60 01 82 78 FC FF FF
13:57:28.588 R 09FD02B1 FF 62 01 21 8B F9 FF FF
13:57:28.606 R 09F80201 FF FC 00 00 03 00 FF FF
13:57:28.607 R 09F80101 F4 1F 50 1F 67 98 3E 03
13:57:28.608 R 19FA0301 00 DB 3D 00 58 00 3C 00
13:57:28.608 R 19FA0601 20 0F 4E 38 00 FF FF FF
13:57:28.609 R 19FA0601 21 FF FF FF FF FF FF FF
13:57:28.610 R 19FA0601 22 FF FF FF FF FF FF FF
13:57:28.611 R 19FA0B01 20 0F 4E 03 00 FF FF FF
13:57:28.611 R 19FA0B01 21 FF FF FF FF FF FF FF
13:57:28.612 R 19FA0B01 22 FF FF FF FF FF FF FF
13:57:28.634 R 11F80F00 80 1B 12 54 E8 8B 0E 21
13:57:28.634 R 11F80F00 81 6F 33 03 E0 7D 50 1F
13:57:28.635 R 11F80F00 82 73 8A 66 6D 01 06 00
13:57:28.635 R 11F80F00 83 0E FF FF 00 74 FF FF
13:57:28.653 R 15FD0773 00 C0 53 7A FF 7F FF FF
13:57:28.659 R 11F80F00 A0 1B 12 84 E0 9D 0C 97
13:57:28.660 R 11F80F00 A1 75 3E 03 11 DD 4F 1F
13:57:28.661 R 11F80F00 A2 70 FF FF 00 00 EA 4B
13:57:28.661 R 11F80F00 A3 09 FF FF 00 70 FF FF
13:57:28.686 R 09FD02B1 FF 5F 01 91 78 FA FF FF
13:57:28.687 R 09FD02B1 FF 5F 01 91 78 FC FF FF
13:57:28.687 R 09FD02B1 FF 62 01 30 8B F9 FF FF
13:57:28.688 R 15FD0773 00 C0 53 7A FF 7F FF FF
13:57:28.708 R 19FA0401 20 DB 4E FF 12 05 FF 1D
13:57:28.709 R 19FA0401 21 E5 CD CC 10 00 00 00
13:57:28.709 R 19FA0401 22 00 F5 07 97 29 22 33
13:57:28.710 R 19FA0401 23 3C 0F 00 00 00 00 F5
13:57:28.711 R 19FA0401 24 09 C5 13 AD 3C 3C 0F
13:57:28.711 R 19FA0401 25 00 00 00 00 F5 0B 0B
13:57:28.712 R 19FA0401 26 11 AC 96 48 0D 00 00
13:57:28.713 R 19FA0401 27 00 00 F5 14 5D 10 1F
13:57:28.713 R 19FA0401 28 BA 3C 0F 00 00 00 00
13:57:28.714 R 19FA0401 29 F5 15 73 32 66 A8 04
13:57:28.715 R 19FA0401 2A 10 00 00 00 00 F5 1E
13:57:28.715 R 19FA0401 2B FF 2C 15 7C 04 10 00
13:57:28.716 R 19FA0401 2C 00 00 00 F5 44 80 16
13:57:28.717 R 19FA0401 2D B9 3E E4 0C 00 00 00
13:57:28.718 R 19FA0401 2E 00 F5 45 73 32 46 0C
13:57:28.718 R 19FA0401 2F 3C 0F 00 00 00 00 F5
13:57:28.719 R 19FA0401 30 46 DD 17 2B CB CC 10
13:57:28.720 R 19FA0401 31 00 00 00 00 F5 4E FF
13:57:28.720 R 19FA0401 32 1D D1 24 04 10 00 00
13:57:28.721 R 19FA0401 33 00 00 F5 31 74 14 66
13:57:28.722 R 19FA0401 34 7B 80 0C 00 00 00 00
13:57:28.722 R 19FA0401 35 F5 00 A2 3A FC D1 D8
13:57:28.723 R 19FA0401 36 0E 00 00 00 00 F5 00
13:57:28.724 R 19FA0401 37 39 28 FD B3 10 0E 00
13:57:28.724 R 19FA0401 38 00 00 00 F5 00 BA 11
13:57:28.725 R 19FA0401 39 15 8B 1C 0C 00 00 00
13:57:28.726 R 19FA0401 3A 00 F5 00 DD 17 7F 34
13:57:28.727 R 19FA0401 3B 80 0C 00 00 00 00 F5
13:57:28.727 R 19FA0401 3C 00 51 2C D1 33 D8 0E
13:57:28.728 R 19FA0401 3D 00 00 00 00 F5 00 3A
13:57:28.729 R 19FA0401 3E 19 36 CD 3C 0F 00 00
13:57:28.729 R 19FA0401 3F 00 00 F5 FF FF FF FF
13:57:28.730 R 09F80101 F4 1F 50 1F 67 98 3E 03
13:57:28.731 R 19F11A01 FF FF FF FF FB 01 FF FF
13:57:28.786 R 09FD02B1 FF 5F 01 9F 78 FA FF FF
13:57:28.786 R 09FD02B1 FF 5F 01 9F 78 FC FF FF
13:57:28.787 R 09FD02B1 FF 61 01 3F 8B F9 FF FF
13:57:28.809 R 09F80201 FF FC 00 00 03 00 FF FF
13:57:28.810 R 09F80101 F4 1F 50 1F 67 98 3E 03
13:57:28.885 R 09FD02B1 FF 5E 01 AB 78 FA FF FF
13:57:28.886 R 11F80F00 C0 1B 12 0A 1C A0 0C 4F
13:57:28.887 R 09FD02B1 FF 5E 01 AB 78 FC FF FF
13:57:28.887 R 09FD02B1 FF 61 01 4C 8B F9 FF FF
13:57:28.888 R 11F80F00 C1 F4 2F 03 EA 79 4F 1F
13:57:28.889 R 11F80F00 C2 DB EB BC FC 00 06 00
13:57:28.889 R 11F80F00 C3 0E FF FF 00 74 FF FF
13:57:28.910 R 0DF80501 40 2B 4F E4 50 42 BF A8
13:57:28.911 R 0DF80501 41 19 00 88 FE AD 45 66
13:57:28.912 R 0DF80501 42 4A 07 00 46 37 CF 56
13:57:28.912 R 0DF80501 43 63 C1 00 C0 B6 77 02
13:57:28.913 R 0DF80501 44 00 00 00 00 23 FC 14
13:57:28.914 R 0DF80501 45 3D 00 FF 7F EE 11 00
13:57:28.915 R 0DF80501 46 00 00 FF FF FF FF FF
13:57:28.916 R 09F80101 F4 1F 50 1F 67 98 3E 03
13:57:28.916 R 0DF80901 E4 50 42 BF A8 19 78 00
13:57:28.953 R 11F80E00 80 1C 01 EC 9B 94 0E 1E
13:57:28.954 R 11F80E00 81 CA 3C 03 E6 1C 4D 1F
13:57:28.954 R 11F80E00 82 77 97 11 77 01 4B 84
13:57:28.955 R 11F80E00 83 08 FF FF FF 7F C0 F8
13:57:28.956 R 11F80E00 84 FF FF FF FF FF FF FF
13:57:28.984 R 09FD02B1 FF 5E 01 B0 78 FA FF FF
13:57:28.985 R 09FD02B1 FF 5E 01 B0 78 FC FF FF
13:57:28.986 R 09FD02B1 FF 60 01 51 8B F9 FF FF
13:57:29.012 R 09F80201 FF FC 00 00 03 00 FF FF
13:57:29.012 R 09F80101 F4 1F 50 1F 67 98 3E 03
13:57:29.100 R 0DF01001 FF FF E4 50 78 C5 A8 19
13:57:29.147 R 19FB1200 60 23 18 6A 6B 96 0C 24
13:57:29.148 R 19FB1200 61 53 4D 54 45 33 40 38
13:57:29.148 R 19FB1200 62 44 44 35 30 32 36 40
13:57:29.149 R 19FB1200 63 64 00 28 00 1E 00 3C
13:57:29.149 R 19FB1200 64 00 00 00 00 00 F3 E0
13:57:29.150 R 19FB1200 65 FF FF FF FF FF FF FF
13:57:29.150 R 1DFF7700 60 1C 3B 9F 18 6A 6B 96
13:57:29.151 R 1DFF7700 61 0C 01 24 53 4D 54 45
13:57:29.151 R 1DFF7700 62 33 40 38 44 44 35 30
13:57:29.152 R 1DFF7700 63 32 36 40 43 40 C0 C0
13:57:29.153 R 1DFF7700 64 FF FF FF FF FF FF FF
13:57:29.171 R 09FD02B1 FF 5D 01 AC 78 FA FF FF
13:57:29.171 R 09FD02B1 FF 5D 01 AC 78 FC FF FF
13:57:29.172 R 09FD02B1 FF 60 01 4F 8B F9 FF FF
13:57:29.200 R 09F80101 F4 1F 50 1F 67 98 3E 03
13:57:29.201 R 11F80F00 E0 1B 12 EE AB 8B 0E B5
13:57:29.201 R 11F80F00 E1 E2 44 03 81 87 5D 1F
13:57:29.202 R 11F80F00 E2 74 55 6C 34 01 E1 04
13:57:29.203 R 11F80F00 E3 08 FF FF 00 70 FF FF
13:57:29.207 R 11F80F00 00 1B 12 7C 13 8D 0E E7
13:57:29.208 R 11F80F00 01 97 3E 03 AB 1F 50 1F
13:57:29.208 R 11F80F00 02 77 FF FF 00 00 00 00
13:57:29.209 R 11F80F00 03 20 FF FF 00 70 FE FF
13:57:29.220 R 0DF50B73 00 EE 01 00 00 FF FF FF
13:57:29.267 R 19F51373 E0 0E FF FF FF FF FF FF
13:57:29.268 R 19F51373 E1 86 85 B0 00 00 00 00
13:57:29.268 R 19F51373 E2 00 FF FF FF FF FF FF
13:57:29.269 R 1DFF6773 00 0B 3B 9F 03 00 04 B4
13:57:29.270 R 1DFF6773 01 6E 11 19 09 09 FF FF
13:57:29.270 R 09FD02B1 FF 5D 01 A9 78 FA FF FF
13:57:29.271 R 09FD02B1 FF 5D 01 A9 78 FC FF FF
13:57:29.271 R 1DFF6773 20 0B 3B 9F 03 02 04 B4
13:57:29.272 R 09FD02B1 FF 5F 01 4D 8B F9 FF FF
13:57:29.272 R 1DFF6773 21 6E 11 19 09 09 FF FF
13:57:29.301 R 09F80201 FF FC 00 00 03 00 FF FF
13:57:29.302 R 09F80101 F4 1F 50 1F 67 98 3E 03
13:57:29.303 R 0DF90B01 FF FC FB 01 03 00 FF FF
13:57:29.336 R 1CFFFF01 4F 9A 00 F5 FF FF FF FF
13:57:29.360 R 1CFFF001 3B 9F 8C FF AE 1C 66 64
13:57:29.369 R 09FD02B1 FF 5C 01 AD 78 FA FF FF
13:57:29.370 R 09FD02B1 FF 5C 01 AD 78 FC FF FF
13:57:29.371 R 09FD02B1 FF 5F 01 51 8B F9 FF FF
13:57:29.403 R 09F80101 F4 1F 50 1F 67 98 3E 03
13:57:29.447 R 09F50373 00 00 00 FF FF 00 FF FF
13:57:29.469 R 09FD02B1 FF 5C 01 B6 78 FA FF FF
13:57:29.471 R 09FD02B1 FF 5C 01 B6 78 FC FF FF
13:57:29.471 R 09FD02B1 FF 5E 01 5B 8B F9 FF FF
13:57:29.487 R 1CFF1A73 3B 9F 00 00 FF FF FF FF
13:57:29.488 R 09F50373 00 00 00 FF FF 00 FF FF
13:57:29.496 R 11F80E00 A0 1C 01 D9 88 94 0E 17
13:57:29.496 R 11F80E00 A1 F0 34 03 12 94 4A 1F
13:57:29.497 R 11F80E00 A2 77 DA 95 B0 01 BF C0
13:57:29.497 R 11F80E00 A3 00 FF FF FF 7F C0 F8
13:57:29.498 R 11F80E00 A4 FF FF FF FF FF FF FF
13:57:29.503 R 09F80201 FF FC 00 00 03 00 FF FF
13:57:29.504 R 0DFE1101 C0 0E C0 4B 00 00 03 00
13:57:29.505 R 0DFE1101 C1 FF FF FF FF FB 01 03
13:57:29.505 R 0DFE1101 C2 00 FF FF FF FF FF FF
13:57:29.506 R 09F80101 F4 1F 50 1F 67 98 3E 03
13:57:29.514 R 15FD0773 00 C0 53 7A FF 7F FF FF
13:57:29.544 R 15FD0773 00 C0 53 7A FF 7F FF FF
13:57:29.549 R 11F80E00 C0 1C 01 B4 D6 95 0E 6F
13:57:29.550 R 11F80E00 C1 3F 3D 03 F8 EE 4F 1F
13:57:29.550 R 11F80E00 C2 74 FF FF 00 00 E4 56
13:57:29.551 R 11F80E00 C3 08 FF FF FF 7F C0 F8
13:57:29.551 R 11F80E00 C4 FF FF FF FF FF FF FF
13:57:29.568 R 09FD02B1 FF 5B 01 C1 78 FA FF FF
13:57:29.570 R 09FD02B1 FF 5C 01 C1 78 FC FF FF
13:57:29.571 R 09FD02B1 FF 5E 01 5B 8B F9 FF FF
13:57:29.604 R 0DF90301 FF 7F FF FF FF 7F FF FF
13:57:29.605 R 09F80101 F4 1F 50 1F 67 98 3E 03
13:57:29.605 R 1DFFF001 C0 0D 3B 9F 90 FF FF FF
13:57:29.606 R 1DFFF001 C1 FF FF FF FF FF F6 00
13:57:29.668 R 09FD02B1 FF 5A 01 CA 78 FA FF FF
13:57:29.670 R 09FD02B1 FF 5A 01 CA 78 FC FF FF
13:57:29.670 R 09FD02B1 FF 5D 01 71 8B F9 FF FF
13:57:29.685 R 11F80F00 20 1B 12 00 AC 97 0E 65
13:57:29.685 R 11F80F00 21 1F 3E 03 B1 A1 4F 1F
13:57:29.686 R 11F80F00 22 74 60 8C 42 00 06 00
13:57:29.686 R 11F80F00 23 0E FF FF 00 74 FF FF
13:57:29.706 R 09F80201 FF FC 00 00 03 00 FF FF
13:57:29.706 R 09F80101 F4 1F 50 1F 67 98 3E 03
13:57:29.707 R 19FA0301 00 DB 3D 00 58 00 3C 00
13:57:29.708 R 19FA0601 40 0F 4F 38 00 FF FF FF
13:57:29.708 R 19FA0601 41 FF FF FF FF FF FF FF
13:57:29.709 R 19FA0601 42 FF FF FF FF FF FF FF
13:57:29.710 R 19FA0B01 40 0F 4F 04 00 FF FF FF
13:57:29.710 R 19FA0B01 41 FF FF FF FF FF FF FF
13:57:29.711 R 19FA0B01 42 FF FF FF FF FF FF FF
13:57:29.767 R 09FD02B1 FF 5A 01 D3 78 FA FF FF
13:57:29.768 R 09FD02B1 FF 5A 01 D3 78 FC FF FF
13:57:29.768 R 09FD02B1 FF 5C 01 7C 8B F9 FF FF
13:57:29.806 R 19FA0401 40 DB 4F FF 12 05 FF 1D
13:57:29.807 R 19FA0401 41 E5 CD CC 10 00 00 00
13:57:29.808 R 19FA0401 42 00 F5 07 97 29 22 33
13:57:29.808 R 19FA0401 43 3C 0F 00 00 00 00 F5
13:57:29.809 R 19FA0401 44 09 C5 13 AD 3C 3C 0F
13:57:29.810 R 19FA0401 45 00 00 00 00 F5 0B 0B
13:57:29.810 R 19FA0401 46 11 AC 96 48 0D 00 00
13:57:29.811 R 19FA0401 47 00 00 F5 14 5D 10 1F
13:57:29.812 R 19FA0401 48 BA 3C 0F 00 00 00 00
13:57:29.812 R 19FA0401 49 F5 15 73 32 66 A8 04
13:57:29.813 R 19FA0401 4A 10 00 00 00 00 F5 1E
13:57:29.813 R 19FA0401 4B FF 2C 15 7C A0 0F 00
13:57:29.814 R 19FA0401 4C 00 00 00 F5 44 80 16
13:57:29.815 R 19FA0401 4D B9 3E 48 0D 00 00 00
13:57:29.815 R 19FA0401 4E 00 F5 45 73 32 46 0C
13:57:29.816 R 19FA0401 4F 3C 0F 00 00 00 00 F5
13:57:29.817 R 19FA0401 50 46 DD 17 2B CB CC 10
13:57:29.817 R 19FA0401 51 00 00 00 00 F5 4E FF
13:57:29.818 R 19FA0401 52 1D D1 24 A0 0F 00 00
13:57:29.819 R 19FA0401 53 00 00 F5 31 74 14 66
13:57:29.819 R 19FA0401 54 7B E4 0C 00 00 00 00
13:57:29.820 R 19FA0401 55 F5 00 A2 3A FC D1 74
13:57:29.820 R 19FA0401 56 0E 00 00 00 00 F5 00
13:57:29.821 R 19FA0401 57 39 28 FD B3 10 0E 00
13:57:29.822 R 19FA0401 58 00 00 00 F5 00 BA 11
13:57:29.822 R 19FA0401 59 15 8B 80 0C 00 00 00
13:57:29.823 R 19FA0401 5A 00 F5 00 DD 17 7F 34
13:57:29.824 R 19FA0401 5B 80 0C 00 00 00 00 F5
13:57:29.824 R 19FA0401 5C 00 51 2C D1 33 D8 0E
13:57:29.825 R 19FA0401 5D 00 00 00 00 F5 00 3A
13:57:29.826 R 19FA0401 5E 19 36 CD 3C 0F 00 00
13:57:29.826 R 19FA0401 5F 00 00 F5 FF FF FF FF
13:57:29.827 R 09F80101 F4 1F 50 1F 67 98 3E 03
13:57:29.827 R 19F11A01 FF FF FF FF FB 01 FF FF
13:57:29.867 R 09FD02B1 FF 59 01 D9 78 FA FF FF
13:57:29.868 R 09FD02B1 FF 59 01 D9 78 FC FF FF
13:57:29.869 R 09FD02B1 FF 5B 01 84 8B F9 FF FF
13:57:29.907 R 09F80201 FF FC 00 00 03 00 FF FF
13:57:29.908 R 09F80101 F4 1F 50 1F 67 98 3E 03
13:57:29.966 R 09FD02B1 FF 59 01 D9 78 FA FF FF
13:57:29.968 R 09FD02B1 FF 59 01 D9 78 FC FF FF
13:57:29.969 R 09FD02B1 FF 5B 01 84 8B F9 FF FF
13:57:30.008 R 0DF80501 60 2B 50 E4 50 A0 E8 A8
13:57:30.009 R 0DF80501 61 19 00 88 FE AD 45 66
13:57:30.009 R 0DF80501 62 4A 07 00 46 37 CF 56
13:57:30.010 R 0DF80501 63 63 C1 00 C0 B6 77 02
13:57:30.011 R 0DF80501 64 00 00 00 00 23 FC 13
13:57:30.011 R 0DF80501 65 41 00 FF 7F EE 11 00
13:57:30.012 R 0DF80501 66 00 00 FF FF FF FF FF
13:57:30.013 R 09F80101 F4 1F 50 1F 67 98 3E 03
13:57:30.013 R 0DF80901 E4 50 A0 E8 A8 19 78 00
13:57:30.016 R 1CFF7400 3B 9F FD 00 00 FF FF FF
13:57:30.065 R 09FD02B1 FF 57 01 D9 78 FA FF FF
13:57:30.067 R 09FD02B1 FF 57 01 D9 78 FC FF FF
13:57:30.068 R 09FD02B1 FF 5A 01 86 8B F9 FF FF
13:57:30.109 R 09F80201 FF FC 00 00 03 00 FF FF
13:57:30.110 R 09F80101 F4 1F 50 1F 67 98 3E 03
13:57:30.198 R 0DF01001 FF FF E4 50 5C F0 A8 19
13:57:30.200 R 11F80E00 E0 1C 01 AE 7D 09 10 49
13:57:30.200 R 11F80E00 E1 4B 3D 03 72 42 4F 1F
13:57:30.201 R 11F80E00 E2 89 23 03 57 00 8D 40
13:57:30.201 R 11F80E00 E3 09 AE 00 00 00 C0 F8
13:57:30.202 R 11F80E00 E4 FF FF FF FF FF FF FF
13:57:30.253 R 09FD02B1 FF 57 01 D9 78 FA FF FF
13:57:30.253 R 09FD02B1 FF 57 01 D9 78 FC FF FF
13:57:30.254 R 09FD02B1 FF 5A 01 84 8B F9 FF FF
13:57:30.298 R 09F80101 F4 1F 50 1F 67 98 3E 03
13:57:30.300 R 11F80F00 40 1B 12 7C 13 8D 0E E7
13:57:30.300 R 11F80F00 41 97 3E 03 AB 1F 50 1F
13:57:30.301 R 11F80F00 42 7B FF FF 00 00 00 00
13:57:30.301 R 11F80F00 43 20 FF FF 00 70 FE FF
13:57:30.308 R 0DF50B73 00 FA 01 00 00 FF FF FF
13:57:30.352 R 09FD02B1 FF 56 01 CC 78 FA FF FF
13:57:30.354 R 09FD02B1 FF 56 01 CC 78 FC FF FF
13:57:30.356 R 09FD02B1 FF 59 01 7E 8B F9 FF FF
13:57:30.359 R 19F51373 40 0E FF FF FF FF FF FF
13:57:30.359 R 19F51373 41 86 85 B0 00 00 00 00
13:57:30.360 R 19F51373 42 00 FF FF FF FF FF FF
13:57:30.361 R 1DFF6773 60 0B 3B 9F 03 00 04 B4
13:57:30.361 R 1DFF6773 61 6E 11 19 09 09 FF FF
13:57:30.362 R 1DFF6773 80 0B 3B 9F 03 02 04 B4
13:57:30.362 R 1DFF6773 81 6E 11 19 09 09 FF FF
13:57:30.398 R 09F80201 FF FC 00 00 03 00 FF FF
13:57:30.399 R 09F80101 F4 1F 50 1F 67 98 3E 03
13:57:30.400 R 0DF90B01 FF FC FB 01 03 00 FF FF
13:57:30.437 R 1CFFF001 3B 9F 8C FF B8 1C 46 64
13:57:30.451 R 09FD02B1 FF 56 01 CC 78 FA FF FF
13:57:30.452 R 09FD02B1 FF 56 01 CC 78 FC FF FF
13:57:30.453 R 09FD02B1 FF 58 01 79 8B F9 FF FF
13:57:30.499 R 09F80101 F4 1F 50 1F 67 98 3E 03
13:57:30.551 R 09FD02B1 FF 55 01 C3 78 FA FF FF
13:57:30.553 R 09FD02B1 FF 55 01 C3 78 FC FF FF
13:57:30.554 R 09FD02B1 FF 58 01 76 8B F9 FF FF
13:57:30.600 R 09F80201 FF FC 00 00 03 00 FF FF
13:57:30.601 R 0DFE1101 E0 0E C0 4C 00 00 03 00
13:57:30.602 R 09F50373 00 00 00 FF FF 00 FF FF
13:57:30.602 R 0DFE1101 E1 FF FF FF FF FB 01 02
13:57:30.603 R 0DFE1101 E2 00 FF FF FF FF FF FF
13:57:30.604 R 09F80101 F4 1F 50 1F 67 98 3E 03
13:57:30.650 R 09FD02B1 FF 55 01 C3 78 FA FF FF
13:57:30.651 R 09FD02B1 FF 55 01 C3 78 FC FF FF
13:57:30.651 R 09FD02B1 FF 57 01 73 8B F9 FF FF
13:57:30.702 R 0DF90301 FF 7F FF FF FF 7F FF FF
13:57:30.703 R 09F80101 F4 1F 50 1F 67 98 3E 03
13:57:30.703 R 1DFFF001 E0 0D 3B 9F 90 FF FF FF
13:57:30.704 R 1DFFF001 E1 FF FF FF FF FF F4 00
13:57:30.735 R 11F80E00 00 1C 01 D7 AF 95 0E BD
13:57:30.736 R 11F80E00 01 1C 49 03 EA 8E 58 1F
13:57:30.736 R 11F80E00 02 7B 97 1D AA 01 E4 56
13:57:30.737 R 11F80E00 03 08 FF FF FF 7F C0 F8
13:57:30.737 R 11F80E00 04 FF FF FF FF FF FF FF
13:57:30.750 R 09FD02B1 FF 54 01 C1 78 FA FF FF
13:57:30.750 R 09FD02B1 FF 54 01 C1 78 FC FF FF
13:57:30.751 R 09FD02B1 FF 56 01 6F 8B F9 FF FF
13:57:30.762 R 11F80E00 20 1C 01 65 13 95 0E 8D
13:57:30.762 R 11F80E00 21 91 3B 03 F0 E6 4B 1F
13:57:30.763 R 11F80E00 22 7B 79 45 00 00 E4 56
13:57:30.764 R 11F80E00 23 00 FF FF FF 7F C0 F8
13:57:30.764 R 11F80E00 24 FF FF FF FF FF FF FF
13:57:30.791 R 1CFF1A73 3B 9F 00 00 FF FF FF FF
13:57:30.792 R 09F50373 00 00 00 FF FF 00 FF FF
13:57:30.804 R 09F80201 FF FC 00 00 02 00 FF FF
13:57:30.804 R 09F80101 F4 1F 50 1F 67 98 3E 03
13:57:30.805 R 19FA0301 00 DB 3D 00 58 00 3C 00
13:57:30.806 R 19FA0601 60 0F 50 38 00 FF FF FF
13:57:30.806 R 19FA0601 61 FF FF FF FF FF FF FF
13:57:30.807 R 19FA0601 62 FF FF FF FF FF FF FF
13:57:30.808 R 19FA0B01 60 0F 50 04 00 FF FF FF
13:57:30.809 R 19FA0B01 61 FF FF FF FF FF FF FF
13:57:30.809 R 19FA0B01 62 FF FF FF FF FF FF FF
13:57:30.817 R 15FD0773 00 C0 53 7A FF 7F FF FF
13:57:30.849 R 09FD02B1 FF 53 01 BD 78 FA FF FF
13:57:30.850 R 09FD02B1 FF 53 01 BD 78 FC FF FF
13:57:30.850 R 09FD02B1 FF 56 01 6D 8B F9 FF FF
13:57:30.852 R 15FD0773 00 C0 53 7A FF 7F FF FF
13:57:30.905 R 19FA0401 60 DB 50 FF 12 05 FF 1D
13:57:30.906 R 19FA0401 61 E5 CD CC 10 00 00 00
13:57:30.907 R 19FA0401 62 00 F5 07 97 29 22 33
13:57:30.908 R 19FA0401 63 3C 0F 00 00 00 00 F5
13:57:30.908 R 19FA0401 64 09 C5 13 AD 3C 3C 0F
13:57:30.909 R 19FA0401 65 00 00 00 00 F5 0B 0B
13:57:30.910 R 19FA0401 66 11 AC 96 48 0D 00 00
13:57:30.910 R 19FA0401 67 00 00 F5 14 5D 10 1F
13:57:30.911 R 19FA0401 68 BA D8 0E 00 00 00 00
13:57:30.912 R 19FA0401 69 F5 15 73 32 66 A8 04
13:57:30.913 R 19FA0401 6A 10 00 00 00 00 F5 1E
13:57:30.913 R 19FA0401 6B FF 2C 15 7C 04 10 00
13:57:30.914 R 19FA0401 6C 00 00 00 F5 44 80 16
13:57:30.915 R 19FA0401 6D B9 3E E4 0C 00 00 00
13:57:30.915 R 19FA0401 6E 00 F5 45 73 32 46 0C
13:57:30.916 R 19FA0401 6F 3C 0F 00 00 00 00 F5
13:57:30.917 R 19FA0401 70 46 DD 17 2B CB 68 10
13:57:30.918 R 19FA0401 71 00 00 00 00 F5 4E FF
13:57:30.918 R 19FA0401 72 1D D1 24 A0 0F 00 00
13:57:30.919 R 19FA0401 73 00 00 F5 31 74 14 66
13:57:30.920 R 19FA0401 74 7B 80 0C 00 00 00 00
13:57:30.920 R 19FA0401 75 F5 00 A2 3A FC D1 D8
13:57:30.921 R 19FA0401 76 0E 00 00 00 00 F5 00
13:57:30.922 R 19FA0401 77 39 28 FD B3 10 0E 00
13:57:30.922 R 19FA0401 78 00 00 00 F5 00 BA 11
13:57:30.923 R 19FA0401 79 15 8B 80 0C 00 00 00
13:57:30.924 R 19FA0401 7A 00 F5 00 DD 17 7F 34
13:57:30.924 R 19FA0401 7B 80 0C 00 00 00 00 F5
13:57:30.925 R 19FA0401 7C 00 51 2C D1 33 D8 0E
13:57:30.926 R 19FA0401 7D 00 00 00 00 F5 00 3A
13:57:30.927 R 19FA0401 7E 19 36 CD 3C 0F 00 00
13:57:30.927 R 19FA0401 7F 00 00 F5 FF FF FF FF
13:57:30.928 R 09F80101 F4 1F 50 1F 67 98 3E 03
13:57:30.929 R 19F11A01 FF FF FF FF FB 01 FF FF
13:57:30.948 R 09FD02B1 FF 53 01 BE 78 FA FF FF
13:57:30.949 R 09FD02B1 FF 53 01 BE 78 FC FF FF
13:57:30.950 R 09FD02B1 FF 55 01 70 8B F9 FF FF
13:57:31.003 R 11F80E00 40 1C 03 01 73 96 0E FF
13:57:31.004 R 11F80E00 41 80 3D 03 AA 54 50 1F
13:57:31.004 R 11F80E00 42 7F FF FF 00 00 60 A6
13:57:31.005 R 11F80E00 43 01 FF FF FF 7F D5 F8
13:57:31.005 R 11F80E00 44 FF FF FF FF FF FF FF
13:57:31.007 R 09F80201 FF FC 00 00 02 00 FF FF
13:57:31.007 R 09F80101 F4 1F 50 1F 67 98 3E 03
13:57:31.048 R 09FD02B1 FF 52 01 D0 78 FA FF FF
13:57:31.050 R 09FD02B1 FF 52 01 D0 78 FC FF FF
13:57:31.050 R 09FD02B1 FF 54 01 84 8B F9 FF FF
13:57:31.108 R 0DF80501 80 2B 51 E4 50 98 13 A9
13:57:31.109 R 0DF80501 81 19 00 88 FE AD 45 66
13:57:31.109 R 0DF80501 82 4A 07 00 46 37 CF 56
13:57:31.110 R 11F80E00 60 1C 03 95 3A 95 0E C3
13:57:31.111 R 0DF80501 83 63 C1 00 C0 B6 77 02
13:57:31.111 R 11F80E00 61 58 3D 03 81 00 4E 1F
13:57:31.112 R 0DF80501 84 00 00 00 00 23 FC 13
13:57:31.112 R 11F80E00 62 79 13 D6 00 00 AA 34
13:57:31.113 R 0DF80501 85 41 00 FF 7F EE 11 00
13:57:31.113 R 11F80E00 63 01 AC 78 00 00 C5 F8
13:57:31.114 R 0DF80501 86 00 00 FF FF FF FF FF
13:57:31.115 R 11F80E00 64 FF FF FF FF FF FF FF
13:57:31.115 R 09F80101 F4 1F 50 1F 67 98 3E 03
13:57:31.115 R 0DF80901 E4 50 98 13 A9 19 78 00
13:57:31.137 R 11F80F00 60 1B 12 EA FA 9F 0C 00
13:57:31.137 R 11F80F00 61 AF 39 03 67 F5 4A 1F
13:57:31.138 R 11F80F00 62 7C FF FF 00 00 00 00
13:57:31.138 R 11F80F00 63 00 FF FF 00 70 FE FF
13:57:31.146 R 09FD02B1 FF 51 01 D6 78 FA FF FF
13:57:31.148 R 09FD02B1 FF 51 01 D6 78 FC FF FF
13:57:31.149 R 09FD02B1 FF 54 01 8C 8B F9 FF FF
13:57:31.163 R 19FB1100 00 1B 18 D0 7E A7 0E 54
13:57:31.164 R 19FB1100 01 48 41 4C 41 53 53 41
13:57:31.164 R 19FB1100 02 20 49 49 40 40 40 40
13:57:31.165 R 19FB1100 03 40 40 40 40 40 E1 FF
13:57:31.165 R 1DFF7600 00 1C 3B 9F 18 D0 7E A7
13:57:31.166 R 1DFF7600 01 0E 00 54 48 41 4C 41
13:57:31.167 R 1DFF7600 02 53 53 41 20 49 49 40
13:57:31.167 R 1DFF7600 03 40 40 40 40 40 40 40
13:57:31.168 R 1DFF7600 04 40 FF FF FF FF FF FF
13:57:31.208 R 09F80201 FF FC 00 00 02 00 FF FF
13:57:31.209 R 09F80101 F4 1F 50 1F 67 98 3E 03
13:57:31.202 R 0DF01001 FF FF E4 50 94 17 A9 19
13:57:31.238 R 09FD02B1 FF 51 01 D3 78 FA FF FF
13:57:31.239 R 09FD02B1 FF 51 01 D3 78 FC FF FF
13:57:31.240 R 09FD02B1 FF 54 01 8C 8B F9 FF FF
13:57:31.289 R 11F80E00 80 1C 01 88 48 B2 0E 13
13:57:31.289 R 11F80E00 81 86 3D 03 96 D0 4D 1F
13:57:31.290 R 11F80E00 82 7D D3 F4 0A 00 E4 56
13:57:31.290 R 11F80E00 83 00 FC A4 51 00 C0 F8
13:57:31.291 R 11F80E00 84 FF FF FF FF FF FF FF
13:57:31.295 R 11F80F00 80 1B 12 7C 13 8D 0E E7
13:57:31.295 R 11F80F00 81 97 3E 03 AB 1F 50 1F
13:57:31.296 R 11F80F00 82 7F FF FF 00 00 00 00
13:57:31.297 R 11F80F00 83 20 FF FF 00 70 FE FF
13:57:31.302 R 09F80101 F4 1F 50 1F 68 98 3E 03
13:57:31.303 R 0DF50B73 00 F4 01 00 00 FF FF FF
13:57:31.337 R 09FD02B1 FF 50 01 C8 78 FA FF FF
13:57:31.339 R 09FD02B1 FF 50 01 C8 78 FC FF FF
13:57:31.340 R 09FD02B1 FF 53 01 8B 8B F9 FF FF
13:57:31.353 R 19F51373 A0 0E FF FF FF FF FF FF
13:57:31.354 R 19F51373 A1 86 85 B0 00 00 00 00
13:57:31.354 R 19F51373 A2 00 FF FF FF FF FF FF
13:57:31.355 R 1DFF6773 C0 0B 3B 9F 03 00 04 B4
13:57:31.356 R 1DFF6773 C1 6E 11 19 09 09 FF FF
13:57:31.356 R 1DFF6773 E0 0B 3B 9F 03 02 04 B4
13:57:31.357 R 1DFF6773 E1 6E 11 19 09 09 FF FF
13:57:31.368 R 19FB1200 80 23 18 EE AB 8B 0E 25
13:57:31.369 R 19FB1200 81 53 4D 54 46 22 27 5A
13:57:31.370 R 19FB1200 82 50 44 35 38 39 34 40
13:57:31.370 R 19FB1200 83 64 00 1E 00 14 00 32
13:57:31.371 R 19FB1200 84 00 00 00 00 00 F3 E1
13:57:31.371 R 19FB1200 85 FF FF FF FF FF FF FF
13:57:31.372 R 1DFF7700 80 1C 3B 9F 18 EE AB 8B
13:57:31.372 R 1DFF7700 81 0E 01 25 53 4D 54 46
13:57:31.373 R 1DFF7700 82 22 27 5A 50 44 35 38
13:57:31.374 R 1DFF7700 83 39 34 40 42 50 A0 C0
13:57:31.374 R 1DFF7700 84 FF FF FF FF FF FF FF
13:57:31.397 R 19FB1200 A0 23 18 D0 7E A7 0E 24
13:57:31.397 R 19FB1200 A1 56 53 50 44 46 47 30
13:57:31.398 R 19FB1200 A2 50 47 34 38 30 37 40
13:57:31.399 R 19FB1200 A3 96 00 28 00 28 00 96
13:57:31.399 R 19FB1200 A4 00 00 00 00 00 03 E1
13:57:31.400 R 19FB1200 A5 FF FF FF FF FF FF FF
13:57:31.400 R 1DFF7700 A0 1C 3B 9F 18 D0 7E A7
13:57:31.401 R 1DFF7700 A1 0E 01 24 56 53 50 44
13:57:31.401 R 1DFF7700 A2 46 47 30 50 47 34 38
13:57:31.402 R 1DFF7700 A3 30 37 40 04 00 E0 C1
13:57:31.403 R 09F80201 FF FC 00 00 02 00 FF FF
13:57:31.403 R 1DFF7700 A4 FF FF FF FF FF FF FF
13:57:31.404 R 09F80101 F4 1F 50 1F 68 98 3E 03
13:57:31.404 R 0DF90B01 FF FC FB 01 02 00 FF FF
13:57:31.405 R 19F81401 80 14 57 38 34 00 00 00
13:57:31.406 R 19F81401 81 00 00 00 00 00 00 00
13:57:31.407 R 19F81401 82 00 00 00 57 38 34 00
13:57:31.436 R 09FD02B1 FF 50 01 C8 78 FA FF FF
13:57:31.438 R 09FD02B1 FF 50 01 C8 78 FC FF FF
13:57:31.439 R 09FD02B1 FF 53 01 81 8B F9 FF FF
13:57:31.450 R 1CFFF001 3B 9F 8C FF C3 1C 26 64
13:57:31.504 R 09F80101 F4 1F 50 1F 68 98 3E 03
13:57:31.536 R 09FD02B1 FF 50 01 9B 78 FA FF FF
13:57:31.538 R 09FD02B1 FF 50 01 9B 78 FC FF FF
13:57:31.538 R 09FD02B1 FF 53 01 6E 8B F9 FF FF
13:57:31.605 R 09F80201 FF FC 00 00 02 00 FF FF
13:57:31.606 R 0DFE1101 00 0E C0 4D 00 00 02 00
13:57:31.606 R 0DFE1101 01 FF FF FF FF FB 01 02
13:57:31.607 R 0DFE1101 02 00 FF FF FF FF FF FF
13:57:31.608 R 09F80101 F4 1F 50 1F 68 98 3E 03
13:57:31.635 R 09FD02B1 FF 50 01 9B 78 FA FF FF
13:57:31.637 R 09FD02B1 FF 50 01 9B 78 FC FF FF
13:57:31.638 R 09FD02B1 FF 52 01 57 8B F9 FF FF
13:57:31.676 R 09F50373 00 00 00 FF FF 00 FF FF
13:57:31.706 R 0DF90301 FF 7F FF FF FF 7F FF FF
13:57:31.707 R 09F80101 F4 1F 50 1F 68 98 3E 03
13:57:31.708 R 1DFFF001 00 0D 3B 9F 90 FF FF FF
13:57:31.709 R 1DFFF001 01 FF FF FF FF FF F2 00
13:57:31.715 R 1CFF1A73 3B 9F 00 00 FF FF FF FF
13:57:31.716 R 09F50373 00 00 00 FF FF 00 FF FF
13:57:31.717 R 11F80E00 A0 1C 01 39 4F 8B 0E 5C
13:57:31.718 R 11F80E00 A1 9D 58 03 12 EA 5D 1F
13:57:31.718 R 11F80E00 A2 7F 20 B7 6D 01 1E C0
13:57:31.719 R 11F80E00 A3 00 FF FF FF 7F D0 F8
13:57:31.719 R 11F80E00 A4 FF FF FF FF FF FF FF
13:57:31.734 R 09FD02B1 FF 50 01 86 78 FA FF FF
13:57:31.735 R 09FD02B1 FF 50 01 86 78 FC FF FF
13:57:31.736 R 09FD02B1 FF 52 01 43 8B F9 FF FF
13:57:31.742 R 15FD0773 00 C0 53 7A FF 7F FF FF
13:57:31.744 R 11F80E00 C0 1C 01 D4 45 8D 0E 20
13:57:31.744 R 11F80E00 C1 42 3B 03 BD B7 4B 1F
13:57:31.745 R 11F80E00 C2 7F FF FF 00 00 7D C0
13:57:31.746 R 11F80E00 C3 00 14 9A 00 00 C7 F8
13:57:31.746 R 11F80E00 C4 FF FF FF FF FF FF FF
13:57:31.777 R 15FD0773 00 C0 53 7A FF 7F FF FF
13:57:31.808 R 09F80201 FF FC 00 00 02 00 FF FF
13:57:31.809 R 09F80101 F4 1F 50 1F 68 98 3E 03
13:57:31.810 R 19FA0301 00 DB 41 00 64 00 46 00
13:57:31.811 R 19FA0601 80 0F 51 38 00 FF FF FF
13:57:31.811 R 19FA0601 81 FF FF FF FF FF FF FF
13:57:31.812 R 19FA0601 82 FF FF FF FF FF FF FF
13:57:31.813 R 19FA0B01 80 0F 51 03 00 FF FF FF
13:57:31.813 R 19FA0B01 81 FF FF FF FF FF FF FF
13:57:31.814 R 19FA0B01 82 FF FF FF FF FF FF FF
13:57:31.834 R 09FD02B1 FF 50 01 77 78 FA FF FF
13:57:31.836 R 09FD02B1 FF 50 01 77 78 FC FF FF
13:57:31.836 R 09FD02B1 FF 52 01 34 8B F9 FF FF
13:57:31.851 R 11F80F00 A0 1B 12 5A 25 8B 0E D2
13:57:31.852 R 11F80F00 A1 B0 33 03 4A 52 53 1F
13:57:31.852 R 11F80F00 A2 7F 30 ED 01 01 B1 84
13:57:31.853 R 11F80F00 A3 08 FF FF 00 70 FE FF
13:57:31.879 R 11F80E00 E0 1C 03 50 53 8F 0E DB
13:57:31.879 R 11F80E00 E1 79 3B 03 47 D3 4B 1F
13:57:31.880 R 11F80E00 E2 7D AD 69 00 00 00 00
13:57:31.881 R 11F80E00 E3 08 2B 9E F6 FF C0 F8
13:57:31.881 R 11F80E00 E4 FF FF FF FF FF FF FF
13:57:31.910 R 19FA0401 80 DB 51 FF 12 05 FF 1D
13:57:31.911 R 19FA0401 81 E5 CD CC 10 00 00 00
13:57:31.911 R 19FA0401 82 00 F5 07 97 29 22 33
13:57:31.912 R 19FA0401 83 3C 0F 00 00 00 00 F5
13:57:31.913 R 19FA0401 84 09 C5 13 AD 3C 3C 0F
13:57:31.913 R 19FA0401 85 00 00 00 00 F5 0B 0B
13:57:31.914 R 19FA0401 86 11 AC 96 48 0D 00 00
13:57:31.915 R 19FA0401 87 00 00 F5 14 5D 10 1F
13:57:31.916 R 19FA0401 88 BA D8 0E 00 00 00 00
13:57:31.916 R 19FA0401 89 F5 15 73 32 66 A8 A0
13:57:31.917 R 19FA0401 8A 0F 00 00 00 00 F5 1E
13:57:31.918 R 19FA0401 8B FF 2C 15 7C 04 10 00
13:57:31.918 R 19FA0401 8C 00 00 00 F5 44 80 16
13:57:31.919 R 19FA0401 8D B9 3E 80 0C 00 00 00
13:57:31.920 R 19FA0401 8E 00 F5 45 73 32 46 0C
13:57:31.921 R 19FA0401 8F 3C 0F 00 00 00 00 F5
13:57:31.921 R 19FA0401 90 46 DD 17 2B CB 68 10
13:57:31.922 R 19FA0401 91 00 00 00 00 F5 4E FF
13:57:31.923 R 19FA0401 92 1D D1 24 A0 0F 00 00
13:57:31.923 R 19FA0401 93 00 00 F5 31 74 14 66
13:57:31.924 R 19FA0401 94 7B E4 0C 00 00 00 00
13:57:31.925 R 19FA0401 95 F5 00 A2 3A FC D1 D8
13:57:31.926 R 19FA0401 96 0E 00 00 00 00 F5 00
13:57:31.926 R 19FA0401 97 39 28 FD B3 74 0E 00
13:57:31.927 R 19FA0401 98 00 00 00 F5 00 BA 11
13:57:31.928 R 19FA0401 99 66 8A 1C 0C 00 00 00
13:57:31.928 R 19FA0401 9A 00 F5 00 DD 17 7F 34
13:57:31.929 R 19FA0401 9B 80 0C 00 00 00 00 F5
13:57:31.930 R 19FA0401 9C 00 51 2C D1 33 D8 0E
13:57:31.930 R 19FA0401 9D 00 00 00 00 F5 00 3A
13:57:31.931 R 19FA0401 9E 19 36 CD 3C 0F 00 00
13:57:31.932 R 19FA0401 9F 00 00 F5 FF FF FF FF
13:57:31.933 R 09F80101 F4 1F 50 1F 68 98 3E 03
13:57:31.933 R 09FD02B1 FF 50 01 66 78 FA FF FF
13:57:31.934 R 09FD02B1 FF 50 01 66 78 FC FF FF
13:57:31.934 R 19F11A01 FF FF FF FF FB 01 FF FF
13:57:31.935 R 09FD02B1 FF 53 01 27 8B F9 FF FF
13:57:31.936 R 1CFF1F01 3B 9F FF FB 01 FF FF FF
13:57:31.987 R 11F80F00 C0 1B 12 5E D3 99 0C F1
13:57:31.987 R 11F80F00 C1 F7 3D 03 20 84 50 1F
13:57:31.988 R 11F80F00 C2 83 17 13 01 01 06 00
13:57:31.988 R 11F80F00 C3 0E FF FF 00 74 FF FF
13:57:32.011 R 09F80201 FF FC 00 00 02 00 FF FF
13:57:32.012 R 09F80101 F4 1F 50 1F 68 98 3E 03
13:57:32.033 R 09FD02B1 FF 51 01 55 78 FA FF FF
13:57:32.033 R 09FD02B1 FF 51 01 55 78 FC FF FF
13:57:32.034 R 09FD02B1 FF 53 01 17 8B F9 FF FF
13:57:32.094 R 11F80F00 E0 1B 12 00 2D 8B 0E 10
13:57:32.094 R 11F80F00 E1 4F 43 03 7B 03 56 1F
13:57:32.095 R 11F80F00 E2 83 BE 72 F6 00 06 00
13:57:32.095 R 11F80F00 E3 0E FF FF 00 74 FF FF
13:57:32.113 R 0DF80501 A0 2B 52 E4 50 A8 3A A9
13:57:32.113 R 0DF80501 A1 19 00 88 FE AD 45 66
13:57:32.114 R 0DF80501 A2 4A 07 00 10 D2 0A 57
13:57:32.115 R 0DF80501 A3 63 C1 00 C0 B6 77 02
13:57:32.115 R 0DF80501 A4 00 00 00 00 23 FC 13
13:57:32.116 R 0DF80501 A5 41 00 FF 7F EE 11 00
13:57:32.117 R 0DF80501 A6 00 00 FF FF FF FF FF
13:57:32.118 R 09F80101 F4 1F 50 1F 68 98 3E 03
13:57:32.118 R 0DF80901 E4 50 A8 3A A9 19 78 00
13:57:32.132 R 09FD02B1 FF 51 01 41 78 FA FF FF
13:57:32.133 R 09FD02B1 FF 51 01 41 78 FC FF FF
13:57:32.133 R 09FD02B1 FF 53 01 02 8B F9 FF FF
13:57:32.214 R 09F80201 FF FC 00 00 02 00 FF FF
13:57:32.215 R 09F80101 F4 1F 50 1F 68 98 3E 03
13:57:32.100 R 0DF01001 FF FF E4 50 A8 3A A9 19
13:57:32.116 R 09FD02B1 FF 51 01 28 78 FA FF FF
13:57:32.117 R 09FD02B1 FF 51 01 28 78 FC FF FF
13:57:32.118 R 09FD02B1 FF 54 01 EB 8A F9 FF FF
13:57:32.139 R 11F80F00 00 1B 12 FA 1D 98 0E 92
13:57:32.140 R 11F80F00 01 CE 46 03 B8 28 56 1F
13:57:32.140 R 11F80F00 02 80 84 71 FC 00 06 00
13:57:32.141 R 11F80F00 03 0E FF FF 00 74 FF FF
13:57:32.184 R 11F80F00 20 1B 12 7C 13 8D 0E E7
13:57:32.185 R 11F80F00 21 97 3E 03 AB 1F 50 1F
13:57:32.185 R 11F80F00 22 83 FF FF 00 00 00 00
13:57:32.186 R 11F80F00 23 20 FF FF 00 70 FE FF
13:57:32.200 R 09F80101 F4 1F 50 1F 68 98 3E 03
13:57:32.216 R 09FD02B1 FF 52 01 14 78 FA FF FF
13:57:32.217 R 09FD02B1 FF 52 01 14 78 FC FF FF
13:57:32.217 R 09FD02B1 FF 54 01 D5 8A F9 FF FF
13:57:32.242 R 19F51373 00 0E FF FF FF FF FF FF
13:57:32.242 R 19F51373 01 86 85 B0 00 00 00 00
13:57:32.243 R 19F51373 02 00 FF FF FF FF FF FF
13:57:32.244 R 1DFF6773 20 0B 3B 9F 03 00 04 B4
13:57:32.244 R 1DFF6773 21 6E 11 19 09 09 FF FF
13:57:32.245 R 11F80E00 00 1C 01 12 09 8C 0E 7F
13:57:32.245 R 11F80E00 01 91 3A 03 8C 77 4B 1F
13:57:32.246 R 11F80E00 02 87 3D B3 00 00 E4 56
13:57:32.247 R 11F80E00 03 08 FF FF FF 7F CF F8
13:57:32.247 R 11F80E00 04 FF FF FF FF FF FF FF
13:57:32.248 R 1DFF6773 40 0B 3B 9F 03 02 04 B4
13:57:32.249 R 1DFF6773 41 6E 11 19 09 09 FF FF
13:57:32.301 R 09F80201 FF FC 00 00 02 00 FF FF
13:57:32.302 R 09F80101 F4 1F 50 1F 68 98 3E 03
13:57:32.302 R 0DF90B01 FF FC FB 01 02 00 FF FF
13:57:32.315 R 09FD02B1 FF 52 01 02 78 FA FF FF
13:57:32.316 R 09FD02B1 FF 52 01 02 78 FC FF FF
13:57:32.316 R 09FD02B1 FF 54 01 C4 8A F9 FF FF
13:57:32.325 R 11F80F00 40 1B 12 E5 1C 8D 0E F5
13:57:32.326 R 11F80F00 41 07 44 03 B6 3D 60 1F
13:57:32.326 R 11F80F00 42 83 83 B3 2A 01 C7 84
13:57:32.327 R 11F80F00 43 01 FF FF 00 70 FE FF
13:57:32.342 R 1CFFF001 3B 9F 8C FF CB 1C 0E 64
13:57:32.402 R 09F80101 F4 1F 50 1F 68 98 3E 03
13:57:32.415 R 09FD02B1 FF 53 01 F2 77 FA FF FF
13:57:32.415 R 09FD02B1 FF 53 01 F2 77 FC FF FF
13:57:32.416 R 09FD02B1 FF 55 01 B8 8A F9 FF FF
13:57:32.461 R 11F80F00 60 1B 12 52 D7 9C 0C A4
13:57:32.461 R 11F80F00 61 B1 42 03 D0 44 59 1F
13:57:32.462 R 11F80F00 62 83 76 F0 F1 00 06 00
13:57:32.462 R 11F80F00 63 0E FF FF 00 74 FF FF
13:57:32.503 R 09F80201 FF FC 00 00 02 00 FF FF
13:57:32.504 R 0DFE1101 20 0E C0 4E 00 00 02 00
13:57:32.505 R 0DFE1101 21 FF FF FF FF FB 01 02
13:57:32.505 R 0DFE1101 22 00 FF FF FF FF FF FF
13:57:32.506 R 09F80101 F4 1F 50 1F 68 98 3E 03
13:57:32.514 R 09FD02B1 FF 53 01 E1 77 FA FF FF
13:57:32.516 R 09FD02B1 FF 53 01 E1 77 FC FF FF
13:57:32.517 R 09FD02B1 FF 55 01 A7 8A F9 FF FF
13:57:32.546 R 0DF50B73 00 EB 01 00 00 FF FF FF
13:57:32.581 R 09F50373 00 00 00 FF FF 00 FF FF
13:57:32.605 R 0DF90301 FF 7F FF FF FF 7F FF FF
13:57:32.605 R 09F80101 F4 1F 50 1F 68 98 3E 03
13:57:32.606 R 1DFFF001 20 0D 3B 9F 90 FF FF FF
13:57:32.607 R 1DFFF001 21 FF FF FF FF FF F0 00
13:57:32.613 R 09FD02B1 FF 53 01 C1 77 FA FF FF
13:57:32.614 R 09FD02B1 FF 53 01 C1 77 FC FF FF
13:57:32.615 R 09FD02B1 FF 56 01 86 8A F9 FF FF
13:57:32.706 R 09F80201 FF FC 00 00 02 00 FF FF
13:57:32.707 R 09F80101 F4 1F 50 1F 68 98 3E 03
13:57:32.708 R 19FA0301 00 DB 41 00 64 00 46 00
13:57:32.708 R 19FA0601 A0 0F 52 38 00 FF FF FF
13:57:32.709 R 19FA0601 A1 FF FF FF FF FF FF FF
13:57:32.710 R 19FA0601 A2 FF FF FF FF FF FF FF
13:57:32.710 R 19FA0B01 A0 0F 52 03 00 FF FF FF
13:57:32.711 R 19FA0B01 A1 FF FF FF FF FF FF FF
13:57:32.712 R 19FA0B01 A2 FF FF FF FF FF FF FF
13:57:32.713 R 09FD02B1 FF 54 01 91 77 FA FF FF
13:57:32.715 R 09FD02B1 FF 54 01 91 77 FC FF FF
13:57:32.715 R 09FD02B1 FF 56 01 57 8A F9 FF FF
13:57:32.716 R 1CFF1A73 3B 9F 00 00 FF FF FF FF
13:57:32.717 R 09F50373 00 00 00 FF FF 00 FF FF
13:57:32.782 R 11F80E00 20 1C 03 01 73 96 0E 52
13:57:32.783 R 11F80E00 21 81 3D 03 24 54 50 1F
13:57:32.783 R 11F80E00 22 87 FF FF 00 00 CA 45
13:57:32.784 R 11F80E00 23 09 FF FF FF 7F D5 F8
13:57:32.784 R 11F80E00 24 FF FF FF FF FF FF FF
13:57:32.808 R 19FA0401 A0 DB 52 FF 12 05 FF 1D
13:57:32.809 R 19FA0401 A1 E5 CD CC 10 00 00 00
13:57:32.809 R 19FA0401 A2 00 F5 07 97 29 22 33
13:57:32.810 R 19FA0401 A3 3C 0F 00 00 00 00 F5
13:57:32.811 R 19FA0401 A4 09 C5 13 AD 3C 3C 0F
13:57:32.811 R 15FD0773 00 C0 53 7A FF 7F FF FF
13:57:32.812 R 19FA0401 A5 00 00 00 00 F5 0B 0B
13:57:32.812 R 09FD02B1 FF 54 01 60 77 FA FF FF
13:57:32.813 R 09FD02B1 FF 54 01 60 77 FC FF FF
13:57:32.814 R 19FA0401 A6 11 AC 96 48 0D 00 00
13:57:32.814 R 09FD02B1 FF 56 01 27 8A F9 FF FF
13:57:32.815 R 19FA0401 A7 00 00 F5 14 5D 10 1F
13:57:32.815 R 19FA0401 A8 BA D8 0E 00 00 00 00
13:57:32.816 R 19FA0401 A9 F5 15 73 32 66 A8 A0
13:57:32.817 R 19FA0401 AA 0F 00 00 00 00 F5 1E
13:57:32.818 R 19FA0401 AB FF 2C 15 7C 04 10 00
13:57:32.818 R 19FA0401 AC 00 00 00 F5 44 80 16
13:57:32.819 R 19FA0401 AD B9 3E 80 0C 00 00 00
13:57:32.820 R 19FA0401 AE 00 F5 45 73 32 46 0C
13:57:32.820 R 19FA0401 AF 3C 0F 00 00 00 00 F5
13:57:32.821 R 19FA0401 B0 46 DD 17 2B CB 68 10
13:57:32.822 R 19FA0401 B1 00 00 00 00 F5 4E FF
13:57:32.822 R 19FA0401 B2 1D D1 24 A0 0F 00 00
13:57:32.823 R 19FA0401 B3 00 00 F5 31 74 14 66
13:57:32.824 R 19FA0401 B4 7B E4 0C 00 00 00 00
13:57:32.825 R 19FA0401 B5 F5 00 A2 3A FC D1 D8
13:57:32.825 R 19FA0401 B6 0E 00 00 00 00 F5 00
13:57:32.826 R 19FA0401 B7 39 28 FD B3 74 0E 00
13:57:32.827 R 19FA0401 B8 00 00 00 F5 00 BA 11
13:57:32.828 R 19FA0401 B9 66 8A 1C 0C 00 00 00
13:57:32.828 R 19FA0401 BA 00 F5 00 DD 17 7F 34
13:57:32.829 R 19FA0401 BB 80 0C 00 00 00 00 F5
13:57:32.830 R 19FA0401 BC 00 51 2C D1 33 D8 0E
13:57:32.831 R 19FA0401 BD 00 00 00 00 F5 00 3A
13:57:32.831 R 19FA0401 BE 19 36 CD 3C 0F 00 00
13:57:32.832 R 19FA0401 BF 00 00 F5 FF FF FF FF
13:57:32.833 R 09F80101 F4 1F 50 1F 68 98 3E 03
13:57:32.834 R 19F11A01 FF FF FF FF FB 01 FF FF
13:57:32.847 R 15FD0773 00 C0 53 7A FF 7F FF FF
13:57:32.909 R 09F80201 FF FC 00 00 02 00 FF FF
13:57:32.910 R 09F80101 F4 1F 50 1F 68 98 3E 03
13:57:32.912 R 09FD02B1 FF 55 01 41 77 FA FF FF
13:57:32.912 R 09FD02B1 FF 55 01 41 77 FC FF FF
13:57:32.913 R 09FD02B1 FF 57 01 0A 8A F9 FF FF
13:57:32.941 R 11F80E00 40 1C 01 1B E7 96 0E 2D
13:57:32.942 R 11F80E00 41 22 33 03 8D 45 57 1F
13:57:32.942 R 11F80E00 42 84 FF FF 00 00 EA 08
13:57:32.943 R 11F80E00 43 00 FF FF FF 7F C0 F8
13:57:32.943 R 11F80E00 44 FF FF FF FF FF FF FF
13:57:32.994 R 1CFF7400 3B 9F FD 00 00 FF FF FF
13:57:33.010 R 0DF80501 C0 2B 53 E4 50 D2 60 A9
13:57:33.011 R 0DF80501 C1 19 00 88 FE AD 45 66
13:57:33.012 R 0DF80501 C2 4A 07 00 10 D2 0A 57
13:57:33.012 R 09FD02B1 FF 55 01 3D 77 FA FF FF
13:57:33.013 R 09FD02B1 FF 55 01 3D 77 FC FF FF
13:57:33.013 R 0DF80501 C3 63 C1 00 C0 B6 77 02
13:57:33.014 R 09FD02B1 FF 58 01 07 8A F9 FF FF
13:57:33.014 R 0DF80501 C4 00 00 00 00 23 FC 13
13:57:33.015 R 0DF80501 C5 41 00 FF 7F EE 11 00
13:57:33.016 R 0DF80501 C6 00 00 FF FF FF FF FF
13:57:33.017 R 09F80101 F4 1F 50 1F 68 98 3E 03
13:57:33.017 R 0DF80901 E4 50 D2 60 A9 19 78 00
13:57:33.023 R 19FB1200 C0 23 18 DE FC 95 0E 24
13:57:33.023 R 19FB1200 C1 53 4D 54 44 38 42 57
13:57:33.024 R 19FB1200 C2 50 48 38 39 37 34 40
13:57:33.024 R 19FB1200 C3 82 00 28 00 14 00 82
13:57:33.025 R 19FB1200 C4 00 00 00 00 00 03 E0
13:57:33.026 R 19FB1200 C5 FF FF FF FF FF FF FF
13:57:33.026 R 1DFF7700 C0 1C 3B 9F 18 DE FC 95
13:57:33.027 R 1DFF7700 C1 0E 01 24 53 4D 54 44
13:57:33.027 R 1DFF7700 C2 38 42 57 50 48 38 39
13:57:33.028 R 1DFF7700 C3 37 34 40 82 00 A0 C1
13:57:33.028 R 1DFF7700 C4 FF FF FF FF FF FF FF
13:57:33.110 R 09FD02B1 FF 56 01 54 77 FA FF FF
13:57:33.111 R 09FD02B1 FF 56 01 54 77 FC FF FF
13:57:33.112 R 09F80201 FF FC 00 00 02 00 FF FF
13:57:33.112 R 09FD02B1 FF 58 01 1B 8A F9 FF FF
13:57:33.113 R 09F80101 F4 1F 50 1F 68 98 3E 03
13:57:33.199 R 0DF01001 FF FF E4 50 96 65 A9 19
13:57:33.252 R 1CFF0801 3B 9F FF 01 74 03 00 80
13:57:33.275 R 11F80F00 80 1B 12 7C 13 8D 0E E7
13:57:33.275 R 11F80F00 81 97 3E 03 9A 1F 50 1F
13:57:33.276 R 11F80F00 82 87 FF FF 00 00 00 00
13:57:33.276 R 11F80F00 83 20 FF FF 00 70 FE FF
13:57:33.282 R 0DF50B73 00 EE 01 00 00 FF FF FF
13:57:33.296 R 09FD02B1 FF 57 01 66 77 FA FF FF
13:57:33.296 R 09FD02B1 FF 57 01 66 77 FC FF FF
13:57:33.297 R 09FD02B1 FF 59 01 2D 8A F9 FF FF
13:57:33.299 R 09F80101 F5 1F 50 1F 68 98 3E 03
13:57:33.331 R 19F51373 60 0E FF FF FF FF FF FF
13:57:33.332 R 19F51373 61 86 85 B0 00 00 00 00
13:57:33.333 R 19F51373 62 00 FF FF FF FF FF FF
13:57:33.333 R 1DFF6773 80 0B 3B 9F 03 00 04 B4
13:57:33.334 R 1DFF6773 81 6E 11 19 09 09 FF FF
13:57:33.335 R 1DFF6773 A0 0B 3B 9F 03 02 04 B4
13:57:33.335 R 1DFF6773 A1 6E 11 19 09 09 FF FF
13:57:33.344 R 1DEFFF73 C0 16 3B 9F F0 81 86 41
13:57:33.345 R 1DEFFF73 C1 2E D1 00 00 00 00 00
13:57:33.346 R 1DEFFF73 C2 00 00 00 00 00 01 00
13:57:33.346 R 1DEFFF73 C3 00 00 FF FF FF FF FF
13:57:33.395 R 09FD02B1 FF 57 01 5A 77 FA FF FF
13:57:33.396 R 09FD02B1 FF 57 01 5A 77 FC FF FF
13:57:33.396 R 09FD02B1 FF 5A 01 22 8A F9 FF FF
13:57:33.400 R 09F80201 FF FC 00 00 02 00 FF FF
13:57:33.401 R 09F80101 F5 1F 50 1F 68 98 3E 03
13:57:33.426 R 1CFFF001 3B 9F 8C FF CB 1C 0E 64
13:57:33.482 R 11F80E00 60 1C 01 90 73 8B 0E E5
13:57:33.483 R 11F80E00 61 55 3D 03 10 1E 4E 1F
13:57:33.484 R 11F80E00 62 87 FF FF 00 00 EF 84
13:57:33.484 R 11F80E00 63 00 FF FF FF 7F C0 F8
13:57:33.485 R 11F80E00 64 FF FF FF FF FF FF FF
13:57:33.495 R 09FD02B1 FF 58 01 37 77 FA FF FF
13:57:33.495 R 09FD02B1 FF 58 01 37 77 FC FF FF
13:57:33.496 R 09FD02B1 FF 5A 01 FD 89 F9 FF FF
13:57:33.501 R 09F80101 F5 1F 50 1F 68 98 3E 03
13:57:33.553 R 09F11273 00 26 A9 FF 7F FF 7F FD
13:57:33.554 R 09F10D73 FF F8 FF FF 0C 02 FF FF
13:57:33.555 R 1CFF4F73 3B 9F 00 FF FF 26 A9 FF
13:57:33.555 R 1DEFFF73 E0 16 3B 9F F0 81 9C 21
13:57:33.556 R 1DEFFF73 E1 22 03 FB 01 03 00 00
13:57:33.557 R 1DEFFF73 E2 00 00 00 00 00 01 00
13:57:33.558 R 1DEFFF73 E3 00 00 FF FF FF FF FF
13:57:33.590 R 09F50373 00 00 00 FF FF 00 FF FF
13:57:33.594 R 09FD02B1 FF 59 01 15 77 FA FF FF
13:57:33.595 R 09FD02B1 FF 59 01 15 77 FC FF FF
13:57:33.595 R 09FD02B1 FF 5B 01 DA 89 F9 FF FF
13:57:33.602 R 09F80201 FF FC 00 00 02 00 FF FF
13:57:33.603 R 0DFE1101 40 0E C0 4F 00 00 02 00
13:57:33.603 R 0DFE1101 41 FF FF FF FF FB 01 02
13:57:33.604 R 0DFE1101 42 00 FF FF FF FF FF FF
13:57:33.605 R 09F80101 F5 1F 50 1F 68 98 3E 03
13:57:33.626 R 09F11273 00 26 A9 FF 7F FF 7F FD
13:57:33.627 R 09F10D73 FF F8 FF FF 0C 02 FF FF
13:57:33.628 R 1CFF0873 3B 9F 00 00 14 00 FF FF
13:57:33.629 R 1CFF4F73 3B 9F 00 FF FF 26 A9 FF
13:57:33.630 R 1DEFFF73 00 16 3B 9F F0 81 84 26
13:57:33.630 R 1DEFFF73 01 A2 88 40 00 03 00 06
13:57:33.631 R 1DEFFF73 02 00 00 00 00 00 01 00
13:57:33.632 R 1DEFFF73 03 00 00 FF FF FF FF FF
13:57:33.693 R 09FD02B1 FF 5A 01 06 77 FA FF FF
13:57:33.694 R 09FD02B1 FF 5A 01 06 77 FC FF FF
13:57:33.695 R 09FD02B1 FF 5C 01 CC 89 F9 FF FF
13:57:33.703 R 0DF90301 FF 7F FF FF FF 7F FF FF
13:57:33.704 R 09F80101 F5 1F 50 1F 68 98 3E 03
13:57:33.705 R 1DFFF001 40 0D 3B 9F 90 FF FF FF
13:57:33.705 R 1DFFF001 41 FF FF FF FF FF F0 00
13:57:33.777 R 11F80E00 80 1C 01 C9 D4 95 0E FC
13:57:33.778 R 11F80E00 81 3B 3D 03 6C F2 4F 1F
13:57:33.778 R 11F80E00 82 87 ED 4D 00 00 D0 C0
13:57:33.779 R 11F80E00 83 00 FF FF FF 7F D0 F8
13:57:33.779 R 11F80E00 84 FF FF FF FF FF FF FF
13:57:33.788 R 1CFF0801 3B 9F FF 00 74 03 00 80
13:57:33.793 R 09FD02B1 FF 5B 01 0F 77 FA FF FF
13:57:33.793 R 09FD02B1 FF 5B 01 0F 77 FC FF FF
13:57:33.794 R 09FD02B1 FF 5D 01 D2 89 F9 FF FF
13:57:33.804 R 11F80E00 A0 1C 01 CA 71 96 0E 5D
13:57:33.804 R 11F80E00 A1 37 3D 03 78 F0 4F 1F
13:57:33.805 R 09F80201 FF FC 00 00 02 00 FF FF
13:57:33.806 R 11F80E00 A2 88 00 00 00 00 A9 08
13:57:33.806 R 09F80101 F5 1F 50 1F 68 98 3E 03
13:57:33.807 R 11F80E00 A3 08 FF FF FF 7F C0 F8
13:57:33.807 R 11F80E00 A4 FF FF FF FF FF FF FF
13:57:33.808 R 19FA0301 00 DB 41 00 64 00 46 00
13:57:33.809 R 19FA0601 C0 0F 53 38 00 FF FF FF
13:57:33.809 R 19FA0601 C1 FF FF FF FF FF FF FF
13:57:33.810 R 19FA0601 C2 FF FF FF FF FF FF FF
13:57:33.811 R 19FA0B01 C0 0F 53 02 00 FF FF FF
13:57:33.811 R 19FA0B01 C1 FF FF FF FF FF FF FF
13:57:33.812 R 19FA0B01 C2 FF FF FF FF FF FF FF
13:57:33.833 R 11F80E00 C0 1C 01 E4 71 96 0E E1
13:57:33.833 R 11F80E00 C1 53 3D 03 EF 28 4E 1F
13:57:33.834 R 11F80E00 C2 87 FF FF 00 00 E3 C0
13:57:33.834 R 11F80E00 C3 08 07 F2 00 00 CF F8
13:57:33.835 R 11F80E00 C4 FF FF FF FF FF FF FF
13:57:33.892 R 09FD02B1 FF 5C 01 1D 77 FA FF FF
13:57:33.893 R 09FD02B1 FF 5C 01 1D 77 FC FF FF
13:57:33.893 R 09FD02B1 FF 5E 01 DF 89 F9 FF FF
13:57:33.906 R 19FA0401 C0 DB 53 FF 12 05 FF 1D
13:57:33.907 R 1DEFFF73 20 16 3B 9F F0 81 83 07
13:57:33.908 R 19FA0401 C1 E5 CD 68 10 00 00 00
13:57:33.908 R 1DEFFF73 21 00 00 00 00 00 80 00
13:57:33.909 R 19FA0401 C2 00 F5 07 97 29 22 33
13:57:33.909 R 1DEFFF73 22 00 FF 00 00 00 01 00
13:57:33.910 R 19FA0401 C3 3C 0F 00 00 00 00 F5
13:57:33.910 R 1DEFFF73 23 00 00 FF FF FF FF FF
13:57:33.911 R 19FA0401 C4 09 C5 13 AD 3C 3C 0F
13:57:33.912 R 19FA0401 C5 00 00 00 00 F5 0B 0B
13:57:33.912 R 19FA0401 C6 11 AC 96 48 0D 00 00
13:57:33.913 R 19FA0401 C7 00 00 F5 14 5D 10 1F
13:57:33.914 R 19FA0401 C8 BA D8 0E 00 00 00 00
13:57:33.914 R 19FA0401 C9 F5 15 73 32 66 A8 A0
13:57:33.915 R 19FA0401 CA 0F 00 00 00 00 F5 1E
13:57:33.916 R 19FA0401 CB FF 2C 15 7C 04 10 00
13:57:33.917 R 19FA0401 CC 00 00 00 F5 44 80 16
13:57:33.917 R 19FA0401 CD B9 3E 1C 0C 00 00 00
13:57:33.918 R 19FA0401 CE 00 F5 45 73 32 46 0C
13:57:33.919 R 19FA0401 CF A0 0F 00 00 00 00 F5
13:57:33.919 R 19FA0401 D0 46 DD 17 2B CB 68 10
13:57:33.920 R 19FA0401 D1 00 00 00 00 F5 4E FF
13:57:33.921 R 19FA0401 D2 1D D1 24 A0 0F 00 00
13:57:33.921 R 19FA0401 D3 00 00 F5 31 74 14 66
13:57:33.922 R 19FA0401 D4 7B 48 0D 00 00 00 00
13:57:33.923 R 19FA0401 D5 F5 00 A2 3A FC D1 D8
13:57:33.923 R 19FA0401 D6 0E 00 00 00 00 F5 00
13:57:33.924 R 19FA0401 D7 39 28 FD B3 74 0E 00
13:57:33.925 R 19FA0401 D8 00 00 00 F5 00 BA 11
13:57:33.925 R 19FA0401 D9 66 8A 1C 0C 00 00 00
13:57:33.926 R 19FA0401 DA 00 F5 00 DD 17 7F 34
13:57:33.927 R 19FA0401 DB E4 0C 00 00 00 00 F5
13:57:33.927 R 19FA0401 DC 00 51 2C D1 33 D8 0E
13:57:33.928 R 19FA0401 DD 00 00 00 00 F5 00 3A
13:57:33.929 R 19FA0401 DE 19 36 CD D8 0E 00 00
13:57:33.930 R 19FA0401 DF 00 00 F5 FF FF FF FF
13:57:33.930 R 09F80101 F5 1F 50 1F 68 98 3E 03
13:57:33.931 R 19F11A01 FF FF FF FF FB 01 FF FF
13:57:33.951 R 09F50373 00 00 00 FF FF 00 FF FF
13:57:33.952 R 1CFF1A73 3B 9F 00 00 FF FF FF FF
13:57:33.978 R 15FD0773 00 C0 53 7A FF 7F FF FF
13:57:33.991 R 09FD02B1 FF 5D 01 1A 77 FA FF FF
13:57:33.992 R 09FD02B1 FF 5D 01 1A 77 FC FF FF
13:57:33.993 R 09FD02B1 FF 5F 01 DB 89 F9 FF FF
13:57:34.007 R 09F80201 FF FC 00 00 02 00 FF FF
13:57:34.008 R 09F80101 F5 1F 50 1F 68 98 3E 03
13:57:34.018 R 15FD0773 00 C0 53 7A FF 7F FF FF
13:57:34.038 R 1CFF4F73 3B 9F 00 FF FF 66 20 FF
13:57:34.038 R 1DEFFF73 40 16 3B 9F F0 81 9C C1
13:57:34.040 R 1DEFFF73 41 17 03 00 00 49 80 00
13:57:34.040 R 1DEFFF73 42 00 FF 00 00 00 01 00
13:57:34.041 R 1DEFFF73 43 00 00 FF FF FF FF FF
13:57:34.042 R 09F11273 00 66 20 FF 7F FF 7F FD
13:57:34.042 R 09F10D73 FF F8 FF FF 0C 02 FF FF
13:57:34.091 R 09FD02B1 FF 5E 01 FD 76 FA FF FF
13:57:34.092 R 09FD02B1 FF 5E 01 FD 76 FC FF FF
13:57:34.092 R 09FD02B1 FF 61 01 BD 89 F9 FF FF
13:57:34.109 R 0DF80501 E0 2B 54 E4 50 14 88 A9
13:57:34.109 R 0DF80501 E1 19 00 52 99 E9 45 66
13:57:34.110 R 0DF80501 E2 4A 07 00 10 D2 0A 57
13:57:34.111 R 0DF80501 E3 63 C1 00 20 30 76 02
13:57:34.111 R 0DF80501 E4 00 00 00 00 23 FC 13
13:57:34.112 R 0DF80501 E5 41 00 FF 7F EE 11 00
13:57:34.113 R 0DF80501 E6 00 00 FF FF FF FF FF
13:57:34.114 R 09F80101 F5 1F 50 1F 68 98 3E 03
13:57:34.114 R 0DF80901 E4 50 14 88 A9 19 78 00
13:57:34.125 R 11F80F00 A0 1B 12 F7 29 8B 0E F9
13:57:34.126 R 11F80F00 A1 3A 34 03 10 75 4C 1F
13:57:34.126 R 11F80F00 A2 88 8A 3F 58 01 EB 08
13:57:34.127 R 11F80F00 A3 00 FF FF 00 70 FE FF
13:57:34.190 R 09FD02B1 FF 60 01 CB 76 FA FF FF
13:57:34.191 R 09FD02B1 FF 60 01 CB 76 FC FF FF
13:57:34.192 R 09FD02B1 FF 62 01 8C 89 F9 FF FF
13:57:34.210 R 09F80201 FF FC 00 00 02 00 FF FF
13:57:34.210 R 09F80101 F5 1F 50 1F 69 98 3E 03
13:57:34.201 R 0DF01001 FF FF E4 50 BA 8C A9 19
13:57:34.269 R 11F80F00 C0 1B 12 7C 13 8D 0E E7
13:57:34.269 R 11F80F00 C1 97 3E 03 9A 1F 50 1F
13:57:34.270 R 11F80F00 C2 8B FF FF 00 00 00 00
13:57:34.271 R 11F80F00 C3 20 FF FF 00 70 FE FF
13:57:34.276 R 0DF50B73 00 F1 01 00 00 FF FF FF
13:57:34.280 R 09FD02B1 FF 61 01 A3 76 FA FF FF
13:57:34.281 R 09FD02B1 FF 61 01 A3 76 FC FF FF
13:57:34.282 R 09FD02B1 FF 63 01 64 89 F9 FF FF
13:57:34.301 R 09F80101 F5 1F 50 1F 69 98 3E 03
13:57:34.325 R 19F51373 60 0E FF FF FF FF FF FF
13:57:34.326 R 19F51373 61 86 85 B0 00 00 00 00
13:57:34.326 R 19F51373 62 00 FF FF FF FF FF FF
13:57:34.327 R 1DFF6773 80 0B 3B 9F 03 00 04 B4
13:57:34.327 R 1DFF6773 81 6E 11 19 09 09 FF FF
13:57:34.328 R 1DFF6773 A0 0B 3B 9F 03 02 04 B4
13:57:34.329 R 1DFF6773 A1 6E 11 19 09 09 FF FF
13:57:34.379 R 09FD02B1 FF 63 01 9C 76 FA FF FF
13:57:34.380 R 09FD02B1 FF 63 01 9C 76 FC FF FF
13:57:34.380 R 09FD02B1 FF 65 01 59 89 F9 FF FF
13:57:34.402 R 09F80201 FF FC 00 00 02 00 FF FF
13:57:34.403 R 09F80101 F5 1F 50 1F 69 98 3E 03
13:57:34.404 R 0DF90B01 FF FC FB 01 02 00 FF FF
13:57:34.426 R 1CFFF001 3B 9F 8C FF CB 1C 0E 64
13:57:34.479 R 09FD02B1 FF 64 01 A1 76 FA FF FF
13:57:34.480 R 09FD02B1 FF 64 01 A1 76 FC FF FF
13:57:34.481 R 09FD02B1 FF 67 01 5E 89 F9 FF FF
13:57:34.490 R 1DEFFF73 C0 16 3B 9F F0 81 90 00
13:57:34.490 R 1DEFFF73 C1 03 09 FB 01 03 00 00
13:57:34.491 R 1DEFFF73 C2 00 FF 00 00 00 01 00
13:57:34.492 R 1DEFFF73 C3 00 00 FF FF FF FF FF
13:57:34.503 R 09F80101 F5 1F 50 1F 69 98 3E 03
13:57:34.545 R 09F11273 00 0E 20 FF 7F FF 7F FD
13:57:34.547 R 09F10D73 FF F8 FF FF 0C 02 FF FF
13:57:34.547 R 1CFF0873 3B 9F 00 00 14 00 FF FF
13:57:34.548 R 1CFF4F73 3B 9F 00 FF FF 0E 20 FF
13:57:34.548 R 1DEFFF73 E0 16 3B 9F F0 81 84 86
13:57:34.549 R 1DEFFF73 E1 97 88 40 00 03 00 06
13:57:34.551 R 1DEFFF73 E2 00 FF 00 00 00 01 00
13:57:34.551 R 1DEFFF73 E3 00 00 FF FF FF FF FF
13:57:34.578 R 09FD02B1 FF 66 01 99 76 FA FF FF
13:57:34.579 R 09FD02B1 FF 66 01 99 76 FC FF FF
13:57:34.579 R 09FD02B1 FF 69 01 59 89 F9 FF FF
13:57:34.581 R 09F50373 00 00 00 FF FF 00 FF FF
13:57:34.604 R 09F80201 FF FC 00 00 02 00 FF FF
13:57:34.605 R 0DFE1101 60 0E C0 50 00 00 02 00
13:57:34.605 R 0DFE1101 61 FF FF FF FF FB 01 02
13:57:34.606 R 0DFE1101 62 00 FF FF FF FF FF FF
13:57:34.607 R 09F80101 F5 1F 50 1F 69 98 3E 03
13:57:34.617 R 1CFF1A73 3B 9F 00 00 FF FF FF FF
13:57:34.619 R 09F50373 00 00 00 FF FF 00 FF FF
13:57:34.646 R 15FD0773 00 C0 53 7A FF 7F FF FF
13:57:34.677 R 09FD02B1 FF 68 01 88 76 FA FF FF
13:57:34.678 R 09FD02B1 FF 68 01 88 76 FC FF FF
13:57:34.679 R 09FD02B1 FF 6A 01 47 89 F9 FF FF
13:57:34.679 R 11F80F00 E0 1B 12 B3 CB 90 0E 11
13:57:34.680 R 11F80F00 E1 9C 3E 03 99 54 50 1F
13:57:34.680 R 11F80F00 E2 88 FF FF 05 00 06 00
13:57:34.681 R 11F80F00 E3 06 FF FF 00 74 FF FF
13:57:34.682 R 15FD0773 00 C0 53 7A FF 7F FF FF
13:57:34.705 R 0DF90301 FF 7F FF FF FF 7F FF FF
13:57:34.705 R 09F80101 F5 1F 50 1F 69 98 3E 03
13:57:34.706 R 1DFFF001 60 0D 3B 9F 90 FF FF FF
13:57:34.707 R 1DFFF001 61 FF FF FF FF FF F1 00
13:57:34.777 R 09FD02B1 FF 6A 01 74 76 FA FF FF
13:57:34.777 R 09FD02B1 FF 6A 01 74 76 FC FF FF
13:57:34.778 R 09FD02B1 FF 6C 01 32 89 F9 FF FF
13:57:34.806 R 09F80201 FF FC 00 00 02 00 FF FF
13:57:34.806 R 09F80101 F5 1F 50 1F 69 98 3E 03
13:57:34.807 R 19FA0301 00 DB 41 00 64 00 46 00
13:57:34.808 R 19FA0601 E0 0F 54 38 00 FF FF FF
13:57:34.808 R 19FA0601 E1 FF FF FF FF FF FF FF
13:57:34.809 R 19FA0601 E2 FF FF FF FF FF FF FF
13:57:34.810 R 19FA0B01 E0 0F 54 02 00 FF FF FF
13:57:34.810 R 19FA0B01 E1 FF FF FF FF FF FF FF
13:57:34.811 R 19FA0B01 E2 FF FF FF FF FF FF FF
13:57:34.876 R 09FD02B1 FF 6C 01 68 76 FA FF FF
13:57:34.877 R 09FD02B1 FF 6C 01 68 76 FC FF FF
13:57:34.877 R 09FD02B1 FF 6E 01 24 89 F9 FF FF
13:57:34.894 R 11F80F00 00 1B 12 12 E6 96 0E 87
13:57:34.895 R 11F80F00 01 2C 46 03 7E 59 55 1F
13:57:34.895 R 11F80F00 02 8A AD 60 20 01 06 00
13:57:34.896 R 11F80F00 03 0E FF FF 00 74 FF FF
13:57:34.907 R 19FA0401 E0 DB 54 FF 12 05 FF 1D
13:57:34.908 R 19FA0401 E1 E5 CD 68 10 00 00 00
13:57:34.908 R 19FA0401 E2 00 F5 07 97 29 22 33
13:57:34.909 R 19FA0401 E3 3C 0F 00 00 00 00 F5
13:57:34.910 R 19FA0401 E4 09 C5 13 AD 3C 3C 0F
13:57:34.910 R 19FA0401 E5 00 00 00 00 F5 0B 0B
13:57:34.911 R 19FA0401 E6 11 AC 96 48 0D 00 00
13:57:34.912 R 19FA0401 E7 00 00 F5 14 5D 10 1F
13:57:34.912 R 19FA0401 E8 BA 74 0E 00 00 00 00
13:57:34.913 R 19FA0401 E9 F5 15 73 32 66 A8 A0
13:57:34.913 R 19FA0401 EA 0F 00 00 00 00 F5 1E
13:57:34.914 R 19FA0401 EB FF 2C 15 7C 04 10 00
13:57:34.915 R 19FA0401 EC 00 00 00 F5 44 80 16
13:57:34.915 R 19FA0401 ED B9 3E B8 0B 00 00 00
13:57:34.916 R 19FA0401 EE 00 F5 45 73 32 F4 0C
13:57:34.917 R 19FA0401 EF A0 0F 00 00 00 00 F5
13:57:34.917 R 19FA0401 F0 46 DD 17 2B CB CC 10
13:57:34.918 R 19FA0401 F1 00 00 00 00 F5 4E FF
13:57:34.919 R 19FA0401 F2 1D D1 24 3C 0F 00 00
13:57:34.919 R 19FA0401 F3 00 00 F5 31 74 14 66
13:57:34.920 R 11F80F00 20 1B 12 88 3A 9A 0E 89
13:57:34.920 R 11F80F00 21 94 1D 03 40 8E 59 1F
13:57:34.921 R 11F80F00 22 8C ED 47 53 01 F5 08
13:57:34.921 R 11F80F00 23 08 FF FF 00 70 FE FF
13:57:34.922 R 19FA0401 F4 7B 48 0D 00 00 00 00
13:57:34.923 R 19FA0401 F5 F5 00 A2 3A FC D1 D8
13:57:34.923 R 19FA0401 F6 0E 00 00 00 00 F5 00
13:57:34.924 R 19FA0401 F7 39 28 FD B3 74 0E 00
13:57:34.925 R 19FA0401 F8 00 00 00 F5 00 BA 11
13:57:34.925 R 19FA0401 F9 66 8A 1C 0C 00 00 00
13:57:34.926 R 19FA0401 FA 00 F5 00 DD 17 7F 34
13:57:34.927 R 19FA0401 FB E4 0C 00 00 00 00 F5
13:57:34.927 R 19FA0401 FC 00 51 2C D1 33 D8 0E
13:57:34.928 R 19FA0401 FD 00 00 00 00 F5 00 3A
13:57:34.929 R 19FA0401 FE 19 36 CD D8 0E 00 00
13:57:34.929 R 19FA0401 FF 00 00 F5 FF FF FF FF
13:57:34.930 R 09F80101 F5 1F 50 1F 69 98 3E 03
13:57:34.930 R 19F11A01 FF FF FF FF FB 01 FF FF
13:57:34.975 R 09FD02B1 FF 6E 01 5F 76 FA FF FF
13:57:34.976 R 09FD02B1 FF 6E 01 5F 76 FC FF FF
13:57:34.977 R 09FD02B1 FF 70 01 1B 89 F9 FF FF
13:57:35.009 R 09F80201 FF FC 00 00 02 00 FF FF
13:57:35.010 R 09F80101 F5 1F 50 1F 69 98 3E 03
13:57:35.026 R 11F80E00 E0 1C 03 50 53 8F 0E FC
13:57:35.026 R 11F80E00 E1 79 3B 03 58 D3 4B 1F
13:57:35.027 R 11F80E00 E2 89 D0 42 00 00 30 0F
13:57:35.027 R 11F80E00 E3 00 2B 9E EC FF C0 F8
13:57:35.028 R 11F80E00 E4 FF FF FF FF FF FF FF
13:57:35.049 R 1CFF4F73 3B 9F 00 FF FF 0E 20 FF
13:57:35.050 R 1DEFFF73 00 16 3B 9F F0 81 9C 81
13:57:35.051 R 1DEFFF73 01 17 03 01 FF 08 02 F7
13:57:35.051 R 1DEFFF73 02 FF FF 00 00 00 01 00
13:57:35.052 R 1DEFFF73 03 00 00 FF FF FF FF FF
13:57:35.053 R 09F11273 00 0E 20 FF 7F FF 7F FD
13:57:35.054 R 09F10D73 FF F8 FF FF 0C 02 FF FF
13:57:35.075 R 09FD02B1 FF 70 01 55 76 FA FF FF
13:57:35.076 R 09FD02B1 FF 70 01 55 76 FC FF FF
13:57:35.076 R 09FD02B1 FF 72 01 11 89 F9 FF FF
13:57:35.110 R 0DF80501 00 2B 55 E4 50 F0 AB A9
13:57:35.110 R 0DF80501 01 19 00 52 99 E9 45 66
13:57:35.111 R 0DF80501 02 4A 07 00 DA 6C 46 57
13:57:35.112 R 0DF80501 03 63 C1 00 80 A9 74 02
13:57:35.112 R 0DF80501 04 00 00 00 00 23 FC 13
13:57:35.113 R 0DF80501 05 41 00 FF 7F EE 11 00
13:57:35.114 R 0DF80501 06 00 00 FF FF FF FF FF
13:57:35.115 R 09F80101 F5 1F 50 1F 69 98 3E 03
13:57:35.115 R 0DF80901 E4 50 F0 AB A9 19 78 00
13:57:35.174 R 09FD02B1 FF 72 01 46 76 FA FF FF
13:57:35.175 R 09FD02B1 FF 72 01 46 76 FC FF FF
13:57:35.175 R 09FD02B1 FF 74 01 02 89 F9 FF FF
13:57:35.211 R 09F80201 FF FC 00 00 02 00 FF FF
13:57:35.211 R 09F80101 F5 1F 50 1F 69 98 3E 03
13:57:35.198 R 0DF01001 FF FF E4 50 AC B3 A9 19
13:57:35.254 R 11F80E00 00 1C 01 E0 E8 8B 0E 1D
13:57:35.254 R 11F80E00 01 20 18 03 57 5F 50 1F
13:57:35.255 R 11F80E00 02 8C 21 69 B4 00 E4 56
13:57:35.255 R 11F80E00 03 00 FF FF FF 7F C8 F8
13:57:35.256 R 11F80E00 04 FF FF FF FF FF FF FF
13:57:35.259 R 11F80F00 40 1B 12 7C 13 8D 0E E7
13:57:35.260 R 09FD02B1 FF 74 01 33 76 FA FF FF
13:57:35.260 R 09FD02B1 FF 74 01 33 76 FC FF FF
13:57:35.261 R 11F80F00 41 97 3E 03 9A 1F 50 1F
13:57:35.261 R 09FD02B1 FF 77 01 ED 88 F9 FF FF
13:57:35.262 R 11F80F00 42 8F FF FF 00 00 00 00
13:57:35.263 R 11F80F00 43 20 FF FF 00 70 FE FF
13:57:35.280 R 11F80E00 20 1C 03 5C 4A 96 0E 94
13:57:35.280 R 11F80E00 21 44 3D 03 03 09 50 1F
13:57:35.281 R 11F80E00 22 8F 00 00 00 00 EA 47
13:57:35.281 R 11F80E00 23 09 FF FF FF 7F C5 F8
13:57:35.282 R 11F80E00 24 FF FF FF FF FF FF FF
13:57:35.284 R 0DF50B73 00 F1 01 00 00 FF FF FF
13:57:35.297 R 09F80101 F5 1F 50 1F 69 98 3E 03
13:57:35.315 R 19F51373 20 0E FF FF FF FF FF FF
13:57:35.315 R 19F51373 21 86 85 B0 00 00 00 00
13:57:35.316 R 19F51373 22 00 FF FF FF FF FF FF
13:57:35.317 R 1DFF6773 40 0B 3B 9F 03 00 04 B4
13:57:35.318 R 1DFF6773 41 6E 11 19 09 09 FF FF
13:57:35.319 R 1DFF6773 60 0B 3B 9F 03 02 04 B4
13:57:35.319 R 1DFF6773 61 6E 11 19 09 09 FF FF
13:57:35.359 R 09FD02B1 FF 76 01 23 76 FA FF FF
13:57:35.360 R 09FD02B1 FF 76 01 23 76 FC FF FF
13:57:35.360 R 09FD02B1 FF 79 01 DA 88 F9 FF FF
13:57:35.387 R 11F80E00 40 1C 01 80 8A 94 0E C9
13:57:35.387 R 11F80E00 41 23 3B 03 30 B0 4B 1F
13:57:35.388 R 11F80E00 42 8D 20 9C 00 00 37 85
13:57:35.388 R 11F80E00 43 08 C2 9A 00 00 C0 F8
13:57:35.389 R 11F80E00 44 FF FF FF FF FF FF FF
13:57:35.398 R 1CFFF001 3B 9F 8C FF CB 1C 0E 64
13:57:35.399 R 09F80201 FF FC 00 00 02 00 FF FF
13:57:35.399 R 09F80101 F5 1F 50 1F 69 98 3E 03
13:57:35.400 R 0DF90B01 FF FC FB 01 02 00 FF FF
13:57:35.458 R 09FD02B1 FF 79 01 15 76 FA FF FF
13:57:35.459 R 09FD02B1 FF 79 01 15 76 FC FF FF
13:57:35.460 R 09FD02B1 FF 7B 01 CA 88 F9 FF FF
13:57:35.499 R 09F80101 F5 1F 50 1F 69 98 3E 03
13:57:35.558 R 09FD02B1 FF 7B 01 05 76 FA FF FF
13:57:35.560 R 09FD02B1 FF 7B 01 05 76 FC FF FF
13:57:35.560 R 09FD02B1 FF 7D 01 BE 88 F9 FF FF
13:57:35.600 R 09F80201 FF FC 00 00 02 00 FF FF
13:57:35.601 R 0DFE1101 80 0E C0 51 00 00 02 00
13:57:35.601 R 0DFE1101 81 FF FF FF FF FB 01 02
13:57:35.602 R 0DFE1101 82 00 FF FF FF FF FF FF
13:57:35.603 R 09F80101 F6 1F 50 1F 69 98 3E 03
13:57:35.632 R 1DEFFF73 80 16 3B 9F F0 81 90 00
13:57:35.632 R 1DEFFF73 81 05 64 8A FF 08 02 F7
13:57:35.633 R 1DEFFF73 82 FF FF 00 00 00 01 00
13:57:35.634 R 1DEFFF73 83 00 00 FF FF FF FF FF
13:57:35.656 R 11F80F00 60 1B 12 74 D4 8C 0E 99
13:57:35.657 R 11F80F00 61 39 41 03 EC EC 52 1F
13:57:35.657 R 09FD02B1 FF 7E 01 F8 75 FA FF FF
13:57:35.658 R 09FD02B1 FF 7E 01 F8 75 FC FF FF
13:57:35.658 R 11F80F00 62 8E 00 00 00 00 06 00
13:57:35.659 R 09FD02B1 FF 80 01 B0 88 F9 FF FF
13:57:35.660 R 11F80F00 63 0E FF FF 00 74 FF FF
13:57:35.688 R 09F11273 00 0E 20 FF 7F FF 7F FD
13:57:35.688 R 09F10D73 FF F8 FF FF 0C 02 FF FF
13:57:35.689 R 1CFF0873 3B 9F 00 00 14 00 FF FF
13:57:35.689 R 1CFF4F73 3B 9F 00 FF FF 0E 20 FF
13:57:35.690 R 1DEFFF73 A0 16 3B 9F F0 81 84 86
13:57:35.691 R 1DEFFF73 A1 97 88 40 00 03 00 06
13:57:35.691 R 1DEFFF73 A2 FF FF 00 00 00 01 00
13:57:35.692 R 1DEFFF73 A3 00 00 FF FF FF FF FF
13:57:35.701 R 0DF90301 FF 7F FF FF FF 7F FF FF
13:57:35.702 R 09F80101 F6 1F 50 1F 69 98 3E 03
13:57:35.703 R 1DFFF001 80 0D 3B 9F 90 FF FF FF
13:57:35.703 R 1DFFF001 81 FF FF FF FF FF F5 00
13:57:35.706 R 09F50373 00 00 00 FF FF 00 FF FF
13:57:35.736 R 1DEFFF73 C0 16 3B 9F F0 81 01 05
13:57:35.737 R 1DEFFF73 C1 00 00 00 61 01 00 06
13:57:35.737 R 1DEFFF73 C2 B0 09 00 00 00 01 00
13:57:35.738 R 1DEFFF73 C3 00 00 FF FF FF FF FF
13:57:35.757 R 09FD02B1 FF 80 01 EB 75 FA FF FF
13:57:35.757 R 09FD02B1 FF 80 01 EB 75 FC FF FF
13:57:35.758 R 09FD02B1 FF 82 01 A1 88 F9 FF FF
13:57:35.803 R 09F80201 FF FC 00 00 02 00 FF FF
13:57:35.803 R 09F80101 F6 1F 50 1F 69 98 3E 03
13:57:35.804 R 19FA0301 00 DB 41 00 64 00 46 00
13:57:35.805 R 19FA0601 00 0F 55 38 00 FF FF FF
13:57:35.806 R 19FA0601 01 FF FF FF FF FF FF FF
13:57:35.806 R 19FA0601 02 FF FF FF FF FF FF FF
13:57:35.807 R 19FA0B01 00 0F 55 02 00 FF FF FF
13:57:35.808 R 19FA0B01 01 FF FF FF FF FF FF FF
13:57:35.808 R 19FA0B01 02 FF FF FF FF FF FF FF
13:57:35.856 R 09FD02B1 FF 82 01 DD 75 FA FF FF
13:57:35.857 R 09FD02B1 FF 82 01 DD 75 FC FF FF
13:57:35.857 R 09FD02B1 FF 84 01 94 88 F9 FF FF
13:57:35.904 R 19FA0401 00 DB 55 FF 12 05 FF 1D
13:57:35.905 R 19FA0401 01 E5 CD CC 10 00 00 00
13:57:35.906 R 19FA0401 02 00 F5 07 97 29 22 33
13:57:35.906 R 19FA0401 03 3C 0F 00 00 00 00 F5
13:57:35.907 R 19FA0401 04 09 C5 13 AD 3C D8 0E
13:57:35.908 R 19FA0401 05 00 00 00 00 F5 0B 0B
13:57:35.909 R 19FA0401 06 11 AC 96 48 0D 00 00
13:57:35.909 R 09F50373 00 00 00 FF FF 00 FF FF
13:57:35.910 R 19FA0401 07 00 00 F5 14 5D 10 1F
13:57:35.910 R 1CFF1A73 3B 9F 00 00 FF FF FF FF
13:57:35.911 R 19FA0401 08 BA D8 0E 00 00 00 00
13:57:35.912 R 19FA0401 09 F5 15 73 32 66 A8 A0
13:57:35.912 R 19FA0401 0A 0F 00 00 00 00 F5 1E
13:57:35.913 R 19FA0401 0B FF 2C 15 7C 04 10 00
13:57:35.914 R 19FA0401 0C 00 00 00 F5 44 80 16
13:57:35.915 R 19FA0401 0D B9 3E B8 0B 00 00 00
13:57:35.915 R 19FA0401 0E 00 F5 45 73 32 F4 0C
13:57:35.916 R 19FA0401 0F A0 0F 00 00 00 00 F5
13:57:35.917 R 19FA0401 10 46 DD 17 2B CB 68 10
13:57:35.917 R 19FA0401 11 00 00 00 00 F5 4E FF
13:57:35.918 R 19FA0401 12 1D D1 24 3C 0F 00 00
13:57:35.919 R 19FA0401 13 00 00 F5 31 74 14 66
13:57:35.919 R 19FA0401 14 7B E4 0C 00 00 00 00
13:57:35.920 R 19FA0401 15 F5 00 A2 3A FC D1 D8
13:57:35.921 R 19FA0401 16 0E 00 00 00 00 F5 00
13:57:35.922 R 19FA0401 17 39 28 FD B3 74 0E 00
13:57:35.922 R 19FA0401 18 00 00 00 F5 00 BA 11
13:57:35.923 R 19FA0401 19 66 8A 1C 0C 00 00 00
13:57:35.924 R 19FA0401 1A 00 F5 00 DD 17 7F 34
13:57:35.924 R 19FA0401 1B 80 0C 00 00 00 00 F5
13:57:35.925 R 19FA0401 1C 00 51 2C D1 33 74 0E
13:57:35.926 R 19FA0401 1D 00 00 00 00 F5 00 3A
13:57:35.927 R 19FA0401 1E 19 36 CD D8 0E 00 00
13:57:35.927 R 19FA0401 1F 00 00 F5 FF FF FF FF
13:57:35.928 R 09F80101 F6 1F 50 1F 69 98 3E 03
13:57:35.929 R 19F11A01 FF FF FF FF FB 01 FF FF
13:57:35.936 R 15FD0773 00 C0 53 7A FF 7F FF FF
13:57:35.956 R 09FD02B1 FF 85 01 CF 75 FA FF FF
13:57:35.957 R 09FD02B1 FF 85 01 CF 75 FC FF FF
13:57:35.958 R 09FD02B1 FF 87 01 86 88 F9 FF FF
13:57:35.964 R 15FD0773 00 C0 53 7A FF 7F FF FF
13:57:36.006 R 09F80201 FF FC 00 00 02 00 FF FF
13:57:36.006 R 09F80101 F6 1F 50 1F 69 98 3E 03
13:57:36.055 R 09FD02B1 FF 87 01 C2 75 FA FF FF
13:57:36.056 R 09FD02B1 FF 87 01 C2 75 FC FF FF
13:57:36.056 R 09FD02B1 FF 89 01 7A 88 F9 FF FF
13:57:36.067 R 1CFF4F73 3B 9F 00 FF FF BD 20 FF
13:57:36.068 R 1CFF7400 3B 9F FD 00 00 FF FF FF
13:57:36.068 R 1DEFFF73 E0 16 3B 9F F0 81 9C 01
13:57:36.069 R 1DEFFF73 E1 18 03 1D 28 2D 2D 06
13:57:36.069 R 1DEFFF73 E2 B0 09 00 00 00 01 00
13:57:36.070 R 1DEFFF73 E3 00 00 FF FF FF FF FF
13:57:36.071 R 09F11273 00 BD 20 FF 7F FF 7F FD
13:57:36.071 R 09F10D73 FF F8 FF FF 0C 02 FF FF
13:57:36.107 R 0DF80501 20 2B 56 E4 50 66 D6 A9
13:57:36.108 R 0DF80501 21 19 00 1C 34 25 46 66
13:57:36.108 R 0DF80501 22 4A 07 00 DA 6C 46 57
13:57:36.109 R 0DF80501 23 63 C1 00 E0 22 73 02
13:57:36.110 R 0DF80501 24 00 00 00 00 23 FC 13
13:57:36.110 R 0DF80501 25 41 00 FF 7F EE 11 00
13:57:36.111 R 0DF80501 26 00 00 FF FF FF FF FF
13:57:36.112 R 09F80101 F6 1F 50 1F 69 98 3E 03
13:57:36.112 R 0DF80901 E4 50 66 D6 A9 19 78 00
13:57:36.136 R 11F80E00 60 1C 01 18 E6 96 0E 96
13:57:36.136 R 11F80E00 61 26 3B 03 CD AC 4B 1F
13:57:36.137 R 11F80E00 62 8D 1D 05 00 00 E4 56
13:57:36.137 R 11F80E00 63 08 C5 22 00 00 D0 F8
13:57:36.138 R 11F80E00 64 FF FF FF FF FF FF FF
13:57:36.153 R 09FD02B1 FF 89 01 C3 75 FA FF FF
13:57:36.154 R 09FD02B1 FF 89 01 C3 75 FC FF FF
13:57:36.155 R 09FD02B1 FF 8B 01 7A 88 F9 FF FF
13:57:36.207 R 09F80201 FF FC 00 00 02 00 FF FF
13:57:36.208 R 09F80101 F6 1F 50 1F 69 98 3E 03
13:57:36.199 R 0DF01001 FF FF E4 50 C6 DA A9 19
13:57:36.234 R 11F80E00 80 1C 01 90 2A 8B 0E D9
13:57:36.234 R 11F80E00 81 7C 3B 03 C4 DA 4B 1F
13:57:36.235 R 11F80E00 82 93 FF FF 00 00 B3 08
13:57:36.235 R 11F80E00 83 08 FF FF FF 7F C0 F8
13:57:36.236 R 11F80E00 84 FF FF FF FF FF FF FF
13:57:36.244 R 09FD02B1 FF 8B 01 DF 75 FA FF FF
13:57:36.244 R 09FD02B1 FF 8B 01 DF 75 FC FF FF
13:57:36.245 R 09FD02B1 FF 8D 01 94 88 F9 FF FF
13:57:36.253 R 11F80F00 80 1B 12 7C 13 8D 0E E7
13:57:36.254 R 11F80F00 81 97 3E 03 9A 1F 50 1F
13:57:36.255 R 11F80F00 82 93 FF FF 00 00 00 00
13:57:36.255 R 11F80F00 83 20 FF FF 00 70 FE FF
13:57:36.259 R 0DF50B73 00 F1 01 00 00 FF FF FF
13:57:36.262 R 11F80F00 A0 1B 12 CF 11 8C 0E 09
13:57:36.263 R 11F80F00 A1 7A 49 03 2B 41 59 1F
13:57:36.263 R 11F80F00 A2 90 D5 70 2A 01 06 00
13:57:36.264 R 11F80F00 A3 0E FF FF 00 74 FF FF
13:57:36.299 R 09F80101 F6 1F 50 1F 69 98 3E 03
13:57:36.308 R 19F51373 00 0E FF FF FF FF FF FF
13:57:36.309 R 19F51373 01 86 85 B0 00 00 00 00
13:57:36.309 R 19F51373 02 00 FF FF FF FF FF FF
13:57:36.310 R 1DFF6773 20 0B 3B 9F 03 00 04 B4
13:57:36.311 R 1DFF6773 21 6E 11 19 09 09 FF FF
13:57:36.311 R 1DFF6773 40 0B 3B 9F 03 02 04 B4
13:57:36.312 R 1DFF6773 41 6E 11 19 09 09 FF FF
13:57:36.343 R 09FD02B1 FF 8D 01 09 76 FA FF FF
13:57:36.344 R 09FD02B1 FF 8D 01 09 76 FC FF FF
13:57:36.344 R 09FD02B1 FF 8F 01 BC 88 F9 FF FF
13:57:36.400 R 1CFFF001 3B 9F 8C FF BB 1C 3E 64
13:57:36.401 R 09F80201 FF FC 00 00 02 00 FF FF
13:57:36.402 R 09F80101 F6 1F 50 1F 69 98 3E 03
13:57:36.402 R 0DF90B01 FF FC FB 01 02 00 FF FF
13:57:36.422 R 11F80F00 C0 1B 12 21 48 98 0E 15
13:57:36.423 R 11F80F00 C1 F1 39 03 47 24 4B 1F
13:57:36.423 R 11F80F00 C2 90 FF FF 00 00 FA 4D
13:57:36.424 R 11F80F00 C3 09 FF FF 00 70 FF FF
13:57:36.442 R 09FD02B1 FF 8E 01 22 76 FA FF FF
13:57:36.443 R 09FD02B1 FF 8E 01 22 76 FC FF FF
13:57:36.444 R 09FD02B1 FF 90 01 D7 88 F9 FF FF
13:57:36.502 R 09F80101 F6 1F 50 1F 69 98 3E 03
13:57:36.542 R 09FD02B1 FF 90 01 2D 76 FA FF FF
13:57:36.543 R 09FD02B1 FF 90 01 2D 76 FC FF FF
13:57:36.543 R 09FD02B1 FF 92 01 E2 88 F9 FF FF
13:57:36.603 R 09F80201 FF FC 00 00 02 00 FF FF
13:57:36.604 R 0DFE1101 A0 0E C0 52 00 00 02 00
13:57:36.605 R 0DFE1101 A1 FF FF FF FF FB 01 02
13:57:36.605 R 0DFE1101 A2 00 FF FF FF FF FF FF
13:57:36.606 R 09F80101 F6 1F 50 1F 69 98 3E 03
13:57:36.626 R 1DEFFF73 60 16 3B 9F F0 81 84 06
13:57:36.626 R 1DEFFF73 61 98 88 40 00 03 00 06
13:57:36.627 R 1DEFFF73 62 FF FF 00 00 00 01 00
13:57:36.628 R 1DEFFF73 63 00 00 FF FF FF FF FF
13:57:36.629 R 09F11273 00 BD 20 FF 7F FF 7F FD
13:57:36.630 R 09F10D73 FF F8 FF FF 0C 02 FF FF
13:57:36.630 R 1CFF0873 3B 9F 00 00 14 00 FF FF
13:57:36.631 R 1CFF4F73 3B 9F 00 FF FF BD 20 FF
13:57:36.638 R 1DEFFF73 80 16 3B 9F F0 81 90 00
13:57:36.639 R 1DEFFF73 81 03 88 40 00 03 00 06
13:57:36.639 R 1DEFFF73 82 B0 09 00 00 00 01 00
13:57:36.640 R 1DEFFF73 83 00 00 FF FF FF FF FF
13:57:36.641 R 09FD02B1 FF 91 01 2F 76 FA FF FF
13:57:36.642 R 09FD02B1 FF 91 01 2F 76 FC FF FF
13:57:36.643 R 09FD02B1 FF 93 01 E1 88 F9 FF FF
13:57:36.660 R 1DEFFF73 A0 16 3B 9F F0 81 90 00
13:57:36.661 R 1DEFFF73 A1 03 88 40 00 03 00 06
13:57:36.661 R 1DEFFF73 A2 B0 09 00 00 00 01 00
13:57:36.662 R 1DEFFF73 A3 00 00 FF FF FF FF FF
13:57:36.704 R 0DF90301 FF 7F FF FF FF 7F FF FF
13:57:36.705 R 09F80101 F6 1F 50 1F 69 98 3E 03
13:57:36.706 R 1DFFF001 A0 0D 3B 9F 90 FF FF FF
13:57:36.706 R 1DFFF001 A1 FF FF FF FF FF FC 00
13:57:36.731 R 09F50373 00 00 00 FF FF 00 FF FF
13:57:36.741 R 09FD02B1 FF 93 01 2A 76 FA FF FF
13:57:36.741 R 09FD02B1 FF 93 01 2A 76 FC FF FF
13:57:36.742 R 09FD02B1 FF 95 01 DC 88 F9 FF FF
13:57:36.769 R 1CFF1A73 3B 9F 00 00 FF FF FF FF
13:57:36.770 R 09F50373 00 00 00 FF FF 00 FF FF
13:57:36.796 R 15FD0773 00 C0 53 7A FF 7F FF FF
13:57:36.806 R 09F80201 FF FC 00 00 03 00 FF FF
13:57:36.806 R 09F80101 F6 1F 50 1F 69 98 3E 03
13:57:36.807 R 19FA0301 00 DB 41 00 64 00 46 00
13:57:36.808 R 19FA0601 20 0F 56 39 00 FF FF FF
13:57:36.809 R 19FA0601 21 FF FF FF FF FF FF FF
13:57:36.809 R 19FA0601 22 FF FF FF FF FF FF FF
13:57:36.810 R 19FA0B01 20 0F 56 02 00 FF FF FF
13:57:36.811 R 19FA0B01 21 FF FF FF FF FF FF FF
13:57:36.811 R 19FA0B01 22 FF FF FF FF FF FF FF
13:57:36.831 R 15FD0773 00 C0 53 7A FF 7F FF FF
13:57:36.840 R 09FD02B1 FF 94 01 29 76 FA FF FF
13:57:36.842 R 09FD02B1 FF 94 01 29 76 FC FF FF
13:57:36.843 R 09FD02B1 FF 96 01 D8 88 F9 FF FF
13:57:36.907 R 19FA0401 20 DB 56 FF 12 05 FF 1D
13:57:36.908 R 19FA0401 21 E5 CD 30 11 00 00 00
13:57:36.909 R 19FA0401 22 00 F5 07 97 29 22 33
13:57:36.909 R 19FA0401 23 3C 0F 00 00 00 00 F5
13:57:36.910 R 19FA0401 24 09 C5 13 AD 3C D8 0E
13:57:36.911 R 19FA0401 25 00 00 00 00 F5 0B 0B
13:57:36.911 R 19FA0401 26 11 AC 96 E4 0C 00 00
13:57:36.912 R 19FA0401 27 00 00 F5 14 5D 10 1F
13:57:36.913 R 19FA0401 28 BA 74 0E 00 00 00 00
13:57:36.914 R 19FA0401 29 F5 15 73 32 66 A8 A0
13:57:36.914 R 19FA0401 2A 0F 00 00 00 00 F5 1E
13:57:36.915 R 19FA0401 2B FF 2C 15 7C 04 10 00
13:57:36.916 R 19FA0401 2C 00 00 00 F5 44 80 16
13:57:36.917 R 19FA0401 2D B9 3E E4 0C 00 00 00
13:57:36.917 R 19FA0401 2E 00 F5 45 73 32 F4 0C
13:57:36.918 R 19FA0401 2F 04 10 00 00 00 00 F5
13:57:36.919 R 19FA0401 30 46 DD 17 2B CB 3C 0F
13:57:36.919 R 19FA0401 31 00 00 00 00 F5 4E FF
13:57:36.920 R 19FA0401 32 1D D1 24 3C 0F 00 00
13:57:36.921 R 19FA0401 33 00 00 F5 31 74 14 66
13:57:36.921 R 19FA0401 34 7B E4 0C 00 00 00 00
13:57:36.922 R 19FA0401 35 F5 00 A2 3A FC D1 D8
13:57:36.923 R 19FA0401 36 0E 00 00 00 00 F5 00
13:57:36.924 R 19FA0401 37 39 28 FD B3 10 0E 00
13:57:36.924 R 19FA0401 38 00 00 00 F5 00 BA 11
13:57:36.925 R 19FA0401 39 66 8A 1C 0C 00 00 00
13:57:36.926 R 19FA0401 3A 00 F5 00 DD 17 7F 34
13:57:36.927 R 19FA0401 3B E4 0C 00 00 00 00 F5
13:57:36.927 R 19FA0401 3C 00 51 2C D1 33 74 0E
13:57:36.928 R 19FA0401 3D 00 00 00 00 F5 00 3A
13:57:36.929 R 19FA0401 3E 19 36 CD D8 0E 00 00
13:57:36.929 R 19FA0401 3F 00 00 F5 FF FF FF FF
13:57:36.930 R 09F80101 F6 1F 50 1F 69 98 3E 03
13:57:36.931 R 11F80E00 A0 1C 01 20 38 95 0E 6F
13:57:36.931 R 11F80E00 A1 26 3D 03 B3 A9 4F 1F
13:57:36.932 R 11F80E00 A2 97 FF FF 00 00 E4 56
13:57:36.932 R 11F80E00 A3 00 FF FF FF 7F D0 F8
13:57:36.933 R 11F80E00 A4 FF FF FF FF FF FF FF
13:57:36.933 R 19F11A01 FF FF FF FF FB 01 FF FF
13:57:36.940 R 09FD02B1 FF 95 01 2D 76 FA FF FF
13:57:36.940 R 09FD02B1 FF 95 01 2D 76 FC FF FF
13:57:36.941 R 09FD02B1 FF 97 01 DE 88 F9 FF FF
13:57:36.984 R 11F80F00 E0 1B 12 58 A3 9D 0C D1
13:57:36.984 R 11F80F00 E1 4B 29 03 F4 E3 5D 1F
13:57:36.985 R 11F80F00 E2 97 FC E6 B9 00 73 05
13:57:36.985 R 11F80F00 E3 09 FF FF 00 70 FE FF
13:57:37.009 R 09F80201 FF FC 00 00 03 00 FF FF
13:57:37.009 R 09F80101 F6 1F 50 1F 69 98 3E 03
13:57:37.010 R 11F80E00 C0 1C 01 E9 13 95 0E E5
13:57:37.011 R 11F80E00 C1 D6 2E 03 64 B6 49 1F
13:57:37.012 R 11F80E00 C2 93 09 A1 6D 01 74 85
13:57:37.012 R 11F80E00 C3 01 FF FF FF 7F D5 F8
13:57:37.013 R 11F80E00 C4 FF FF FF FF FF FF FF
13:57:37.038 R 11F80E00 E0 1C 01 2C 37 95 0E 4F
13:57:37.039 R 11F80E00 E1 FE 3E 03 46 DF 5C 1F
13:57:37.039 R 09FD02B1 FF 96 01 35 76 FA FF FF
13:57:37.040 R 09FD02B1 FF 96 01 35 76 FC FF FF
13:57:37.040 R 11F80E00 E2 8D 13 D6 96 01 F6 40
13:57:37.041 R 09FD02B1 FF 98 01 EA 88 F9 FF FF
13:57:37.041 R 11F80E00 E3 09 B6 D4 00 00 D0 F8
13:57:37.042 R 11F80E00 E4 FF FF FF FF FF FF FF
13:57:37.089 R 1CFF4F73 3B 9F 00 FF FF BD 20 FF
13:57:37.090 R 1DEFFF73 C0 16 3B 9F F0 81 9C 01
13:57:37.090 R 1DEFFF73 C1 18 03 00 00 49 00 06
13:57:37.091 R 1DEFFF73 C2 B0 09 00 00 00 01 00
13:57:37.091 R 1DEFFF73 C3 00 00 FF FF FF FF FF
13:57:37.093 R 09F11273 00 BD 20 FF 7F FF 7F FD
13:57:37.094 R 09F10D73 FF F8 FF FF 0C 02 FF FF
13:57:37.110 R 0DF80501 40 2B 57 E4 50 3A FD A9
13:57:37.110 R 0DF80501 41 19 00 1C 34 25 46 66
13:57:37.111 R 0DF80501 42 4A 07 00 DA 6C 46 57
13:57:37.112 R 0DF80501 43 63 C1 00 E0 22 73 02
13:57:37.113 R 0DF80501 44 00 00 00 00 23 FC 14
13:57:37.113 R 0DF80501 45 3C 00 FF 7F EE 11 00
13:57:37.114 R 0DF80501 46 00 00 FF FF FF FF FF
13:57:37.115 R 09F80101 F6 1F 50 1F 69 98 3E 03
13:57:37.115 R 0DF80901 E4 50 3A FD A9 19 78 00
13:57:37.138 R 09FD02B1 FF 97 01 41 76 FA FF FF
13:57:37.140 R 09FD02B1 FF 97 01 41 76 FC FF FF
13:57:37.141 R 09FD02B1 FF 99 01 F8 88 F9 FF FF
13:57:37.171 R 11F80F00 00 1B 12 7D C3 94 0E 5B
13:57:37.172 R 11F80F00 01 30 47 03 18 BD 5C 1F
13:57:37.172 R 11F80F00 02 94 61 65 6D 01 7A 85
13:57:37.173 R 11F80F00 03 08 FF FF 00 70 FE FF
13:57:37.211 R 09F80201 FF FC 00 00 03 00 FF FF
13:57:37.212 R 09F80101 F7 1F 50 1F 69 98 3E 03
13:57:37.197 R 0DF01001 FF FF E4 50 C2 01 AA 19
13:57:37.223 R 09FD02B1 FF 97 01 50 76 FA FF FF
13:57:37.224 R 09FD02B1 FF 97 01 50 76 FC FF FF
13:57:37.224 R 09FD02B1 FF 9A 01 01 89 F9 FF FF
13:57:37.236 R 11F80E00 00 1C 01 B3 39 95 0E 0D
13:57:37.237 R 11F80E00 01 F0 3E 03 D5 C1 51 1F
13:57:37.238 R 11F80E00 02 95 11 12 B0 01 90 C0
13:57:37.238 R 11F80E00 03 00 0B 11 00 00 C0 F8
13:57:37.239 R 11F80E00 04 FF FF FF FF FF FF FF
13:57:37.243 R 11F80F00 20 1B 12 7C 13 8D 0E E7
13:57:37.243 R 11F80F00 21 97 3E 03 9A 1F 50 1F
13:57:37.244 R 11F80F00 22 97 FF FF 00 00 00 00
13:57:37.245 R 11F80F00 23 20 FF FF 00 70 FE FF
13:57:37.250 R 0DF50B73 00 F1 01 00 00 FF FF FF
13:57:37.297 R 19F51373 E0 0E FF FF FF FF FF FF
13:57:37.297 R 09F80101 F7 1F 50 1F 69 98 3E 03
13:57:37.298 R 19F51373 E1 86 85 B0 00 00 00 00
13:57:37.298 R 19F51373 E2 00 FF FF FF FF FF FF
13:57:37.299 R 1DFF6773 00 0B 3B 9F 03 00 04 B4
13:57:37.301 R 1DFF6773 01 6E 11 19 09 09 FF FF
13:57:37.301 R 1DFF6773 20 0B 3B 9F 03 02 04 B4
13:57:37.302 R 1DFF6773 21 6E 11 19 09 09 FF FF
13:57:37.322 R 09FD02B1 FF 98 01 57 76 FA FF FF
13:57:37.323 R 09FD02B1 FF 98 01 57 76 FC FF FF
13:57:37.323 R 09FD02B1 FF 9A 01 09 89 F9 FF FF
13:57:37.370 R 11F80F00 40 1B 12 06 22 96 0E A5
13:57:37.371 R 11F80F00 41 4F 3D 03 6B A2 4E 1F
13:57:37.371 R 11F80F00 42 96 FF FF 19 00 50 61
13:57:37.372 R 11F80F00 43 01 FF FF 00 70 FF FF
13:57:37.394 R 1CFFF001 3B 9F 8C FF 75 1C 0E 65
13:57:37.398 R 09F80201 FF FC 00 00 03 00 FF FF
13:57:37.399 R 09F80101 F7 1F 50 1F 69 98 3E 03
13:57:37.399 R 0DF90B01 FF FC FB 01 02 00 FF FF
13:57:37.422 R 09FD02B1 FF 99 01 5B 76 FA FF FF
13:57:37.422 R 09FD02B1 FF 99 01 5B 76 FC FF FF
13:57:37.423 R 09FD02B1 FF 9B 01 11 89 F9 FF FF
13:57:37.500 R 09F80101 F7 1F 50 1F 69 98 3E 03
13:57:37.521 R 09FD02B1 FF 99 01 60 76 FA FF FF
13:57:37.522 R 09FD02B1 FF 99 01 60 76 FC FF FF
13:57:37.522 R 09FD02B1 FF 9B 01 17 89 F9 FF FF
13:57:37.533 R 11F80F00 60 1B 12 50 EE 96 0C 32
13:57:37.533 R 11F80F00 61 46 3E 03 2E F4 4F 1F
13:57:37.534 R 11F80F00 62 97 B8 8C 90 00 06 00
13:57:37.534 R 11F80F00 63 0E FF FF 00 74 FF FF
13:57:37.600 R 09F80201 FF FC 00 00 03 00 FF FF
13:57:37.601 R 0DFE1101 C0 0E C0 53 00 00 03 00
13:57:37.602 R 0DFE1101 C1 FF FF FF FF FB 01 02
13:57:37.603 R 0DFE1101 C2 00 FF FF FF FF FF FF
13:57:37.603 R 09F80101 F7 1F 50 1F 69 98 3E 03
13:57:37.620 R 09FD02B1 FF 99 01 63 76 FA FF FF
13:57:37.621 R 09FD02B1 FF 99 01 63 76 FC FF FF
13:57:37.622 R 09FD02B1 FF 9C 01 1B 89 F9 FF FF
13:57:37.622 R 1DEFFF73 40 16 3B 9F F0 81 84 86
13:57:37.623 R 1DEFFF73 41 97 88 40 00 03 00 06
13:57:37.624 R 1DEFFF73 42 FF FF 00 00 00 01 00
13:57:37.624 R 1DEFFF73 43 00 00 FF FF FF FF FF
13:57:37.625 R 09F11273 00 0E 20 FF 7F FF 7F FD
13:57:37.625 R 09F10D73 FF F8 FF FF 0C 02 FF FF
13:57:37.626 R 1CFF0873 3B 9F 00 00 14 00 FF FF
13:57:37.627 R 1CFF4F73 3B 9F 00 FF FF 0E 20 FF
13:57:37.645 R 09F50373 00 00 00 FF FF 00 FF FF
13:57:37.682 R 1CFF1A73 3B 9F 00 00 FF FF FF FF
13:57:37.683 R 09F50373 00 00 00 FF FF 00 FF FF
13:57:37.702 R 0DF90301 FF 7F FF FF FF 7F FF FF
13:57:37.703 R 09F80101 F7 1F 50 1F 69 98 3E 03
13:57:37.703 R 1DFFF001 C0 0D 3B 9F 90 FF FF FF
13:57:37.704 R 1DFFF001 C1 FF FF FF FF FF 03 01
13:57:37.720 R 09FD02B1 FF 9A 01 69 76 FA FF FF
13:57:37.721 R 09FD02B1 FF 9A 01 69 76 FC FF FF
13:57:37.721 R 09FD02B1 FF 9C 01 21 89 F9 FF FF
13:57:37.770 R 15FD0773 00 C0 53 7A FF 7F FF FF
13:57:37.803 R 09F80201 FF FC 00 00 03 00 FF FF
13:57:37.804 R 09F80101 F7 1F 50 1F 69 98 3E 03
13:57:37.805 R 19FA0301 00 DB 3C 00 5A 00 3E 00
13:57:37.805 R 15FD0773 00 C0 53 7A FF 7F FF FF
13:57:37.806 R 19FA0601 40 0F 57 39 00 FF FF FF
13:57:37.807 R 19FA0601 41 FF FF FF FF FF FF FF
13:57:37.807 R 19FA0601 42 FF FF FF FF FF FF FF
13:57:37.808 R 19FA0B01 40 0F 57 02 00 FF FF FF
13:57:37.809 R 19FA0B01 41 FF FF FF FF FF FF FF
13:57:37.810 R 19FA0B01 42 FF FF FF FF FF FF FF
13:57:37.819 R 09FD02B1 FF 9A 01 71 76 FA FF FF
13:57:37.821 R 09FD02B1 FF 9A 01 71 76 FC FF FF
13:57:37.822 R 09FD02B1 FF 9C 01 27 89 F9 FF FF
13:57:37.905 R 19FA0401 40 DB 57 FF 12 05 FF 1D
13:57:37.906 R 19FA0401 41 E5 CD 74 0E 00 00 00
13:57:37.907 R 19FA0401 42 00 F5 07 97 29 22 33
13:57:37.907 R 19FA0401 43 D8 0E 00 00 00 00 F5
13:57:37.908 R 19FA0401 44 09 C5 13 AD 3C D8 0E
13:57:37.909 R 19FA0401 45 00 00 00 00 F5 0B 0B
13:57:37.910 R 19FA0401 46 11 AC 96 1C 0C 00 00
13:57:37.910 R 19FA0401 47 00 00 F5 14 5D 10 1F
13:57:37.911 R 19FA0401 48 BA 74 0E 00 00 00 00
13:57:37.912 R 19FA0401 49 F5 15 73 32 66 A8 A0
13:57:37.912 R 19FA0401 4A 0F 00 00 00 00 F5 1E
13:57:37.913 R 19FA0401 4B FF 2C 15 7C A0 0F 00
13:57:37.914 R 19FA0401 4C 00 00 00 F5 45 73 32
13:57:37.914 R 19FA0401 4D F4 0C A0 0F 00 00 00
13:57:37.915 R 19FA0401 4E 00 F5 46 DD 17 2B CB
13:57:37.916 R 19FA0401 4F 80 0C 00 00 00 00 F5
13:57:37.917 R 19FA0401 50 4E FF 1D D1 24 04 10
13:57:37.917 R 19FA0401 51 00 00 00 00 F5 31 74
13:57:37.918 R 19FA0401 52 14 66 7B 48 0D 00 00
13:57:37.919 R 19FA0401 53 00 00 F5 00 A2 3A FC
13:57:37.919 R 19FA0401 54 D1 D8 0E 00 00 00 00
13:57:37.920 R 09FD02B1 FF 9A 01 69 76 FA FF FF
13:57:37.921 R 09FD02B1 FF 9A 01 69 76 FC FF FF
13:57:37.921 R 09FD02B1 FF 9D 01 1F 89 F9 FF FF
13:57:37.922 R 19FA0401 55 F5 00 39 28 FD B3 AC
13:57:37.922 R 19FA0401 56 0D 00 00 00 00 F5 00
13:57:37.923 R 19FA0401 57 80 16 A0 B2 1C 0C 00
13:57:37.924 R 19FA0401 58 00 00 00 F5 00 BA 11
13:57:37.924 R 19FA0401 59 66 8A 1C 0C 00 00 00
13:57:37.925 R 19FA0401 5A 00 F5 00 DD 17 7F 34
13:57:37.926 R 19FA0401 5B E4 0C 00 00 00 00 F5
13:57:37.927 R 19FA0401 5C 00 51 2C D1 33 74 0E
13:57:37.927 R 19FA0401 5D 00 00 00 00 F5 00 3A
13:57:37.928 R 19FA0401 5E 19 36 CD F0 0A 00 00
13:57:37.929 R 19FA0401 5F 00 00 F5 FF FF FF FF
13:57:37.929 R 09F80101 F7 1F 50 1F 69 98 3E 03
13:57:37.930 R 19F11A01 FF FF FF FF FB 01 FF FF
13:57:38.007 R 09F80201 FF FC 00 00 03 00 FF FF
13:57:38.007 R 09F80101 F7 1F 50 1F 69 98 3E 03
13:57:38.018 R 09FD02B1 FF 9B 01 50 76 FA FF FF
13:57:38.020 R 09FD02B1 FF 9B 01 50 76 FC FF FF
13:57:38.021 R 09FD02B1 FF 9D 01 08 89 F9 FF FF
13:57:38.067 R 11F80E00 20 1C 01 A5 04 8E 0E 02
13:57:38.067 R 11F80E00 21 B8 3D 03 D3 54 4D 1F
13:57:38.068 R 11F80E00 22 98 FF FF 00 00 9C 85
13:57:38.068 R 11F80E00 23 01 FF FF FF 7F C0 F8
13:57:38.069 R 11F80E00 24 FF FF FF FF FF FF FF
13:57:38.096 R 1CFF4F73 3B 9F 00 FF FF 66 20 FF
13:57:38.096 R 1DEFFF73 60 16 3B 9F F0 81 9C C1
13:57:38.097 R 1DEFFF73 61 17 03 00 00 00 00 00
13:57:38.097 R 1DEFFF73 62 00 00 00 00 00 01 00
13:57:38.098 R 1DEFFF73 63 00 00 FF FF FF FF FF
13:57:38.099 R 09F11273 00 66 20 FF 7F FF 7F FD
13:57:38.099 R 09F10D73 FF F8 FF FF 0C 02 FF FF
13:57:38.108 R 0DF80501 60 2B 58 E4 50 20 21 AA
13:57:38.108 R 0DF80501 61 19 00 E6 CE 60 46 66
13:57:38.109 R 0DF80501 62 4A 07 00 DA 6C 46 57
13:57:38.110 R 0DF80501 63 63 C1 00 40 9C 71 02
13:57:38.111 R 0DF80501 64 00 00 00 00 23 FC 14
13:57:38.111 R 0DF80501 65 3C 00 FF 7F EE 11 00
13:57:38.112 R 0DF80501 66 00 00 FF FF FF FF FF
13:57:38.113 R 09F80101 F7 1F 50 1F 69 98 3E 03
13:57:38.114 R 0DF80901 E4 50 20 21 AA 19 78 00
13:57:38.117 R 09FD02B1 FF 9B 01 33 76 FA FF FF
13:57:38.118 R 09FD02B1 FF 9B 01 33 76 FC FF FF
13:57:38.119 R 09FD02B1 FF 9D 01 EB 88 F9 FF FF
13:57:38.209 R 09F80201 FF FC 00 00 03 00 FF FF
13:57:38.210 R 09F80101 F7 1F 50 1F 69 98 3E 03
13:57:38.199 R 0DF01001 FF FF E4 50 E6 28 AA 19
13:57:38.206 R 09FD02B1 FF 9B 01 16 76 FA FF FF
13:57:38.207 R 09FD02B1 FF 9B 01 16 76 FC FF FF
13:57:38.207 R 09FD02B1 FF 9E 01 D1 88 F9 FF FF
13:57:38.218 R 11F80F00 80 1B 12 7E F9 9E 0C 09
13:57:38.219 R 11F80F00 81 C8 23 03 C7 1A 57 1F
13:57:38.219 R 11F80F00 82 9B B8 62 3E 01 06 00
13:57:38.220 R 11F80F00 83 0E FF FF 00 74 FF FF
13:57:38.236 R 11F80F00 A0 1B 12 7C 13 8D 0E E7
13:57:38.237 R 11F80F00 A1 97 3E 03 9A 1F 50 1F
13:57:38.237 R 11F80F00 A2 9B FF FF 00 00 00 00
13:57:38.238 R 11F80F00 A3 20 FF FF 00 70 FE FF
13:57:38.257 R 0DF50B73 00 EE 01 00 00 FF FF FF
13:57:38.289 R 19F51373 80 0E FF FF FF FF FF FF
13:57:38.290 R 19F51373 81 86 85 B0 00 00 00 00
13:57:38.290 R 19F51373 82 00 FF FF FF FF FF FF
13:57:38.291 R 1DFF6773 A0 0B 3B 9F 03 00 04 B4
13:57:38.292 R 1DFF6773 A1 6E 11 19 09 09 FF FF
13:57:38.292 R 1DFF6773 C0 0B 3B 9F 03 02 04 B4
13:57:38.293 R 1DFF6773 C1 6E 11 19 09 09 FF FF
13:57:38.299 R 09F80101 F7 1F 50 1F 69 98 3E 03
13:57:38.305 R 09FD02B1 FF 9C 01 02 76 FA FF FF
13:57:38.306 R 09FD02B1 FF 9C 01 02 76 FC FF FF
13:57:38.307 R 09FD02B1 FF 9E 01 BE 88 F9 FF FF
13:57:38.388 R 1CFFF001 3B 9F 8C FF 59 1C 5D 65
13:57:38.400 R 09F80201 FF FC 00 00 03 00 FF FF
13:57:38.401 R 09F80101 F7 1F 50 1F 69 98 3E 03
13:57:38.401 R 0DF90B01 FF FC FB 01 03 00 FF FF
13:57:38.405 R 09FD02B1 FF 9C 01 F2 75 FA FF FF
13:57:38.405 R 09FD02B1 FF 9C 01 F2 75 FC FF FF
13:57:38.406 R 09FD02B1 FF 9E 01 AF 88 F9 FF FF
13:57:38.501 R 09F80101 F7 1F 50 1F 69 98 3E 03
13:57:38.504 R 09FD02B1 FF 9D 01 E8 75 FA FF FF
13:57:38.505 R 09FD02B1 FF 9D 01 E8 75 FC FF FF
13:57:38.505 R 09FD02B1 FF 9F 01 A8 88 F9 FF FF
13:57:38.602 R 09F80201 FF FC 00 00 03 00 FF FF
13:57:38.603 R 0DFE1101 E0 0E C0 54 00 00 03 00
13:57:38.604 R 0DFE1101 E1 FF FF FF FF FB 01 03
13:57:38.604 R 0DFE1101 E2 00 FF FF FF FF FF FF
13:57:38.605 R 09FD02B1 FF 9D 01 DF 75 FA FF FF
13:57:38.606 R 09F80101 F7 1F 50 1F 69 98 3E 03
13:57:38.606 R 09FD02B1 FF 9D 01 DF 75 FC FF FF
13:57:38.607 R 09FD02B1 FF A0 01 A1 88 F9 FF FF
13:57:38.622 R 1DEFFF73 E0 16 3B 9F F0 81 84 86
13:57:38.623 R 1DEFFF73 E1 97 88 40 00 03 00 06
13:57:38.624 R 1DEFFF73 E2 00 00 00 00 00 01 00
13:57:38.625 R 1DEFFF73 E3 00 00 FF FF FF FF FF
13:57:38.626 R 09F11273 00 0E 20 FF 7F FF 7F FD
13:57:38.626 R 09F10D73 FF F8 FF FF 0C 02 FF FF
13:57:38.627 R 1CFF0873 3B 9F 00 00 14 00 FF FF
13:57:38.628 R 1CFF4F73 3B 9F 00 FF FF 0E 20 FF
13:57:38.642 R 09F50373 00 00 00 FF FF 00 FF FF
13:57:38.682 R 1CFF1A73 3B 9F 00 00 FF FF FF FF
13:57:38.682 R 09F50373 00 00 00 FF FF 00 FF FF
13:57:38.699 R 11F80E00 40 1C 01 91 72 96 0E 6A
13:57:38.700 R 11F80E00 41 97 41 03 3E E2 52 1F
13:57:38.700 R 11F80E00 42 9F BD 9C 00 00 B4 05
13:57:38.701 R 11F80E00 43 01 FF FF FF 7F CF F8
13:57:38.702 R 11F80E00 44 FF FF FF FF FF FF FF
13:57:38.703 R 09FD02B1 FF 9E 01 D0 75 FA FF FF
13:57:38.704 R 0DF90301 FF 7F FF FF FF 7F FF FF
13:57:38.704 R 09FD02B1 FF 9E 01 D0 75 FC FF FF
13:57:38.705 R 09FD02B1 FF A1 01 97 88 F9 FF FF
13:57:38.705 R 09F80101 F7 1F 50 1F 69 98 3E 03
13:57:38.706 R 1DFFF001 E0 0D 3B 9F 90 FF FF FF
13:57:38.707 R 1DFFF001 E1 FF FF FF FF FF 09 01
13:57:38.707 R 15FD0773 00 C0 53 7A FF 7F FF FF
13:57:38.743 R 15FD0773 00 C0 53 7A FF 7F FF FF
13:57:38.789 R 1DEFFF73 00 16 3B 9F F0 81 90 00
13:57:38.789 R 1DEFFF73 01 03 01 00 00 49 00 06
13:57:38.790 R 1DEFFF73 02 B0 09 00 00 00 01 00
13:57:38.791 R 1DEFFF73 03 00 00 FF FF FF FF FF
13:57:38.802 R 09FD02B1 FF 9F 01 CB 75 FA FF FF
13:57:38.803 R 09FD02B1 FF 9F 01 CB 75 FC FF FF
13:57:38.804 R 09FD02B1 FF A1 01 94 88 F9 FF FF
13:57:38.807 R 09F80201 FF FC 00 00 03 00 FF FF
13:57:38.808 R 09F80101 F7 1F 50 1F 69 98 3E 03
13:57:38.808 R 11F80E00 60 1C 01 B4 D6 95 0E 4E
13:57:38.809 R 11F80E00 61 3F 3D 03 D7 EE 4F 1F
13:57:38.809 R 11F80E00 62 9C FF FF 00 00 E4 56
13:57:38.810 R 11F80E00 63 00 FF FF FF 7F C0 F8
13:57:38.810 R 11F80E00 64 FF FF FF FF FF FF FF
13:57:38.811 R 19FA0301 00 DB 3C 00 5A 00 3E 00
13:57:38.812 R 19FA0601 60 0F 58 3B 00 FF FF FF
13:57:38.812 R 19FA0601 61 FF FF FF FF FF FF FF
13:57:38.813 R 19FA0601 62 FF FF FF FF FF FF FF
13:57:38.814 R 19FA0B01 60 0F 58 02 00 FF FF FF
13:57:38.815 R 19FA0B01 61 FF FF FF FF FF FF FF
13:57:38.815 R 19FA0B01 62 FF FF FF FF FF FF FF
13:57:38.859 R 11F80F00 C0 1B 12 3C CD 90 0E 9D
13:57:38.860 R 11F80F00 C1 21 31 03 76 00 52 1F
13:57:38.860 R 11F80F00 C2 98 90 58 8C 01 92 C0
13:57:38.861 R 11F80F00 C3 08 FF FF 00 70 FE FF
13:57:38.886 R 11F80E00 80 1C 03 50 53 8F 0E 0D
13:57:38.886 R 11F80E00 81 7A 3B 03 79 D3 4B 1F
13:57:38.887 R 11F80E00 82 99 5C 4C 00 00 F1 0D
13:57:38.888 R 11F80E00 83 08 2B 9E F6 FF C0 F8
13:57:38.888 R 11F80E00 84 FF FF FF FF FF FF FF
13:57:38.902 R 09FD02B1 FF 9F 01 DD 75 FA FF FF
13:57:38.904 R 09FD02B1 FF 9F 01 DD 75 FC FF FF
13:57:38.904 R 09FD02B1 FF A2 01 A6 88 F9 FF FF
13:57:38.908 R 19FA0401 60 DB 58 FF 12 05 FF 1D
13:57:38.909 R 19FA0401 61 E5 CD 68 10 00 00 00
13:57:38.910 R 19FA0401 62 00 F5 07 97 29 22 33
13:57:38.910 R 19FA0401 63 D8 0E 00 00 00 00 F5
13:57:38.911 R 19FA0401 64 09 C5 13 AD 3C A0 0F
13:57:38.912 R 19FA0401 65 00 00 00 00 F5 0B 0B
13:57:38.913 R 19FA0401 66 11 AC 96 AC 0D 00 00
13:57:38.913 R 19FA0401 67 00 00 F5 14 5D 10 1F
13:57:38.914 R 19FA0401 68 BA E4 0C 00 00 00 00
13:57:38.915 R 19FA0401 69 F5 15 73 32 66 A8 A0
13:57:38.915 R 19FA0401 6A 0F 00 00 00 00 F5 1E
13:57:38.916 R 19FA0401 6B FF 2C 66 7B 04 10 00
13:57:38.917 R 19FA0401 6C 00 00 00 F5 44 80 16
13:57:38.917 R 19FA0401 6D B9 3E B8 0B 00 00 00
13:57:38.918 R 19FA0401 6E 00 F5 45 73 32 F4 0C
13:57:38.919 R 19FA0401 6F A0 0F 00 00 00 00 F5
13:57:38.920 R 19FA0401 70 46 DD 17 2B CB 04 10
13:57:38.920 R 19FA0401 71 00 00 00 00 F5 4E FF
13:57:38.921 R 19FA0401 72 1D D1 24 3C 0F 00 00
13:57:38.922 R 19FA0401 73 00 00 F5 31 74 14 66
13:57:38.922 R 19FA0401 74 7B 80 0C 00 00 00 00
13:57:38.923 R 19FA0401 75 F5 00 A2 3A FC D1 D8
13:57:38.924 R 19FA0401 76 0E 00 00 00 00 F5 00
13:57:38.924 R 19FA0401 77 39 28 FD B3 74 0E 00
13:57:38.925 R 19FA0401 78 00 00 00 F5 00 BA 11
13:57:38.926 R 19FA0401 79 66 8A 1C 0C 00 00 00
13:57:38.926 R 19FA0401 7A 00 F5 00 DD 17 7F 34
13:57:38.927 R 19FA0401 7B E4 0C 00 00 00 00 F5
13:57:38.928 R 19FA0401 7C 00 51 2C D1 33 74 0E
13:57:38.929 R 19FA0401 7D 00 00 00 00 F5 00 3A
13:57:38.929 R 19FA0401 7E 19 36 CD D8 0E 00 00
13:57:38.930 R 19FA0401 7F 00 00 F5 FF FF FF FF
13:57:38.931 R 09F80101 F8 1F 50 1F 69 98 3E 03
13:57:38.931 R 19F11A01 FF FF FF FF FB 01 FF FF
13:57:39.001 R 09FD02B1 FF A0 01 06 76 FA FF FF
13:57:39.002 R 09FD02B1 FF A0 01 06 76 FC FF FF
13:57:39.002 R 09FD02B1 FF A2 01 D1 88 F9 FF FF
13:57:39.010 R 09F80201 FF FC 00 00 03 00 FF FF
13:57:39.010 R 09F80101 F8 1F 50 1F 69 98 3E 03
13:57:39.045 R 1CFF7400 3B 9F FD 00 00 FF FF FF
13:57:39.101 R 09FD02B1 FF 9F 01 36 76 FA FF FF
13:57:39.101 R 09FD02B1 FF 9F 01 36 76 FC FF FF
13:57:39.102 R 09FD02B1 FF A2 01 01 89 F9 FF FF
13:57:39.111 R 0DF80501 80 2B 59 E4 50 5A 4B AA
13:57:39.112 R 0DF80501 81 19 00 B0 69 9C 46 66
13:57:39.112 R 0DF80501 82 4A 07 00 DA 6C 46 57
13:57:39.113 R 0DF80501 83 63 C1 00 A0 15 70 02
13:57:39.114 R 0DF80501 84 00 00 00 00 23 FC 14
13:57:39.114 R 0DF80501 85 3C 00 FF 7F EE 11 00
13:57:39.115 R 0DF80501 86 00 00 FF FF FF FF FF
13:57:39.116 R 09F80101 F8 1F 50 1F 69 98 3E 03
13:57:39.116 R 0DF80901 E4 50 5A 4B AA 19 78 00
13:57:39.127 R 09F11273 00 BD 20 FF 7F FF 7F FD
13:57:39.127 R 09F10D73 FF F8 FF FF 0C 02 FF FF
13:57:39.128 R 1CFF4F73 3B 9F 00 FF FF BD 20 FF
13:57:39.129 R 1DEFFF73 20 16 3B 9F F0 81 9C 01
13:57:39.129 R 1DEFFF73 21 18 03 00 00 49 00 06
13:57:39.130 R 1DEFFF73 22 B0 09 00 00 00 01 00
13:57:39.131 R 1DEFFF73 23 00 00 FF FF FF FF FF
13:57:39.153 R 11F80E00 A0 1C 01 28 91 76 0C 90
13:57:39.153 R 11F80E00 A1 13 4F 03 FE 3C 5A 1F
13:57:39.154 R 11F80E00 A2 9C 73 3B 00 00 D2 08
13:57:39.154 R 11F80E00 A3 08 FF FF FF 7F C0 F8
13:57:39.155 R 11F80E00 A4 FF FF FF FF FF FF FF
13:57:39.199 R 09FD02B1 FF A0 01 58 76 FA FF FF
13:57:39.200 R 09FD02B1 FF A0 01 58 76 FC FF FF
13:57:39.200 R 09FD02B1 FF A2 01 23 89 F9 FF FF
13:57:39.211 R 09F80201 FF FC 00 00 03 00 FF FF
13:57:39.212 R 09F80101 F8 1F 50 1F 69 98 3E 03
13:57:39.199 R 0DF01001 FF FF E4 50 F6 4F AA 19
13:57:39.225 R 11F80F00 E0 1B 12 7C 13 8D 0E E7
13:57:39.226 R 11F80F00 E1 97 3E 03 9A 1F 50 1F
13:57:39.227 R 11F80F00 E2 9F FF FF 05 00 00 00
13:57:39.227 R 11F80F00 E3 20 FF FF 00 70 FE FF
13:57:39.229 R 0DF50B73 00 F1 01 00 00 FF FF FF
13:57:39.278 R 19F51373 40 0E FF FF FF FF FF FF
13:57:39.278 R 19F51373 41 86 85 B0 00 00 00 00
13:57:39.279 R 19F51373 42 00 FF FF FF FF FF FF
13:57:39.280 R 1DFF6773 60 0B 3B 9F 03 00 04 B4
13:57:39.280 R 1DFF6773 61 6E 11 19 09 09 FF FF
13:57:39.281 R 1DFF6773 80 0B 3B 9F 03 02 04 B4
13:57:39.281 R 1DFF6773 81 6E 11 19 09 09 FF FF
13:57:39.284 R 09FD02B1 FF A0 01 59 76 FA FF FF
13:57:39.285 R 09FD02B1 FF A0 01 59 76 FC FF FF
13:57:39.286 R 09FD02B1 FF A2 01 27 89 F9 FF FF
13:57:39.299 R 09F80101 F8 1F 50 1F 69 98 3E 03
13:57:39.353 R 1CFFFF01 4F 9A 00 F5 FF FF FF FF
13:57:39.384 R 09FD02B1 FF A0 01 3F 76 FA FF FF
13:57:39.384 R 1CFFF001 3B 9F 8C FF 41 1C A5 65
13:57:39.385 R 09FD02B1 FF A0 01 3F 76 FC FF FF
13:57:39.386 R 09FD02B1 FF A3 01 0D 89 F9 FF FF
13:57:39.400 R 09F80201 FF FC 00 00 03 00 FF FF
13:57:39.401 R 09F80101 F8 1F 50 1F 69 98 3E 03
13:57:39.402 R 0DF90B01 FF FC FB 01 03 00 FF FF
13:57:39.483 R 09FD02B1 FF A1 01 23 76 FA FF FF
13:57:39.484 R 09FD02B1 FF A1 01 23 76 FC FF FF
13:57:39.484 R 09FD02B1 FF A3 01 F2 88 F9 FF FF
13:57:39.502 R 09F80101 F8 1F 50 1F 69 98 3E 03
13:57:39.570 R 09F50373 00 00 00 FF FF 00 FF FF
13:57:39.583 R 09FD02B1 FF A1 01 26 76 FA FF FF
13:57:39.584 R 09FD02B1 FF A1 01 26 76 FC FF FF
13:57:39.585 R 09FD02B1 FF A3 01 F7 88 F9 FF FF
13:57:39.602 R 09F80201 FF FC 00 00 03 00 FF FF
13:57:39.603 R 0DFE1101 00 0E C0 55 00 00 03 00
13:57:39.604 R 0DFE1101 01 FF FF FF FF FB 01 03
13:57:39.604 R 0DFE1101 02 00 FF FF FF FF FF FF
13:57:39.605 R 09F80101 F8 1F 50 1F 69 98 3E 03
13:57:39.611 R 1CFF1A73 3B 9F 00 00 FF FF FF FF
13:57:39.611 R 09F50373 00 00 00 FF FF 00 FF FF
13:57:39.623 R 11F80F00 00 1B 12 03 BB 8B 0E 01
13:57:39.624 R 11F80F00 01 3F 41 03 D8 E7 52 1F
13:57:39.624 R 11F80F00 02 9F 7A 12 00 00 06 00
13:57:39.625 R 11F80F00 03 06 FF FF 00 74 FF FF
13:57:39.682 R 09FD02B1 FF A1 01 4B 76 FA FF FF
13:57:39.683 R 09FD02B1 FF A1 01 4B 76 FC FF FF
13:57:39.683 R 09FD02B1 FF A4 01 1E 89 F9 FF FF
13:57:39.703 R 0DF90301 FF 7F FF FF FF 7F FF FF
13:57:39.704 R 09F80101 F8 1F 50 1F 69 98 3E 03
13:57:39.704 R 1DFFF001 00 0D 3B 9F 90 FF FF FF
13:57:39.705 R 1DFFF001 01 FF FF FF FF FF 0D 01
13:57:39.722 R 09F11273 00 BD 20 FF 7F FF 7F FD
13:57:39.722 R 09F10D73 FF F8 FF FF 0C 02 FF FF
13:57:39.723 R 1CFF0873 3B 9F 00 00 14 00 FF FF
13:57:39.724 R 1CFF4F73 3B 9F 00 FF FF BD 20 FF
13:57:39.724 R 1DEFFF73 A0 16 3B 9F F0 81 84 06
13:57:39.725 R 1DEFFF73 A1 98 88 40 00 03 00 06
13:57:39.725 R 1DEFFF73 A2 00 FF 00 00 00 01 00
13:57:39.726 R 1DEFFF73 A3 00 00 FF FF FF FF FF
13:57:39.782 R 09FD02B1 FF A2 01 74 76 FA FF FF
13:57:39.782 R 11F80E00 C0 1C 01 88 48 B2 0E 23
13:57:39.783 R 11F80E00 C1 86 3D 03 86 D0 4D 1F
13:57:39.783 R 09FD02B1 FF A2 01 74 76 FC FF FF
13:57:39.784 R 09FD02B1 FF A4 01 48 89 F9 FF FF
13:57:39.784 R 11F80E00 C2 9D E1 72 0A 00 CC 40
13:57:39.785 R 11F80E00 C3 09 AB A5 D7 FF C0 F8
13:57:39.785 R 11F80E00 C4 FF FF FF FF FF FF FF
13:57:39.797 R 15FD0773 00 C0 53 7A FF 7F FF FF
13:57:39.804 R 09F80201 FF FC 00 00 03 00 FF FF
13:57:39.805 R 09F80101 F8 1F 50 1F 69 98 3E 03
13:57:39.805 R 19FA0301 00 DB 3C 00 5A 00 3E 00
13:57:39.806 R 19FA0601 80 0F 59 3B 00 FF FF FF
13:57:39.807 R 19FA0601 81 FF FF FF FF FF FF FF
13:57:39.807 R 19FA0601 82 FF FF FF FF FF FF FF
13:57:39.808 R 19FA0B01 80 0F 59 04 00 FF FF FF
13:57:39.809 R 19FA0B01 81 FF FF FF FF FF FF FF
13:57:39.809 R 19FA0B01 82 FF FF FF FF FF FF FF
13:57:39.834 R 15FD0773 00 C0 53 7A FF 7F FF FF
13:57:39.881 R 09FD02B1 FF A2 01 7C 76 FA FF FF
13:57:39.882 R 09FD02B1 FF A2 01 7C 76 FC FF FF
13:57:39.882 R 09FD02B1 FF A4 01 51 89 F9 FF FF
13:57:39.905 R 19FA0401 80 DB 59 FF 12 05 FF 1D
13:57:39.906 R 19FA0401 81 E5 CD 68 10 00 00 00
13:57:39.906 R 19FA0401 82 00 F5 07 97 29 22 33
13:57:39.907 R 19FA0401 83 D8 0E 00 00 00 00 F5
13:57:39.908 R 19FA0401 84 09 C5 13 AD 3C 3C 0F
13:57:39.908 R 19FA0401 85 00 00 00 00 F5 0B 0B
13:57:39.909 R 19FA0401 86 11 AC 96 48 0D 00 00
13:57:39.910 R 19FA0401 87 00 00 F5 14 5D 10 1F
13:57:39.910 R 19FA0401 88 BA 74 0E 00 00 00 00
13:57:39.911 R 19FA0401 89 F5 15 73 32 66 A8 A0
13:57:39.911 R 19FA0401 8A 0F 00 00 00 00 F5 1E
13:57:39.912 R 19FA0401 8B FF 2C 66 7B 04 10 00
13:57:39.913 R 19FA0401 8C 00 00 00 F5 44 80 16
13:57:39.913 R 19FA0401 8D B9 3E B8 0B 00 00 00
13:57:39.914 R 19FA0401 8E 00 F5 45 73 32 F4 0C
13:57:39.915 R 19FA0401 8F A0 0F 00 00 00 00 F5
13:57:39.915 R 19FA0401 90 46 DD 17 2B CB 68 10
13:57:39.916 R 11F80E00 E0 1C 01 65 13 95 0E 8D
13:57:39.916 R 11F80E00 E1 91 3B 03 F0 E6 4B 1F
13:57:39.917 R 11F80E00 E2 9F 79 45 00 00 FF 40
13:57:39.918 R 11F80E00 E3 09 FF FF FF 7F C0 F8
13:57:39.918 R 11F80E00 E4 FF FF FF FF FF FF FF
13:57:39.919 R 19FA0401 91 00 00 00 00 F5 4E FF
13:57:39.919 R 19FA0401 92 1D D1 24 3C 0F 00 00
13:57:39.920 R 19FA0401 93 00 00 F5 31 74 14 66
13:57:39.921 R 19FA0401 94 7B 1C 0C 00 00 00 00
13:57:39.921 R 19FA0401 95 F5 00 A2 3A FC D1 74
13:57:39.922 R 19FA0401 96 0E 00 00 00 00 F5 00
13:57:39.923 R 19FA0401 97 39 28 FD B3 74 0E 00
13:57:39.923 R 19FA0401 98 00 00 00 F5 00 BA 11
13:57:39.924 R 19FA0401 99 66 8A 1C 0C 00 00 00
13:57:39.924 R 19FA0401 9A 00 F5 00 DD 17 7F 34
13:57:39.925 R 19FA0401 9B E4 0C 00 00 00 00 F5
13:57:39.926 R 19FA0401 9C 00 51 2C D1 33 74 0E
13:57:39.926 R 19FA0401 9D 00 00 00 00 F5 00 3A
13:57:39.927 R 19FA0401 9E 19 36 CD D8 0E 00 00
13:57:39.928 R 19FA0401 9F 00 00 F5 FF FF FF FF
13:57:39.928 R 09F80101 F8 1F 50 1F 69 98 3E 03
13:57:39.929 R 19F11A01 FF FF FF FF FB 01 FF FF
13:57:39.980 R 09FD02B1 FF A3 01 50 76 FA FF FF
13:57:39.981 R 09FD02B1 FF A3 01 50 76 FC FF FF
13:57:39.982 R 09FD02B1 FF A5 01 26 89 F9 FF FF
13:57:40.006 R 09F80201 FF FC 00 00 03 00 FF FF
13:57:40.007 R 09F80101 F8 1F 50 1F 69 98 3E 03
13:57:40.080 R 09FD02B1 FF A3 01 13 76 FA FF FF
13:57:40.081 R 09FD02B1 FF A3 01 13 76 FC FF FF
13:57:40.082 R 09FD02B1 FF A6 01 EB 88 F9 FF FF
13:57:40.103 R 19FB1200 E0 23 18 08 1E 8D 0E 24
13:57:40.103 R 19FB1200 E1 53 52 54 4B 4A 40 3C
13:57:40.104 R 19FB1200 E2 50 42 38 31 37 35 40
13:57:40.104 R 19FB1200 E3 78 00 32 00 0A 00 46
13:57:40.105 R 19FB1200 E4 00 00 00 00 00 F3 E1
13:57:40.105 R 19FB1200 E5 FF FF FF FF FF FF FF
13:57:40.106 R 1DFF7700 E0 1C 3B 9F 18 08 1E 8D
13:57:40.106 R 1DFF7700 E1 0E 01 24 53 52 54 4B
13:57:40.107 R 0DF80501 A0 2B 5A E4 50 60 72 AA
13:57:40.108 R 1DFF7700 E2 4A 40 3C 50 42 38 31
13:57:40.108 R 0DF80501 A1 19 00 B0 69 9C 46 66
13:57:40.109 R 1DFF7700 E3 37 35 40 01 51 E0 C0
13:57:40.109 R 0DF80501 A2 4A 07 00 DA 6C 46 57
13:57:40.110 R 1DFF7700 E4 FF FF FF FF FF FF FF
13:57:40.110 R 0DF80501 A3 63 C1 00 00 8F 6E 02
13:57:40.111 R 0DF80501 A4 00 00 00 00 23 FC 14
13:57:40.112 R 0DF80501 A5 3C 00 FF 7F EE 11 00
13:57:40.112 R 0DF80501 A6 00 00 FF FF FF FF FF
13:57:40.113 R 09F80101 F8 1F 50 1F 69 98 3E 03
13:57:40.113 R 0DF80901 E4 50 60 72 AA 19 78 00
13:57:40.129 R 11F80E00 00 1C 01 39 4F 8B 0E F5
13:57:40.129 R 11F80E00 01 89 58 03 9E E9 5D 1F
13:57:40.130 R 11F80E00 02 A3 A0 B5 6D 01 C9 08
13:57:40.130 R 11F80E00 03 08 FF FF FF 7F D0 F8
13:57:40.131 R 11F80E00 04 FF FF FF FF FF FF FF
13:57:40.143 R 1CFF4F73 3B 9F 00 FF FF BD 20 FF
13:57:40.143 R 1DEFFF73 C0 16 3B 9F F0 81 9C 01
13:57:40.144 R 1DEFFF73 C1 18 03 40 00 03 00 06
13:57:40.144 R 1DEFFF73 C2 B0 09 00 00 00 01 00
13:57:40.145 R 1DEFFF73 C3 00 00 FF FF FF FF FF
13:57:40.146 R 09F11273 00 BD 20 FF 7F FF 7F FD
13:57:40.146 R 09F10D73 FF F8 FF FF 0C 02 FF FF
13:57:40.178 R 09FD02B1 FF A4 01 F1 75 FA FF FF
13:57:40.179 R 09FD02B1 FF A4 01 F1 75 FC FF FF
13:57:40.179 R 09FD02B1 FF A7 01 CB 88 F9 FF FF
13:57:40.207 R 09F80201 FF FC 00 00 03 00 FF FF
13:57:40.207 R 09F80101 F9 1F 50 1F 69 98 3E 03
13:57:40.199 R 0DF01001 FF FF E4 50 06 77 AA 19
13:57:40.220 R 11F80F00 20 1B 12 7C 13 8D 0E E7
13:57:40.220 R 11F80F00 21 97 3E 03 9A 1F 50 1F
13:57:40.221 R 11F80F00 22 A3 FF FF 00 00 00 00
13:57:40.221 R 11F80F00 23 20 FF FF 00 70 FE FF
13:57:40.247 R 0DF50B73 00 F1 01 00 00 FF FF FF
13:57:40.268 R 09FD02B1 FF A5 01 FA 75 FA FF FF
13:57:40.269 R 09FD02B1 FF A5 01 FA 75 FC FF FF
13:57:40.270 R 09FD02B1 FF A8 01 D7 88 F9 FF FF
13:57:40.271 R 19F51373 E0 0E FF FF FF FF FF FF
13:57:40.272 R 19F51373 E1 86 85 B0 00 00 00 00
13:57:40.272 R 19F51373 E2 00 FF FF FF FF FF FF
13:57:40.273 R 1DFF6773 00 0B 3B 9F 03 00 04 B4
13:57:40.274 R 1DFF6773 01 6E 11 19 09 09 FF FF
13:57:40.274 R 1DFF6773 20 0B 3B 9F 03 02 04 B4
13:57:40.275 R 1DFF6773 21 6E 11 19 09 09 FF FF
13:57:40.298 R 09F80101 F9 1F 50 1F 69 98 3E 03
13:57:40.307 R 11F80F00 40 1B 12 2C D5 95 0E 95
13:57:40.308 R 11F80F00 41 CC 3D 03 CE AA 4F 1F
13:57:40.308 R 11F80F00 42 A0 D4 9A 61 00 F2 08
13:57:40.309 R 11F80F00 43 00 B7 98 00 70 FE FF
13:57:40.361 R 1CFFF001 3B 9F 8C FF 2B 1C E5 65
13:57:40.368 R 09FD02B1 FF A7 01 0E 76 FA FF FF
13:57:40.369 R 09FD02B1 FF A7 01 0E 76 FC FF FF
13:57:40.369 R 09FD02B1 FF A9 01 EA 88 F9 FF FF
13:57:40.399 R 09F80201 FF FC 00 00 03 00 FF FF
13:57:40.400 R 09F80101 F9 1F 50 1F 69 98 3E 03
13:57:40.401 R 0DF90B01 FF FC FB 01 03 00 FF FF
13:57:40.414 R 11F80E00 20 1C 01 D7 AF 95 0E FE
13:57:40.415 R 11F80E00 21 2D 49 03 0C 9A 58 1F
13:57:40.415 R 11F80E00 22 A3 DD 1D B0 01 F5 05
13:57:40.416 R 11F80E00 23 01 FF FF FF 7F C0 F8
13:57:40.417 R 11F80E00 24 FF FF FF FF FF FF FF
13:57:40.467 R 09FD02B1 FF A8 01 02 76 FA FF FF
13:57:40.468 R 09FD02B1 FF A8 01 02 76 FC FF FF
13:57:40.469 R 09FD02B1 FF AA 01 DE 88 F9 FF FF
13:57:40.495 R 11F80E00 40 1C 01 EC 9B 94 0E 46
13:57:40.495 R 11F80E00 41 D4 3C 03 82 2A 4D 1F
13:57:40.496 R 11F80E00 42 A3 51 0E 7C 01 F8 85
13:57:40.496 R 11F80E00 43 01 FF FF FF 7F C0 F8
13:57:40.497 R 11F80E00 44 FF FF FF FF FF FF FF
13:57:40.498 R 11F80F00 60 1B 12 6C F1 9A 0C 57
13:57:40.498 R 11F80F00 61 3C 3A 03 8D 42 4B 1F
13:57:40.499 R 11F80F00 62 A0 FF FF 00 00 06 00
13:57:40.499 R 11F80F00 63 0E FF FF 00 74 FF FF
13:57:40.500 R 09F80101 F9 1F 50 1F 69 98 3E 03
13:57:40.522 R 19FB1200 00 23 18 06 22 96 0E 25
13:57:40.522 R 19FB1200 01 53 4D 54 3D 33 21 5B
13:57:40.523 R 19FB1200 02 50 48 35 36 33 39 40
13:57:40.524 R 19FB1200 03 8C 00 1E 00 0A 00 64
13:57:40.524 R 19FB1200 04 00 00 00 00 00 F3 E1
13:57:40.525 R 19FB1200 05 FF FF FF FF FF FF FF
13:57:40.525 R 1DFF7700 00 1C 3B 9F 18 06 22 96
13:57:40.526 R 1DFF7700 01 0E 01 25 53 4D 54 3D
13:57:40.526 R 1DFF7700 02 33 21 5B 50 48 35 36
13:57:40.527 R 1DFF7700 03 33 39 40 81 40 40 C1
13:57:40.528 R 1DFF7700 04 FF FF FF FF FF FF FF
13:57:40.548 R 11F80F00 80 1B 12 9E 93 99 0C F3
13:57:40.549 R 11F80F00 81 56 42 03 9C 87 53 1F
13:57:40.549 R 11F80F00 82 A0 C5 13 8A 00 E4 08
13:57:40.550 R 11F80F00 83 00 FF FF 00 70 FE FF
13:57:40.567 R 09FD02B1 FF A9 01 D8 75 FA FF FF
13:57:40.567 R 09FD02B1 FF A9 01 D8 75 FC FF FF
13:57:40.568 R 09FD02B1 FF AC 01 B3 88 F9 FF FF
13:57:40.595 R 09F50373 00 00 00 FF FF 00 FF FF
13:57:40.601 R 09F80201 FF FC 00 00 03 00 FF FF
13:57:40.602 R 0DFE1101 20 0E C0 56 00 00 03 00
13:57:40.603 R 0DFE1101 21 FF FF FF FF FB 01 03
13:57:40.604 R 0DFE1101 22 00 FF FF FF FF FF FF
13:57:40.605 R 09F80101 F9 1F 50 1F 69 98 3E 03
13:57:40.629 R 11F80F00 A0 1B 12 64 21 FF 0C A2
13:57:40.629 R 11F80F00 A1 45 42 03 E7 05 5B 1F
13:57:40.630 R 11F80F00 A2 A3 2D 5F 2A 01 01 41
13:57:40.630 R 11F80F00 A3 08 FF FF 00 70 FF FF
13:57:40.635 R 1CFF1A73 3B 9F 00 00 FF FF FF FF
13:57:40.636 R 09F50373 00 00 00 FF FF 00 FF FF
13:57:40.637 R 15FB0500 40 12 08 46 49 8D 0E 01
13:57:40.638 R 15FB0500 41 50 00 00 5D 02 8F 39
13:57:40.638 R 15FB0500 42 70 4F 18 60 00 FF FF
13:57:40.666 R 09FD02B1 FF AB 01 AE 75 FA FF FF
13:57:40.667 R 09FD02B1 FF AB 01 AE 75 FC FF FF
13:57:40.667 R 09FD02B1 FF AD 01 8B 88 F9 FF FF
13:57:40.683 R 11F80E00 60 1C 03 D6 AF 95 0E 0A
13:57:40.683 R 11F80E00 61 29 3D 03 4F C2 4F 1F
13:57:40.684 R 11F80E00 62 A3 FF FF 00 00 5A 50
13:57:40.685 R 11F80E00 63 01 FF FF FF 7F C5 F8
13:57:40.685 R 11F80E00 64 FF FF FF FF FF FF FF
13:57:40.703 R 0DF90301 FF 7F FF FF FF 7F FF FF
13:57:40.704 R 09F80101 F9 1F 50 1F 69 98 3E 03
13:57:40.705 R 1DFFF001 20 0D 3B 9F 90 FF FF FF
13:57:40.705 R 1DFFF001 21 FF FF FF FF FF 11 01
13:57:40.723 R 09F11273 00 BD 20 FF 7F FF 7F FD
13:57:40.724 R 09F10D73 FF F8 FF FF 0C 02 FF FF
13:57:40.724 R 1CFF0873 3B 9F 00 00 14 00 FF FF
13:57:40.725 R 1CFF4F73 3B 9F 00 FF FF BD 20 FF
13:57:40.726 R 1DEFFF73 40 16 3B 9F F0 81 84 06
13:57:40.726 R 1DEFFF73 41 98 88 40 00 03 00 06
13:57:40.728 R 1DEFFF73 42 FF FF 00 00 00 01 00
13:57:40.728 R 1DEFFF73 43 00 00 FF FF FF FF FF
13:57:40.746 R 15FD0773 00 C0 53 7A FF 7F FF FF
13:57:40.766 R 09FD02B1 FF AC 01 9D 75 FA FF FF
13:57:40.767 R 09FD02B1 FF AC 01 9D 75 FC FF FF
13:57:40.768 R 09FD02B1 FF AF 01 7B 88 F9 FF FF
13:57:40.776 R 15FD0773 00 C0 53 7A FF 7F FF FF
13:57:40.805 R 09F80201 FF FC 00 00 03 00 FF FF
13:57:40.805 R 09F80101 F9 1F 50 1F 69 98 3E 03
13:57:40.806 R 19FA0301 00 DB 3C 00 5A 00 3E 00
13:57:40.807 R 19FA0601 A0 0F 5A 3B 00 FF FF FF
13:57:40.808 R 19FA0601 A1 FF FF FF FF FF FF FF
13:57:40.808 R 19FA0601 A2 FF FF FF FF FF FF FF
13:57:40.809 R 19FA0B01 A0 0F 5A 04 00 FF FF FF
13:57:40.810 R 19FA0B01 A1 FF FF FF FF FF FF FF
13:57:40.811 R 19FA0B01 A2 FF FF FF FF FF FF FF
13:57:40.865 R 09FD02B1 FF AE 01 9C 75 FA FF FF
13:57:40.866 R 09FD02B1 FF AE 01 9C 75 FC FF FF
13:57:40.866 R 09FD02B1 FF B0 01 7A 88 F9 FF FF
13:57:40.870 R 11F80E00 80 1C 01 D9 88 94 0E D1
13:57:40.870 R 11F80E00 81 DF 34 03 66 86 4A 1F
13:57:40.871 R 11F80E00 82 A3 6C 91 BF 01 BF 40
13:57:40.871 R 11F80E00 83 09 FF FF FF 7F C0 F8
13:57:40.872 R 11F80E00 84 FF FF FF FF FF FF FF
13:57:40.906 R 19FA0401 A0 DB 5A FF 12 05 FF 1D
13:57:40.907 R 19FA0401 A1 E5 CD 68 10 00 00 00
13:57:40.908 R 19FA0401 A2 00 F5 07 97 29 22 33
13:57:40.909 R 19FA0401 A3 D8 0E 00 00 00 00 F5
13:57:40.909 R 19FA0401 A4 09 C5 13 AD 3C D8 0E
13:57:40.910 R 19FA0401 A5 00 00 00 00 F5 0B 0B
13:57:40.911 R 19FA0401 A6 11 AC 96 48 0D 00 00
13:57:40.911 R 19FA0401 A7 00 00 F5 14 5D 10 1F
13:57:40.912 R 19FA0401 A8 BA D8 0E 00 00 00 00
13:57:40.913 R 19FA0401 A9 F5 15 73 32 66 A8 A0
13:57:40.913 R 19FA0401 AA 0F 00 00 00 00 F5 1E
13:57:40.914 R 19FA0401 AB FF 2C 66 7B 04 10 00
13:57:40.915 R 19FA0401 AC 00 00 00 F5 44 80 16
13:57:40.915 R 19FA0401 AD B9 3E B8 0B 00 00 00
13:57:40.916 R 19FA0401 AE 00 F5 45 73 32 F4 0C
13:57:40.917 R 19FA0401 AF A0 0F 00 00 00 00 F5
13:57:40.917 R 19FA0401 B0 46 DD 17 2B CB 04 10
13:57:40.918 R 19FA0401 B1 00 00 00 00 F5 4E FF
13:57:40.919 R 19FA0401 B2 1D D1 24 3C 0F 00 00
13:57:40.920 R 19FA0401 B3 00 00 F5 31 74 14 66
13:57:40.920 R 19FA0401 B4 7B 1C 0C 00 00 00 00
13:57:40.921 R 19FA0401 B5 F5 00 A2 3A AB D2 74
13:57:40.922 R 19FA0401 B6 0E 00 00 00 00 F5 00
13:57:40.922 R 19FA0401 B7 39 28 FD B3 10 0E 00
13:57:40.923 R 19FA0401 B8 00 00 00 F5 00 BA 11
13:57:40.924 R 19FA0401 B9 66 8A 80 0C 00 00 00
13:57:40.924 R 19FA0401 BA 00 F5 00 DD 17 7F 34
13:57:40.925 R 19FA0401 BB 80 0C 00 00 00 00 F5
13:57:40.926 R 19FA0401 BC 00 51 2C D1 33 10 0E
13:57:40.926 R 19FA0401 BD 00 00 00 00 F5 00 3A
13:57:40.927 R 19FA0401 BE 19 36 CD D8 0E 00 00
13:57:40.928 R 19FA0401 BF 00 00 F5 FF FF FF FF
13:57:40.929 R 09F80101 F9 1F 50 1F 69 98 3E 03
13:57:40.929 R 19F11A01 FF FF FF FF FB 01 FF FF
13:57:40.955 R 1DEFFF73 60 16 3B 9F F0 81 90 00
13:57:40.955 R 1DEFFF73 61 03 01 40 00 03 00 06
13:57:40.956 R 1DEFFF73 62 B0 09 00 00 00 01 00
13:57:40.956 R 1DEFFF73 63 00 00 FF FF FF FF FF
13:57:40.964 R 09FD02B1 FF AF 01 92 75 FA FF FF
13:57:40.966 R 09FD02B1 FF AF 01 92 75 FC FF FF
13:57:40.967 R 09FD02B1 FF B2 01 6F 88 F9 FF FF
13:57:40.995 R 1DEFFF73 80 16 3B 9F F0 81 86 41
13:57:40.996 R 1DEFFF73 81 01 FE 40 00 03 00 06
13:57:40.996 R 1DEFFF73 82 B0 09 00 00 00 01 00
13:57:40.997 R 1DEFFF73 83 00 00 FF FF FF FF FF
13:57:41.008 R 09F80201 FF FC 00 00 03 00 FF FF
13:57:41.009 R 09F80101 F9 1F 50 1F 69 98 3E 03
13:57:41.053 R 09F11273 00 BD 20 FF 7F FF 7F FD
13:57:41.054 R 09F10D73 FF F8 FF FF 0C 02 FF FF
13:57:41.055 R 1CFF0873 3B 9F 00 00 14 00 FF FF
13:57:41.055 R 1CFF4F73 3B 9F 00 FF FF BD 20 FF
13:57:41.056 R 1CFF5073 3B 9F 00 FF FF BD 20 FF
13:57:41.057 R 1DEFFF73 A0 16 3B 9F F0 81 84 06
13:57:41.057 R 1DEFFF73 A1 18 60 42 00 03 00 06
13:57:41.058 R 1DEFFF73 A2 B0 09 00 00 00 01 00
13:57:41.058 R 1DEFFF73 A3 00 00 FF FF FF FF FF
13:57:41.064 R 09FD02B1 FF B0 01 75 75 FA FF FF
13:57:41.064 R 09FD02B1 FF B0 01 75 75 FC FF FF
13:57:41.065 R 09FD02B1 FF B3 01 51 88 F9 FF FF
13:57:41.109 R 0DF80501 C0 2B 5B E4 50 66 99 AA
13:57:41.110 R 0DF80501 C1 19 00 7A 04 D8 46 66
13:57:41.111 R 11F80E00 A0 1C 01 42 39 95 0E 91
13:57:41.111 R 0DF80501 C2 4A 07 00 DA 6C 46 57
13:57:41.112 R 11F80E00 A1 11 4D 03 98 47 5B 1F
13:57:41.112 R 0DF80501 C3 63 C1 00 60 08 6D 02
13:57:41.113 R 11F80E00 A2 A7 6C 97 77 01 E4 56
13:57:41.113 R 0DF80501 C4 00 00 00 00 23 FC 14
13:57:41.114 R 11F80E00 A3 00 AB 96 00 00 D0 F8
13:57:41.115 R 0DF80501 C5 3C 00 FF 7F EE 11 00
13:57:41.115 R 11F80E00 A4 FF FF FF FF FF FF FF
13:57:41.116 R 0DF80501 C6 00 00 FF FF FF FF FF
13:57:41.117 R 09F80101 F9 1F 50 1F 69 98 3E 03
13:57:41.117 R 0DF80901 E4 50 66 99 AA 19 78 00
13:57:41.138 R 11F80E00 C0 1C 01 BC 0F 97 0E 41
13:57:41.139 R 11F80E00 C1 93 4D 03 BE 17 61 1F
13:57:41.139 R 11F80E00 C2 A4 1D 08 96 01 FF 40
13:57:41.140 R 11F80E00 C3 09 FF FF FF 7F C0 F8
13:57:41.141 R 11F80E00 C4 FF FF FF FF FF FF FF
13:57:41.163 R 09FD02B1 FF B1 01 47 75 FA FF FF
13:57:41.164 R 09FD02B1 FF B1 01 47 75 FC FF FF
13:57:41.164 R 09FD02B1 FF B4 01 22 88 F9 FF FF
13:57:41.210 R 09F80201 FF FC 00 00 03 00 FF FF
13:57:41.211 R 09F80101 F9 1F 50 1F 69 98 3E 03
13:57:41.199 R 0DF01001 FF FF E4 50 16 9E AA 19
13:57:41.211 R 11F80F00 C0 1B 12 7C 13 8D 0E E7
13:57:41.212 R 11F80F00 C1 97 3E 03 9A 1F 50 1F
13:57:41.212 R 11F80F00 C2 A7 FF FF 00 00 00 00
13:57:41.213 R 11F80F00 C3 20 FF FF 00 70 FE FF
13:57:41.213 R 0DF50B73 00 E8 01 00 00 FF FF FF
13:57:41.250 R 09FD02B1 FF B2 01 11 75 FA FF FF
13:57:41.250 R 09FD02B1 FF B2 01 11 75 FC FF FF
13:57:41.251 R 09FD02B1 FF B4 01 EC 87 F9 FF FF
13:57:41.260 R 11F80F00 E0 1B 12 FF 0F 91 0E 8E
13:57:41.261 R 11F80F00 E1 F3 39 03 04 12 4E 1F
13:57:41.261 R 11F80F00 E2 A3 0A 6E 9A 00 06 00
13:57:41.262 R 11F80F00 E3 06 FF FF 00 5C FF FF
13:57:41.262 R 19F51373 C0 0E FF FF FF FF FF FF
13:57:41.263 R 19F51373 C1 86 85 B0 00 00 00 00
13:57:41.264 R 19F51373 C2 00 FF FF FF FF FF FF
13:57:41.264 R 1DFF6773 E0 0B 3B 9F 03 00 04 B4
13:57:41.266 R 1DFF6773 E1 6E 11 19 09 09 FF FF
13:57:41.266 R 1DFF6773 00 0B 3B 9F 03 02 04 B4
13:57:41.267 R 1DFF6773 01 6E 11 19 09 09 FF FF
13:57:41.285 R 11F80E00 E0 1C 01 DA FA 95 0E 9E
13:57:41.286 R 11F80E00 E1 53 56 03 F4 74 63 1F
13:57:41.286 R 11F80E00 E2 A9 5D 1F 00 00 A8 40
13:57:41.287 R 11F80E00 E3 09 92 EC 00 00 D0 F8
13:57:41.287 R 11F80E00 E4 FF FF FF FF FF FF FF
13:57:41.299 R 09F80101 F9 1F 50 1F 69 98 3E 03
13:57:41.349 R 09FD02B1 FF B2 01 E6 74 FA FF FF
13:57:41.351 R 09FD02B1 FF B2 01 E6 74 FC FF FF
13:57:41.352 R 09FD02B1 FF B5 01 C1 87 F9 FF FF
13:57:41.386 R 1CFFF001 3B 9F 8C FF 16 1C 22 66
13:57:41.399 R 09F80201 FF FC 00 00 03 00 FF FF
13:57:41.400 R 09F80101 FA 1F 50 1F 69 98 3E 03
13:57:41.401 R 0DF90B01 FF FC FB 01 03 00 FF FF
13:57:41.401 R 19F81401 A0 14 57 38 34 00 00 00
13:57:41.402 R 19F81401 A1 00 00 00 00 00 00 00
13:57:41.403 R 19F81401 A2 00 00 00 57 38 34 00
13:57:41.438 R 09F50373 00 00 00 FF FF 00 FF FF
13:57:41.446 R 11F80E00 00 1C 03 50 53 8F 0E CA
13:57:41.446 R 11F80E00 01 79 3B 03 68 D3 4B 1F
13:57:41.447 R 11F80E00 02 A1 72 9B 05 00 00 00
13:57:41.447 R 11F80E00 03 00 2B 9E EC FF C0 F8
13:57:41.448 R 11F80E00 04 FF FF FF FF FF FF FF
13:57:41.449 R 09FD02B1 FF B3 01 CC 74 FA FF FF
13:57:41.449 R 09FD02B1 FF B3 01 CC 74 FC FF FF
13:57:41.450 R 09FD02B1 FF B5 01 A2 87 F9 FF FF
13:57:41.501 R 09F80101 FA 1F 50 1F 69 98 3E 03
13:57:41.548 R 09FD02B1 FF B3 01 BF 74 FA FF FF
13:57:41.550 R 09FD02B1 FF B3 01 BF 74 FC FF FF
13:57:41.551 R 09FD02B1 FF B6 01 90 87 F9 FF FF
13:57:41.581 R 19FB0200 E0 4C 05 1B E7 96 0E 00
13:57:41.582 R 19FB0200 E1 00 00 00 50 44 36 30
13:57:41.582 R 19FB0200 E2 39 37 40 4E 49 45 55
13:57:41.583 R 19FB0200 E3 57 20 48 4F 52 49 5A
13:57:41.583 R 19FB0200 E4 4F 4E 40 40 40 40 40
13:57:41.584 R 19FB0200 E5 40 40 00 A4 01 5A 00
13:57:41.584 R 19FB0200 E6 14 00 64 00 FF FF FF
13:57:41.585 R 19FB0200 E7 FF FF FF FA 00 3C 2F
13:57:41.586 R 19FB0200 E8 30 37 45 40 40 40 40
13:57:41.586 R 19FB0200 E9 40 40 40 40 40 40 40
13:57:41.587 R 19FB0200 EA 40 40 40 40 3E E0 FF
13:57:41.587 R 09F11273 00 BD 20 FF 7F FF 7F FD
13:57:41.589 R 09F10D73 FF F8 FF FF 0C 02 FF FF
13:57:41.590 R 1CFF4F73 3B 9F 00 FF FF BD 20 FF
13:57:41.590 R 1DEFFF73 20 16 3B 9F F0 81 9C 01
13:57:41.591 R 1DEFFF73 21 18 03 FB 01 03 00 F7
13:57:41.591 R 1DEFFF73 22 FF FF 00 00 00 01 00
13:57:41.592 R 1DEFFF73 23 00 00 FF FF FF FF FF
13:57:41.602 R 09F80201 FF FC 00 00 03 00 FF FF
13:57:41.603 R 0DFE1101 40 0E C0 57 00 00 03 00
13:57:41.603 R 0DFE1101 41 FF FF FF FF FB 01 03
13:57:41.604 R 0DFE1101 42 00 FF FF FF FF FF FF
13:57:41.605 R 09F80101 FA 1F 50 1F 69 98 3E 03
13:57:41.606 R 11F80E00 20 1C 01 AE 7D 09 10 DF
13:57:41.607 R 11F80E00 21 4B 3D 03 9C 46 4F 1F
13:57:41.608 R 11F80E00 22 B9 11 03 61 00 22 86
13:57:41.608 R 11F80E00 23 00 AE 00 00 00 C0 F8
13:57:41.609 R 11F80E00 24 FF FF FF FF FF FF FF
13:57:41.647 R 09FD02B1 FF B4 01 BC 74 FA FF FF
13:57:41.649 R 09FD02B1 FF B4 01 BC 74 FC FF FF
13:57:41.650 R 09FD02B1 FF B6 01 8B 87 F9 FF FF
13:57:41.666 R 09F50373 00 00 00 FF FF 00 FF FF
13:57:41.667 R 1CFF1A73 3B 9F 00 00 FF FF FF FF
13:57:41.693 R 15FD0773 00 C0 53 7A FF 7F FF FF
13:57:41.703 R 0DF90301 FF 7F FF FF FF 7F FF FF
13:57:41.704 R 09F80101 FA 1F 50 1F 69 98 3E 03
13:57:41.705 R 1DFFF001 40 0D 3B 9F 90 FF FF FF
13:57:41.705 R 1DFFF001 41 FF FF FF FF FF 16 01
13:57:41.728 R 15FD0773 00 C0 53 7A FF 7F FF FF
13:57:41.747 R 09FD02B1 FF B4 01 C2 74 FA FF FF
13:57:41.749 R 09FD02B1 FF B4 01 C2 74 FC FF FF
13:57:41.749 R 09FD02B1 FF B7 01 8B 87 F9 FF FF
13:57:41.805 R 09F80201 FF FC 00 00 03 00 FF FF
13:57:41.805 R 09F80101 FA 1F 50 1F 69 98 3E 03
13:57:41.806 R 19FA0301 00 DB 3C 00 5A 00 3E 00
13:57:41.807 R 19FA0601 C0 0F 5B 3B 00 FF FF FF
13:57:41.807 R 19FA0601 C1 FF FF FF FF FF FF FF
13:57:41.808 R 19FA0601 C2 FF FF FF FF FF FF FF
13:57:41.809 R 19FA0B01 C0 0F 5B 03 00 FF FF FF
13:57:41.810 R 19FA0B01 C1 FF FF FF FF FF FF FF
13:57:41.810 R 19FA0B01 C2 FF FF FF FF FF FF FF
13:57:41.846 R 09FD02B1 FF B4 01 CB 74 FA FF FF
13:57:41.848 R 09FD02B1 FF B4 01 CB 74 FC FF FF
13:57:41.849 R 09FD02B1 FF B7 01 97 87 F9 FF FF
13:57:41.906 R 19FA0401 C0 DB 5B FF 12 05 FF 1D
13:57:41.907 R 19FA0401 C1 E5 CD 68 10 00 00 00
13:57:41.907 R 19FA0401 C2 00 F5 07 97 29 22 33
13:57:41.908 R 19FA0401 C3 D8 0E 00 00 00 00 F5
13:57:41.909 R 19FA0401 C4 09 C5 13 AD 3C D8 0E
13:57:41.910 R 19FA0401 C5 00 00 00 00 F5 0B 0B
13:57:41.910 R 19FA0401 C6 11 AC 96 AC 0D 00 00
13:57:41.911 R 19FA0401 C7 00 00 F5 14 5D 10 1F
13:57:41.912 R 19FA0401 C8 BA 74 0E 00 00 00 00
13:57:41.912 R 19FA0401 C9 F5 15 73 32 66 A8 A0
13:57:41.913 R 19FA0401 CA 0F 00 00 00 00 F5 1E
13:57:41.914 R 19FA0401 CB FF 2C 66 7B 04 10 00
13:57:41.914 R 19FA0401 CC 00 00 00 F5 44 80 16
13:57:41.915 R 19FA0401 CD B9 3E B8 0B 00 00 00
13:57:41.916 R 19FA0401 CE 00 F5 45 73 32 F4 0C
13:57:41.917 R 19FA0401 CF A0 0F 00 00 00 00 F5
13:57:41.917 R 19FA0401 D0 46 DD 17 2B CB 04 10
13:57:41.918 R 19FA0401 D1 00 00 00 00 F5 4E FF
13:57:41.919 R 19FA0401 D2 1D D1 24 3C 0F 00 00
13:57:41.919 R 19FA0401 D3 00 00 F5 31 74 14 66
13:57:41.920 R 19FA0401 D4 7B 1C 0C 00 00 00 00
13:57:41.921 R 19FA0401 D5 F5 00 A2 3A AB D2 74
13:57:41.922 R 19FA0401 D6 0E 00 00 00 00 F5 00
13:57:41.922 R 19FA0401 D7 39 28 FD B3 10 0E 00
13:57:41.923 R 19FA0401 D8 00 00 00 F5 00 BA 11
13:57:41.924 R 19FA0401 D9 66 8A 1C 0C 00 00 00
13:57:41.924 R 19FA0401 DA 00 F5 00 2E 17 7F 34
13:57:41.925 R 19FA0401 DB E4 0C 00 00 00 00 F5
13:57:41.926 R 19FA0401 DC 00 51 2C D1 33 10 0E
13:57:41.927 R 19FA0401 DD 00 00 00 00 F5 00 3A
13:57:41.927 R 19FA0401 DE 19 36 CD D8 0E 00 00
13:57:41.928 R 19FA0401 DF 00 00 F5 FF FF FF FF
13:57:41.929 R 09F80101 FA 1F 50 1F 69 98 3E 03
13:57:41.929 R 19F11A01 FF FF FF FF FB 01 FF FF
13:57:41.930 R 1CFF1F01 3B 9F FF FB 01 FF FF FF
13:57:41.946 R 09FD02B1 FF B5 01 CF 74 FA FF FF
13:57:41.947 R 09FD02B1 FF B4 01 CF 74 FC FF FF
13:57:41.948 R 09FD02B1 FF B7 01 97 87 F9 FF FF
13:57:41.981 R 15FB0500 60 18 08 1B E7 96 0E 01
13:57:41.982 R 15FB0500 61 80 00 32 0A C3 2C F2
13:57:41.982 R 15FB0500 62 CB 5C 37 0C F0 AD 07
13:57:41.983 R 15FB0500 63 E0 1F 48 00 FF FF FF
13:57:42.007 R 09F80201 FF FC 00 00 03 00 FF FF
13:57:42.008 R 09F80101 FA 1F 50 1F 69 98 3E 03
13:57:42.020 R 1CFF7400 3B 9F FD 00 00 FF FF FF
13:57:42.045 R 09FD02B1 FF B5 01 CB 74 FA FF FF
13:57:42.047 R 09FD02B1 FF B5 01 CB 74 FC FF FF
13:57:42.048 R 09FD02B1 FF B7 01 98 87 F9 FF FF
13:57:42.072 R 1CFF4F73 3B 9F 00 FF FF BD 20 FF
13:57:42.073 R 1CFF5073 3B 9F 00 FF FF BD 20 FF
13:57:42.073 R 1DEFFF73 40 16 3B 9F F0 81 84 06
13:57:42.074 R 1DEFFF73 41 18 60 42 00 03 00 06
13:57:42.075 R 1DEFFF73 42 FF FF 00 00 00 01 00
13:57:42.075 R 1DEFFF73 43 00 00 FF FF FF FF FF
13:57:42.076 R 09F11273 00 BD 20 FF 7F FF 7F FD
13:57:42.076 R 09F10D73 FF F8 FF FF 0C 02 FF FF
13:57:42.077 R 1CFF0873 3B 9F 00 00 14 00 FF FF
13:57:42.108 R 0DF80501 E0 2B 5C E4 50 48 C1 AA
13:57:42.109 R 0DF80501 E1 19 00 44 9F 13 47 66
13:57:42.110 R 0DF80501 E2 4A 07 00 DA 6C 46 57
13:57:42.111 R 0DF80501 E3 63 C1 00 60 08 6D 02
13:57:42.111 R 0DF80501 E4 00 00 00 00 23 FC 14
13:57:42.112 R 0DF80501 E5 3C 00 FF 7F EE 11 00
13:57:42.114 R 0DF80501 E6 00 00 FF FF FF FF FF
13:57:42.115 R 09F80101 FA 1F 50 1F 69 98 3E 03
13:57:42.116 R 0DF80901 E4 50 48 C1 AA 19 78 00
13:57:42.144 R 09FD02B1 FF B5 01 CB 74 FA FF FF
13:57:42.145 R 09FD02B1 FF B5 01 CB 74 FC FF FF
13:57:42.145 R 09FD02B1 FF B7 01 93 87 F9 FF FF
13:57:42.169 R 11F80E00 40 1C 01 6B 5A 8E 0E C7
13:57:42.169 R 11F80E00 41 27 33 03 9E 77 57 1F
13:57:42.170 R 11F80E00 42 AB FF FF 00 00 9F 08
13:57:42.171 R 11F80E00 43 08 FF FF FF 7F C0 F8
13:57:42.171 R 11F80E00 44 FF FF FF FF FF FF FF
13:57:42.210 R 09F80201 FF FC 00 00 03 00 FF FF
13:57:42.212 R 09F80101 FA 1F 50 1F 69 98 3E 03
13:57:42.100 R 0DF01001 FF FF E4 50 48 C1 AA 19
13:57:42.102 R 11F80F00 00 1B 12 7C 13 8D 0E E7
13:57:42.103 R 11F80F00 01 97 3E 03 9A 1F 50 1F
13:57:42.104 R 11F80F00 02 AB FF FF 00 00 00 00
13:57:42.104 R 11F80F00 03 20 FF FF 00 70 FE FF
13:57:42.117 R 0DF50B73 00 EB 01 00 00 FF FF FF
13:57:42.131 R 09FD02B1 FF B5 01 C1 74 FA FF FF
13:57:42.133 R 09FD02B1 FF B5 01 C1 74 FC FF FF
13:57:42.133 R 09FD02B1 FF B7 01 8D 87 F9 FF FF
13:57:42.152 R 19F51373 60 0E FF FF FF FF FF FF
13:57:42.153 R 19F51373 61 86 85 B0 00 00 00 00
13:57:42.154 R 19F51373 62 00 FF FF FF FF FF FF
13:57:42.154 R 1DFF6773 80 0B 3B 9F 03 00 04 B4
13:57:42.155 R 1DFF6773 81 6E 11 19 09 09 FF FF
13:57:42.156 R 1DFF6773 A0 0B 3B 9F 03 02 04 B4
13:57:42.156 R 1DFF6773 A1 6E 11 19 09 09 FF FF
13:57:42.189 R 19FB1200 20 23 18 B2 D3 8C 0E 24
13:57:42.190 R 19FB1200 21 53 4D 54 46 5A 43 4F
13:57:42.191 R 19FB1200 22 50 45 33 31 36 31 40
13:57:42.191 R 19FB1200 23 6E 00 28 00 28 00 3C
13:57:42.192 R 19FB1200 24 00 00 00 00 00 F3 E0
13:57:42.192 R 19FB1200 25 FF FF FF FF FF FF FF
13:57:42.193 R 1DFF7700 20 1C 3B 9F 18 B2 D3 8C
13:57:42.193 R 1DFF7700 21 0E 01 24 53 4D 54 46
13:57:42.194 R 1DFF7700 22 5A 43 4F 50 45 33 31
13:57:42.194 R 1DFF7700 23 36 31 40 04 50 C0 C0
13:57:42.195 R 1DFF7700 24 FF FF FF FF FF FF FF
13:57:42.198 R 09F80101 FA 1F 50 1F 69 98 3E 03
13:57:42.218 R 11F80F00 20 1B 12 F2 E5 9D 0C 51
13:57:42.219 R 11F80F00 21 D8 2F 03 B6 52 50 1F
13:57:42.219 R 11F80F00 22 AB 8E C1 1A 01 06 00
13:57:42.220 R 11F80F00 23 0E FF FF 00 74 FF FF
13:57:42.230 R 09FD02B1 FF B5 01 C1 74 FA FF FF
13:57:42.231 R 09FD02B1 FF B5 01 C1 74 FC FF FF
13:57:42.231 R 09FD02B1 FF B7 01 89 87 F9 FF FF
13:57:42.252 R 1CFFF001 3B 9F 8C FF 11 1C 37 66
13:57:42.297 R 11F80E00 60 1C 01 12 09 8C 0E 7F
13:57:42.298 R 11F80E00 61 91 3A 03 7B 77 4B 1F
13:57:42.298 R 11F80E00 62 AF 37 B2 00 00 20 41
13:57:42.299 R 09F80201 FF FC 00 00 03 00 FF FF
13:57:42.299 R 11F80E00 63 01 FF FF FF 7F CF F8
13:57:42.300 R 09F80101 FA 1F 50 1F 69 98 3E 03
13:57:42.300 R 11F80E00 64 FF FF FF FF FF FF FF
13:57:42.301 R 0DF90B01 FF FC FB 01 03 00 FF FF
13:57:42.324 R 11F80E00 80 1C 01 C2 D3 8C 0E B4
13:57:42.324 R 11F80E00 81 93 41 03 1C E5 52 1F
13:57:42.325 R 11F80E00 82 AA 6E 28 19 00 CA 08
13:57:42.325 R 11F80E00 83 08 FF FF FF 7F C5 F8
13:57:42.326 R 11F80E00 84 FF FF FF FF FF FF FF
13:57:42.329 R 09FD02B1 FF B5 01 C4 74 FA FF FF
13:57:42.330 R 09FD02B1 FF B5 01 C0 74 FC FF FF
13:57:42.331 R 09FD02B1 FF B7 01 88 87 F9 FF FF
13:57:42.352 R 11F80F00 40 1B 12 1B 75 8B 0E FD
13:57:42.353 R 11F80F00 41 00 38 03 21 28 4A 1F
13:57:42.353 R 11F80F00 42 AA 6B C1 0F 00 06 00
13:57:42.354 R 11F80F00 43 0E FF FF 00 74 FF FF
13:57:42.401 R 09F80101 FA 1F 50 1F 69 98 3E 03
13:57:42.429 R 09FD02B1 FF B4 01 C4 74 FA FF FF
13:57:42.430 R 09FD02B1 FF B4 01 C4 74 FC FF FF
13:57:42.430 R 09FD02B1 FF B7 01 8C 87 F9 FF FF
13:57:42.465 R 1DEFFF73 C0 16 3B 9F F0 81 9C 01
13:57:42.465 R 1DEFFF73 C1 18 03 FB 01 03 00 F7
13:57:42.466 R 1DEFFF73 C2 FF FF 00 00 00 01 00
13:57:42.467 R 1DEFFF73 C3 00 00 FF FF FF FF FF
13:57:42.468 R 09F11273 00 BD 20 FF 7F FF 7F FD
13:57:42.469 R 09F10D73 FF F8 FF FF 0C 02 FF FF
13:57:42.469 R 1CFF4F73 3B 9F 00 FF FF BD 20 FF
13:57:42.479 R 09F50373 00 00 00 FF FF 00 FF FF
13:57:42.501 R 09F80201 FF FC 00 00 03 00 FF FF
13:57:42.502 R 0DFE1101 60 0E C0 58 00 00 03 00
13:57:42.502 R 0DFE1101 61 FF FF FF FF FB 01 03
13:57:42.503 R 0DFE1101 62 00 FF FF FF FF FF FF
13:57:42.504 R 09F80101 FB 1F 50 1F 69 98 3E 03
13:57:42.518 R 1CFF1A73 3B 9F 00 00 FF FF FF FF
13:57:42.520 R 09F50373 00 00 00 FF FF 00 FF FF
13:57:42.528 R 09FD02B1 FF B4 01 CF 74 FA FF FF
13:57:42.530 R 09FD02B1 FF B4 01 CF 74 FC FF FF
13:57:42.531 R 09FD02B1 FF B7 01 98 87 F9 FF FF
13:57:42.538 R 11F80E00 A0 1C 01 CA 71 96 0E 7E
13:57:42.539 R 11F80E00 A1 37 3D 03 BA F0 4F 1F
13:57:42.539 R 11F80E00 A2 A8 00 00 00 00 49 06
13:57:42.540 R 11F80E00 A3 01 FF FF FF 7F C0 F8
13:57:42.540 R 11F80E00 A4 FF FF FF FF FF FF FF
13:57:42.602 R 0DF90301 FF 7F FF FF FF 7F FF FF
13:57:42.603 R 09F80101 FB 1F 50 1F 69 98 3E 03
13:57:42.604 R 1DFFF001 60 0D 3B 9F 90 FF FF FF
13:57:42.604 R 1DFFF001 61 FF FF FF FF FF 18 01
13:57:42.611 R 15FD0773 00 C0 53 7A FF 7F FF FF
13:57:42.628 R 09FD02B1 FF B4 01 DC 74 FA FF FF
13:57:42.628 R 09FD02B1 FF B4 01 DC 74 FC FF FF
13:57:42.629 R 09FD02B1 FF B6 01 A5 87 F9 FF FF
13:57:42.639 R 15FD0773 00 C0 53 7A FF 7F FF FF
13:57:42.700 R 11F80E00 C0 1C 01 8D D5 95 0E ED
13:57:42.701 R 11F80E00 C1 71 46 03 16 F2 56 1F
13:57:42.701 R 11F80E00 C2 AF B2 94 91 01 E4 56
13:57:42.702 R 11F80E00 C3 00 43 93 00 00 C0 F8
13:57:42.703 R 11F80E00 C4 FF FF FF FF FF FF FF
13:57:42.704 R 09F80201 FF FC 00 00 03 00 FF FF
13:57:42.704 R 09F80101 FB 1F 50 1F 69 98 3E 03
13:57:42.705 R 19FA0301 00 DB 3C 00 5A 00 3E 00
13:57:42.706 R 19FA0601 E0 0F 5C 3B 00 FF FF FF
13:57:42.707 R 19FA0601 E1 FF FF FF FF FF FF FF
13:57:42.707 R 19FA0601 E2 FF FF FF FF FF FF FF
13:57:42.708 R 19FA0B01 E0 0F 5C 02 00 FF FF FF
13:57:42.709 R 19FA0B01 E1 FF FF FF FF FF FF FF
13:57:42.709 R 19FA0B01 E2 FF FF FF FF FF FF FF
13:57:42.727 R 09FD02B1 FF B3 01 E8 74 FA FF FF
13:57:42.728 R 09FD02B1 FF B3 01 E8 74 FC FF FF
13:57:42.728 R 09FD02B1 FF B6 01 AF 87 F9 FF FF
13:57:42.805 R 19FA0401 E0 DB 5C FF 12 05 FF 1D
13:57:42.806 R 19FA0401 E1 E5 CD 04 10 00 00 00
13:57:42.807 R 19FA0401 E2 00 F5 07 97 29 22 33
13:57:42.808 R 19FA0401 E3 3C 0F 00 00 00 00 F5
13:57:42.808 R 19FA0401 E4 09 C5 13 AD 3C D8 0E
13:57:42.809 R 19FA0401 E5 00 00 00 00 F5 0B 0B
13:57:42.810 R 19FA0401 E6 11 AC 96 48 0D 00 00
13:57:42.810 R 19FA0401 E7 00 00 F5 14 5D 10 1F
13:57:42.811 R 19FA0401 E8 BA 74 0E 00 00 00 00
13:57:42.812 R 19FA0401 E9 F5 15 73 32 66 A8 04
13:57:42.812 R 19FA0401 EA 10 00 00 00 00 F5 1E
13:57:42.813 R 19FA0401 EB FF 2C 66 7B 04 10 00
13:57:42.814 R 19FA0401 EC 00 00 00 F5 44 80 16
13:57:42.815 R 19FA0401 ED B9 3E B8 0B 00 00 00
13:57:42.815 R 19FA0401 EE 00 F5 45 73 32 F4 0C
13:57:42.816 R 19FA0401 EF A0 0F 00 00 00 00 F5
13:57:42.817 R 19FA0401 F0 46 DD 17 2B CB 04 10
13:57:42.817 R 19FA0401 F1 00 00 00 00 F5 4E FF
13:57:42.818 R 19FA0401 F2 1D D1 24 A0 0F 00 00
13:57:42.819 R 19FA0401 F3 00 00 F5 31 74 14 66
13:57:42.820 R 19FA0401 F4 7B 80 0C 00 00 00 00
13:57:42.820 R 19FA0401 F5 F5 00 A2 3A AB D2 D8
13:57:42.821 R 19FA0401 F6 0E 00 00 00 00 F5 00
13:57:42.822 R 19FA0401 F7 39 28 FD B3 10 0E 00
13:57:42.822 R 19FA0401 F8 00 00 00 F5 00 BA 11
13:57:42.823 R 19FA0401 F9 66 8A 1C 0C 00 00 00
13:57:42.824 R 19FA0401 FA 00 F5 00 2E 17 7F 34
13:57:42.825 R 19FA0401 FB E4 0C 00 00 00 00 F5
13:57:42.825 R 19FA0401 FC 00 51 2C D1 33 10 0E
13:57:42.826 R 19FA0401 FD 00 00 00 00 F5 00 3A
13:57:42.827 R 09FD02B1 FF B2 01 F2 74 FA FF FF
13:57:42.827 R 09FD02B1 FF B3 01 F2 74 FC FF FF
13:57:42.828 R 19FA0401 FE 19 36 CD D8 0E 00 00
13:57:42.828 R 09FD02B1 FF B5 01 B4 87 F9 FF FF
13:57:42.829 R 19FA0401 FF 00 00 F5 FF FF FF FF
13:57:42.830 R 09F80101 FB 1F 50 1F 69 98 3E 03
13:57:42.830 R 19F11A01 FF FF FF FF FB 01 FF FF
13:57:42.831 R 1DF01101 60 EA 7B CF FF FF FF FF
13:57:42.907 R 09F80201 FF FC 00 00 03 00 FF FF
13:57:42.908 R 09F80101 FB 1F 50 1F 69 98 3E 03
13:57:42.926 R 09FD02B1 FF B2 01 F7 74 FA FF FF
13:57:42.927 R 09FD02B1 FF B2 01 F2 74 FC FF FF
13:57:42.927 R 09FD02B1 FF B5 01 B6 87 F9 FF FF
13:57:42.991 R 1CFF4F73 3B 9F 00 FF FF BD 20 FF
13:57:42.992 R 1CFF5073 3B 9F 00 FF FF BD 20 FF
13:57:42.992 R 1DEFFF73 E0 16 3B 9F F0 81 84 06
13:57:42.993 R 1DEFFF73 E1 18 60 42 00 03 00 06
13:57:42.994 R 1DEFFF73 E2 00 00 00 00 00 01 00
13:57:42.994 R 1DEFFF73 E3 00 00 FF FF FF FF FF
13:57:42.995 R 09F11273 00 BD 20 FF 7F FF 7F FD
13:57:42.995 R 09F10D73 FF F8 FF FF 0C 02 FF FF
13:57:42.996 R 1CFF0873 3B 9F 00 00 14 00 FF FF
13:57:43.008 R 0DF80501 00 2B 5D E4 50 36 EC AA
13:57:43.009 R 0DF80501 01 19 00 0E 3A 4F 47 66
13:57:43.009 R 0DF80501 02 4A 07 00 DA 6C 46 57
13:57:43.010 R 0DF80501 03 63 C1 00 20 FB 69 02
13:57:43.011 R 0DF80501 04 00 00 00 00 23 FC 14
13:57:43.012 R 0DF80501 05 3C 00 FF 7F EE 11 00
13:57:43.012 R 0DF80501 06 00 00 FF FF FF FF FF
13:57:43.013 R 09F80101 FB 1F 50 1F 69 98 3E 03
13:57:43.013 R 0DF80901 E4 50 36 EC AA 19 78 00
13:57:43.023 R 1DEFFF73 00 16 3B 9F F0 81 90 00
13:57:43.024 R 1DEFFF73 01 03 60 42 00 03 00 06
13:57:43.024 R 09FD02B1 FF B2 01 F7 74 FA FF FF
13:57:43.025 R 09FD02B1 FF B2 01 F7 74 FC FF FF
13:57:43.025 R 09FD02B1 FF B4 01 BA 87 F9 FF FF
13:57:43.026 R 1DEFFF73 02 E0 01 00 00 00 01 00
13:57:43.027 R 1DEFFF73 03 00 00 FF FF FF FF FF
13:57:43.047 R 11F80F00 60 1B 12 40 9B 94 0E F7
13:57:43.048 R 11F80F00 61 D7 3E 03 BA 22 50 1F
13:57:43.049 R 11F80F00 62 A8 0B 1D 00 00 06 00
13:57:43.049 R 11F80F00 63 0E FF FF 00 74 FF FF
13:57:43.106 R 11F80F00 80 1B 12 7C 13 8D 0E E7
13:57:43.106 R 11F80F00 81 97 3E 03 9A 1F 50 1F
13:57:43.107 R 11F80F00 82 AF FF FF 00 00 00 00
13:57:43.108 R 0DF50B73 00 E8 01 00 00 FF FF FF
13:57:43.108 R 09F80201 FF FC 00 00 03 00 FF FF
13:57:43.109 R 11F80F00 83 20 FF FF 00 70 FE FF
13:57:43.109 R 09F80101 FB 1F 50 1F 69 98 3E 03
13:57:43.300 R 0DF01001 FF FF E4 50 28 F0 AA 19
13:57:43.314 R 09FD02B1 FF B1 01 05 75 FA FF FF
13:57:43.314 R 09FD02B1 FF B1 01 05 75 FC FF FF
13:57:43.315 R 09FD02B1 FF B4 01 C6 87 F9 FF FF
13:57:43.318 R 11F80F00 A0 1B 12 A0 EB 99 0C FB
13:57:43.318 R 11F80F00 A1 27 45 03 72 88 54 1F
13:57:43.319 R 11F80F00 A2 A8 BD BA 10 01 06 00
13:57:43.320 R 11F80F00 A3 06 FF FF 00 74 FF FF
13:57:43.343 R 11F80E00 E0 1C 01 D4 45 8D 0E 47
13:57:43.343 R 11F80E00 E1 41 3B 03 9C B7 4B 1F
13:57:43.344 R 11F80E00 E2 AF E6 7C 05 00 60 86
13:57:43.345 R 11F80E00 E3 08 C2 9A 00 00 C7 F8
13:57:43.345 R 11F80E00 E4 FF FF FF FF FF FF FF
13:57:43.346 R 19F51373 20 0E FF FF FF FF FF FF
13:57:43.346 R 19F51373 21 86 85 B0 00 00 00 00
13:57:43.348 R 19F51373 22 00 FF FF FF FF FF FF
13:57:43.349 R 1DFF6773 40 0B 3B 9F 03 00 04 B4
13:57:43.349 R 1DFF6773 41 6E 11 19 09 09 FF FF
13:57:43.350 R 1DFF6773 60 0B 3B 9F 03 02 04 B4
13:57:43.351 R 1DFF6773 61 6E 11 19 09 09 FF FF
13:57:43.370 R 11F80E00 00 1C 01 1B E7 96 0E 81
13:57:43.370 R 11F80E00 01 22 33 03 4A 45 57 1F
13:57:43.371 R 11F80E00 02 AC FF FF 00 00 D7 08
13:57:43.371 R 11F80E00 03 08 FF FF FF 7F C0 F8
13:57:43.372 R 11F80E00 04 FF FF FF FF FF FF FF
13:57:43.399 R 09F80101 FB 1F 50 1F 69 98 3E 03
13:57:43.413 R 09FD02B1 FF B0 01 47 75 FA FF FF
13:57:43.415 R 09FD02B1 FF B0 01 47 75 FC FF FF
13:57:43.416 R 09FD02B1 FF B3 01 E0 87 F9 FF FF
13:57:43.447 R 1CFFF001 3B 9F 8C FF 0E 1C 41 66
13:57:43.500 R 09F80201 FF FC 00 00 03 00 FF FF
13:57:43.501 R 09F80101 FB 1F 50 1F 69 98 3E 03
13:57:43.502 R 0DF90B01 FF FC FB 01 03 00 FF FF
13:57:43.512 R 09FD02B1 FF AF 01 47 75 FA FF FF
13:57:43.513 R 09FD02B1 FF AF 01 47 75 FC FF FF
13:57:43.514 R 09FD02B1 FF B1 01 04 88 F9 FF FF
13:57:43.531 R 19FB1100 20 1B 18 31 54 8C 0E 53
13:57:43.532 R 19FB1100 21 2F 59 20 42 59 4C 47
13:57:43.532 R 19FB1100 22 49 41 40 40 40 40 40
13:57:43.533 R 19FB1100 23 40 40 40 40 40 E0 FF
13:57:43.533 R 1DFF7600 20 1C 3B 9F 18 31 54 8C
13:57:43.534 R 1DFF7600 21 0E 00 53 2F 59 20 42
13:57:43.534 R 1DFF7600 22 59 4C 47 49 41 40 40
13:57:43.535 R 1DFF7600 23 40 40 40 40 40 40 40
13:57:43.536 R 09F50373 00 00 00 FF FF 00 FF FF
13:57:43.536 R 1DFF7600 24 40 FF FF FF FF FF FF
13:57:43.557 R 11F80E00 20 1C 01 90 73 8B 0E 39
13:57:43.558 R 11F80E00 21 56 3D 03 10 1E 4E 1F
13:57:43.558 R 11F80E00 22 AF FF FF 00 00 E4 56
13:57:43.559 R 11F80E00 23 08 FF FF FF 7F C0 F8
13:57:43.560 R 11F80E00 24 FF FF FF FF FF FF FF
13:57:43.575 R 1CFF1A73 3B 9F 00 00 FF FF FF FF
13:57:43.576 R 09F50373 00 00 00 FF FF 00 FF FF
13:57:43.602 R 09F80101 FB 1F 50 1F 68 98 3E 03
13:57:43.602 R 15FD0773 00 C0 53 7A FF 7F FF FF
13:57:43.612 R 09FD02B1 FF AD 01 94 75 FA FF FF
13:57:43.614 R 09FD02B1 FF AD 01 94 75 FC FF FF
13:57:43.615 R 09FD02B1 FF B0 01 2C 88 F9 FF FF
13:57:43.632 R 15FD0773 00 C0 53 7A FF 7F FF FF
13:57:43.638 R 11F80E00 40 1C 03 E4 71 96 0E F1
13:57:43.638 R 11F80E00 41 53 3D 03 DE 28 4E 1F
13:57:43.639 R 11F80E00 42 AF FF FF 00 00 C3 71
13:57:43.639 R 11F80E00 43 00 07 F2 00 00 CF F8
13:57:43.640 R 11F80E00 44 FF FF FF FF FF FF FF
13:57:43.703 R 09F80201 FF FC 00 00 03 00 FF FF
13:57:43.703 R 0DFE1101 80 0E C0 59 00 00 03 00
13:57:43.704 R 0DFE1101 81 FF FF FF FF FB 01 03
13:57:43.705 R 0DFE1101 82 00 FF FF FF FF FF FF
13:57:43.705 R 09F80101 FB 1F 50 1F 68 98 3E 03
13:57:43.711 R 09FD02B1 FF AC 01 94 75 FA FF FF
13:57:43.712 R 09FD02B1 FF AC 01 94 75 FC FF FF
13:57:43.713 R 09FD02B1 FF AF 01 4F 88 F9 FF FF
13:57:43.799 R 1CFF4F73 3B 9F 00 FF FF BD 20 FF
13:57:43.800 R 1DEFFF73 80 16 3B 9F F0 81 9C 01
13:57:43.801 R 1DEFFF73 81 18 03 01 FF 08 02 F7
13:57:43.802 R 1DEFFF73 82 FF FF 00 00 00 01 00
13:57:43.802 R 1DEFFF73 83 00 00 FF FF FF FF FF
13:57:43.803 R 09F11273 00 BD 20 FF 7F FF 7F FD
13:57:43.804 R 09F10D73 FF F8 FF FF 0C 02 FF FF
13:57:43.804 R 0DF90301 FF 7F FF FF FF 7F FF FF
13:57:43.805 R 09F80101 FB 1F 50 1F 68 98 3E 03
13:57:43.806 R 1DFFF001 80 0D 3B 9F 90 FF FF FF
13:57:43.806 R 1DFFF001 81 FF FF FF FF FF 1A 01
13:57:43.811 R 09FD02B1 FF AB 01 B0 75 FA FF FF
13:57:43.811 R 09FD02B1 FF AB 01 B0 75 FC FF FF
13:57:43.812 R 09FD02B1 FF AD 01 67 88 F9 FF FF
13:57:43.825 R 11F80E00 60 1C 01 80 8A 94 0E C9
13:57:43.826 R 11F80E00 61 23 3B 03 40 B0 4B 1F
13:57:43.826 R 11F80E00 62 B1 20 9C 00 00 0F C0
13:57:43.827 R 11F80E00 63 00 C2 9A 00 00 C0 F8
13:57:43.827 R 11F80E00 64 FF FF FF FF FF FF FF
13:57:43.906 R 09F80201 FF FC 00 00 03 00 FF FF
13:57:43.907 R 09F80101 FB 1F 50 1F 68 98 3E 03
13:57:43.908 R 19FA0301 00 DB 3C 00 5A 00 3E 00
13:57:43.909 R 19FA0601 00 0F 5D 3B 00 FF FF FF
13:57:43.909 R 19FA0601 01 FF FF FF FF FF FF FF
13:57:43.910 R 19FA0601 02 FF FF FF FF FF FF FF
13:57:43.911 R 09FD02B1 FF A9 01 BE 75 FA FF FF
13:57:43.911 R 09FD02B1 FF A9 01 BE 75 FC FF FF
13:57:43.912 R 19FA0B01 00 0F 5D 04 00 FF FF FF
13:57:43.912 R 09FD02B1 FF AC 01 74 88 F9 FF FF
13:57:43.913 R 19FA0B01 01 FF FF FF FF FF FF FF
13:57:43.913 R 1DEFFF73 A0 16 3B 9F F0 81 90 00
13:57:43.914 R 19FA0B01 02 FF FF FF FF FF FF FF
13:57:43.915 R 1DEFFF73 A1 05 1A FB 01 03 00 F7
13:57:43.915 R 1DEFFF73 A2 FF FF 00 00 00 01 00
13:57:43.916 R 1DEFFF73 A3 00 00 FF FF FF FF FF
13:57:43.932 R 11F80E00 80 1C 01 C9 D4 95 0E FC
13:57:43.933 R 11F80E00 81 3B 3D 03 9E F2 4F 1F
13:57:43.933 R 11F80E00 82 AF ED 4D 00 00 D1 C0
13:57:43.934 R 11F80E00 83 08 FF FF FF 7F D0 F8
13:57:43.934 R 11F80E00 84 FF FF FF FF FF FF FF
13:57:44.008 R 19FA0401 00 DB 5D FF 12 05 FF 1D
13:57:44.009 R 19FA0401 01 E5 CD 04 10 00 00 00
13:57:44.010 R 19FA0401 02 00 F5 07 97 29 22 33
13:57:44.010 R 19FA0401 03 3C 0F 00 00 00 00 F5
13:57:44.011 R 09FD02B1 FF A8 01 C7 75 FA FF FF
13:57:44.011 R 09FD02B1 FF A8 01 C7 75 FC FF FF
13:57:44.012 R 19FA0401 04 09 C5 13 AD 3C 74 0E
13:57:44.012 R 09FD02B1 FF AB 01 7A 88 F9 FF FF
13:57:44.013 R 19FA0401 05 00 00 00 00 F5 0B 0B
13:57:44.014 R 19FA0401 06 11 AC 96 48 0D 00 00
13:57:44.014 R 11F80F00 C0 1B 12 D5 4E 8B 0E 35
13:57:44.015 R 11F80F00 C1 DC 43 03 6F 57 59 1F
13:57:44.015 R 11F80F00 C2 B3 C6 04 E7 00 06 00
13:57:44.016 R 11F80F00 C3 0E FF FF 00 74 FF FF
13:57:44.017 R 19FA0401 07 00 00 F5 14 5D 10 1F
13:57:44.017 R 19FA0401 08 BA 74 0E 00 00 00 00
13:57:44.018 R 19FA0401 09 F5 15 73 32 66 A8 04
13:57:44.019 R 19FA0401 0A 10 00 00 00 00 F5 1E
13:57:44.019 R 19FA0401 0B FF 2C 66 7B 04 10 00
13:57:44.020 R 19FA0401 0C 00 00 00 F5 44 80 16
13:57:44.021 R 19FA0401 0D B9 3E 1C 0C 00 00 00
13:57:44.022 R 19FA0401 0E 00 F5 45 73 32 F4 0C
13:57:44.022 R 19FA0401 0F A0 0F 00 00 00 00 F5
13:57:44.023 R 19FA0401 10 46 DD 17 2B CB 04 10
13:57:44.024 R 19FA0401 11 00 00 00 00 F5 4E FF
13:57:44.024 R 19FA0401 12 1D D1 24 A0 0F 00 00
13:57:44.025 R 19FA0401 13 00 00 F5 31 74 14 66
13:57:44.026 R 19FA0401 14 7B 80 0C 00 00 00 00
13:57:44.027 R 19FA0401 15 F5 00 A2 3A AB D2 74
13:57:44.027 R 19FA0401 16 0E 00 00 00 00 F5 00
13:57:44.028 R 19FA0401 17 39 28 FD B3 74 0E 00
13:57:44.029 R 19FA0401 18 00 00 00 F5 00 BA 11
13:57:44.029 R 19FA0401 19 66 8A 1C 0C 00 00 00
13:57:44.030 R 19FA0401 1A 00 F5 00 2E 17 7F 34
13:57:44.031 R 19FA0401 1B 80 0C 00 00 00 00 F5
13:57:44.032 R 19FA0401 1C 00 51 2C D1 33 AC 0D
13:57:44.032 R 19FA0401 1D 00 00 00 00 F5 00 3A
13:57:44.033 R 19FA0401 1E 19 36 CD D8 0E 00 00
13:57:44.034 R 19FA0401 1F 00 00 F5 FF FF FF FF
13:57:44.034 R 09F80101 FC 1F 50 1F 68 98 3E 03
13:57:44.035 R 19F11A01 FF FF FF FF FB 01 FF FF
13:57:44.109 R 09FD02B1 FF A7 01 D3 75 FA FF FF
13:57:44.109 R 09F80201 FF FC 00 00 03 00 FF FF
13:57:44.110 R 09FD02B1 FF A7 01 D3 75 FC FF FF
13:57:44.111 R 09F80101 FC 1F 50 1F 68 98 3E 03
13:57:44.111 R 09FD02B1 FF A9 01 83 88 F9 FF FF
13:57:44.146 R 11F80E00 A0 1C 03 62 4C 96 0E 0C
13:57:44.147 R 11F80E00 A1 7D 28 03 9E 98 45 1F
13:57:44.148 R 11F80E00 A2 B3 B1 A3 53 01 51 30
13:57:44.148 R 11F80E00 A3 08 FF FF FF 7F CF F8
13:57:44.149 R 11F80E00 A4 FF FF FF FF FF FF FF
13:57:44.208 R 09FD02B1 FF A5 01 E7 75 FA FF FF
13:57:44.209 R 09FD02B1 FF A5 01 E7 75 FC FF FF
13:57:44.210 R 09FD02B1 FF A8 01 93 88 F9 FF FF
13:57:44.211 R 0DF80501 20 2B 5E E4 50 5A 13 AB
13:57:44.211 R 0DF80501 21 19 00 D8 D4 8A 47 66
13:57:44.212 R 0DF80501 22 4A 07 00 10 D2 0A 57
13:57:44.213 R 0DF80501 23 63 C1 00 80 74 68 02
13:57:44.213 R 09F11273 00 BD 20 FF 7F FF 7F FD
13:57:44.214 R 0DF80501 24 00 00 00 00 23 FC 14
13:57:44.215 R 09F10D73 FF F8 FF FF 0C 02 FF FF
13:57:44.215 R 0DF80501 25 3C 00 FF 7F EE 11 00
13:57:44.216 R 1CFF0873 3B 9F 00 00 14 00 FF FF
13:57:44.216 R 0DF80501 26 00 00 FF FF FF FF FF
13:57:44.217 R 1CFF4F73 3B 9F 00 FF FF BD 20 FF
13:57:44.217 R 09F80101 FC 1F 50 1F 68 98 3E 03
13:57:44.217 R 1CFF5073 3B 9F 00 FF FF BD 20 FF
13:57:44.218 R 0DF80901 E4 50 5A 13 AB 19 78 00
13:57:44.218 R 1DEFFF73 C0 16 3B 9F F0 81 84 06
13:57:44.219 R 1DEFFF73 C1 18 60 42 00 03 00 06
13:57:44.220 R 1DEFFF73 C2 FF FF 00 00 00 01 00
13:57:44.221 R 1DEFFF73 C3 00 00 FF FF FF FF FF
13:57:44.299 R 11F80F00 E0 1B 12 7C 13 8D 0E E7
13:57:44.300 R 11F80F00 E1 97 3E 03 9A 1F 50 1F
13:57:44.300 R 11F80F00 E2 B3 FF FF 00 00 00 00
13:57:44.301 R 11F80F00 E3 20 FF FF 00 70 FE FF
13:57:44.307 R 09FD02B1 FF A4 01 FF 75 FA FF FF
13:57:44.307 R 09FD02B1 FF A4 01 FF 75 FC FF FF
13:57:44.308 R 09FD02B1 FF A6 01 A8 88 F9 FF FF
13:57:44.310 R 0DF50B73 00 F4 01 00 00 FF FF FF
13:57:44.311 R 09F80201 FF FC 00 00 03 00 FF FF
13:57:44.312 R 09F80101 FC 1F 50 1F 68 98 3E 03
13:57:44.201 R 0DF01001 FF FF E4 50 5A 13 AB 19
13:57:44.236 R 19F51373 E0 0E FF FF FF FF FF FF
13:57:44.236 R 19F51373 E1 86 85 B0 00 00 00 00
13:57:44.237 R 19F51373 E2 00 FF FF FF FF FF FF
13:57:44.238 R 1DFF6773 00 0B 3B 9F 03 00 04 B4
13:57:44.238 R 1DFF6773 01 6E 11 19 09 09 FF FF
13:57:44.239 R 1DFF6773 20 0B 3B 9F 03 02 04 B4
13:57:44.239 R 1DFF6773 21 6E 11 19 09 09 FF FF
13:57:44.294 R 09FD02B1 FF A2 01 17 76 FA FF FF
13:57:44.295 R 09FD02B1 FF A2 01 17 76 FC FF FF
13:57:44.295 R 09FD02B1 FF A5 01 BD 88 F9 FF FF
13:57:44.301 R 09F80101 FC 1F 50 1F 68 98 3E 03
13:57:44.339 R 1CFFF001 3B 9F 8C FF 0E 1C 41 66
13:57:44.393 R 09FD02B1 FF A1 01 30 76 FA FF FF
13:57:44.394 R 09FD02B1 FF A1 01 30 76 FC FF FF
13:57:44.395 R 09FD02B1 FF A3 01 CF 88 F9 FF FF
13:57:44.401 R 09F80201 FF FC 00 00 03 00 FF FF
13:57:44.402 R 09F80101 FC 1F 50 1F 68 98 3E 03
13:57:44.403 R 0DF90B01 FF FC FB 01 03 00 FF FF
13:57:44.422 R 09F50373 00 00 00 FF FF 00 FF FF
13:57:44.436 R 19FB0200 00 4C 05 D6 AF 95 0E 00
13:57:44.437 R 19FB0200 01 00 00 00 50 44 32 38
13:57:44.438 R 19FB0200 02 35 34 40 4C 55 44 4F
13:57:44.438 R 19FB0200 03 56 49 43 41 40 40 40
13:57:44.439 R 19FB0200 04 40 40 40 40 40 40 40
13:57:44.439 R 19FB0200 05 40 40 5A 20 03 50 00
13:57:44.440 R 19FB0200 06 28 00 8A 02 FF FF FF
13:57:44.440 R 19FB0200 07 FF FF FF 00 00 40 40
13:57:44.441 R 19FB0200 08 40 40 40 40 40 40 40
13:57:44.442 R 19FB0200 09 40 40 40 40 40 40 40
13:57:44.442 R 19FB0200 0A 40 40 40 40 3E E0 FF
13:57:44.462 R 1CFF1A73 3B 9F 00 00 FF FF FF FF
13:57:44.462 R 09F50373 00 00 00 FF FF 00 FF FF
13:57:44.488 R 15FD0773 00 C0 53 7A FF 7F FF FF
13:57:44.493 R 09FD02B1 FF 9F 01 45 76 FA FF FF
13:57:44.494 R 09FD02B1 FF 9F 01 45 76 FC FF FF
13:57:44.494 R 09FD02B1 FF A2 01 DF 88 F9 FF FF
13:57:44.507 R 09F80101 FC 1F 50 1F 68 98 3E 03
13:57:44.518 R 15FD0773 00 C0 53 7A FF 7F FF FF
13:57:44.592 R 09FD02B1 FF 9E 01 58 76 FA FF FF
13:57:44.593 R 09FD02B1 FF 9E 01 58 76 FC FF FF
13:57:44.594 R 09FD02B1 FF A0 01 EE 88 F9 FF FF
13:57:44.608 R 09F80201 FF FC 00 00 03 00 FF FF
13:57:44.609 R 0DFE1101 A0 0E C0 5A 00 00 03 00
13:57:44.609 R 0DFE1101 A1 FF FF FF FF FB 01 03
13:57:44.610 R 0DFE1101 A2 00 FF FF FF FF FF FF
13:57:44.611 R 09F80101 FC 1F 50 1F 68 98 3E 03
13:57:44.650 R 11F80F00 00 1B 12 53 C5 8E 0E BB
13:57:44.651 R 11F80F00 01 64 44 03 0B 38 5A 1F
13:57:44.651 R 11F80F00 02 B0 20 B7 44 01 E4 56
13:57:44.652 R 11F80F00 03 00 FF FF 00 70 FE FF
13:57:44.692 R 09FD02B1 FF 9C 01 70 76 FA FF FF
13:57:44.692 R 09FD02B1 FF 9C 01 70 76 FC FF FF
13:57:44.693 R 09FD02B1 FF 9F 01 FE 88 F9 FF FF
13:57:44.709 R 0DF90301 FF 7F FF FF FF 7F FF FF
13:57:44.710 R 09F80101 FC 1F 50 1F 68 98 3E 03
13:57:44.710 R 1DFFF001 A0 0D 3B 9F 90 FF FF FF
13:57:44.711 R 1DFFF001 A1 FF FF FF FF FF 19 01
13:57:44.759 R 1CFF4F73 3B 9F 00 FF FF 66 20 FF
13:57:44.760 R 1DEFFF73 40 16 3B 9F F0 81 9C C1
13:57:44.760 R 1DEFFF73 41 17 03 45 05 67 EC F7
13:57:44.761 R 1DEFFF73 42 FF FF 00 00 00 01 00
13:57:44.761 R 1DEFFF73 43 00 00 FF FF FF FF FF
13:57:44.762 R 09F11273 00 66 20 FF 7F FF 7F FD
13:57:44.763 R 09F10D73 FF F8 FF FF 0C 02 FF FF
13:57:44.785 R 11F80E00 C0 1C 03 50 53 8F 0E 98
13:57:44.786 R 11F80E00 C1 79 3B 03 58 D3 4B 1F
13:57:44.786 R 11F80E00 C2 B1 5A 97 00 00 A0 0F
13:57:44.787 R 11F80E00 C3 08 2B 9E CE FF C0 F8
13:57:44.787 R 11F80E00 C4 FF FF FF FF FF FF FF
13:57:44.791 R 09FD02B1 FF 9B 01 86 76 FA FF FF
13:57:44.792 R 09FD02B1 FF 9B 01 86 76 FC FF FF
13:57:44.792 R 09FD02B1 FF 9D 01 10 89 F9 FF FF
13:57:44.810 R 09F80201 FF FC 00 00 03 00 FF FF
13:57:44.810 R 09F80101 FC 1F 50 1F 68 98 3E 03
13:57:44.811 R 19FA0301 00 DB 3C 00 5A 00 3E 00
13:57:44.812 R 19FA0601 20 0F 5E 3B 00 FF FF FF
13:57:44.812 R 19FA0601 21 FF FF FF FF FF FF FF
13:57:44.813 R 19FA0601 22 FF FF FF FF FF FF FF
13:57:44.814 R 19FA0B01 20 0F 5E 04 00 FF FF FF
13:57:44.814 R 19FA0B01 21 FF FF FF FF FF FF FF
13:57:44.815 R 19FA0B01 22 FF FF FF FF FF FF FF
13:57:44.890 R 11F80E00 E0 1C 01 20 38 95 0E 80
13:57:44.891 R 09FD02B1 FF 9A 01 A1 76 FA FF FF
13:57:44.892 R 09FD02B1 FF 9A 01 A1 76 FC FF FF
13:57:44.892 R 11F80E00 E1 26 3D 03 3E A9 4F 1F
13:57:44.893 R 09FD02B1 FF 9C 01 25 89 F9 FF FF
13:57:44.893 R 11F80E00 E2 B7 FF FF 00 00 9E 86
13:57:44.894 R 11F80E00 E3 08 FF FF FF 7F D0 F8
13:57:44.894 R 11F80E00 E4 FF FF FF FF FF FF FF
13:57:44.911 R 19FA0401 20 DB 5E FF 12 05 FF 1D
13:57:44.911 R 19FA0401 21 E5 CD A0 0F 00 00 00
13:57:44.912 R 19FA0401 22 00 F5 07 97 29 22 33
13:57:44.913 R 19FA0401 23 D8 0E 00 00 00 00 F5
13:57:44.913 R 19FA0401 24 09 C5 13 AD 3C D8 0E
13:57:44.914 R 19FA0401 25 00 00 00 00 F5 0B 0B
13:57:44.915 R 19FA0401 26 11 AC 96 48 0D 00 00
13:57:44.915 R 19FA0401 27 00 00 F5 14 5D 10 1F
13:57:44.916 R 19FA0401 28 BA 10 0E 00 00 00 00
13:57:44.917 R 19FA0401 29 F5 15 73 32 66 A8 04
13:57:44.917 R 19FA0401 2A 10 00 00 00 00 F5 1E
13:57:44.918 R 19FA0401 2B FF 2C 66 7B 04 10 00
13:57:44.918 R 19FA0401 2C 00 00 00 F5 44 80 16
13:57:44.919 R 19FA0401 2D B9 3E 80 0C 00 00 00
13:57:44.920 R 19FA0401 2E 00 F5 45 73 32 F4 0C
13:57:44.920 R 19FA0401 2F 3C 0F 00 00 00 00 F5
13:57:44.921 R 19FA0401 30 46 DD 17 2B CB 04 10
13:57:44.922 R 19FA0401 31 00 00 00 00 F5 4E FF
13:57:44.922 R 19FA0401 32 1D D1 24 04 10 00 00
13:57:44.923 R 19FA0401 33 00 00 F5 31 74 14 66
13:57:44.924 R 19FA0401 34 7B E4 0C 00 00 00 00
13:57:44.924 R 19FA0401 35 F5 00 A2 3A AB D2 74
13:57:44.925 R 19FA0401 36 0E 00 00 00 00 F5 00
13:57:44.926 R 19FA0401 37 39 28 FD B3 74 0E 00
13:57:44.926 R 19FA0401 38 00 00 00 F5 00 BA 11
13:57:44.927 R 19FA0401 39 66 8A 1C 0C 00 00 00
13:57:44.927 R 19FA0401 3A 00 F5 00 2E 17 7F 34
13:57:44.928 R 19FA0401 3B 80 0C 00 00 00 00 F5
13:57:44.929 R 19FA0401 3C 00 51 2C D1 33 AC 0D
13:57:44.929 R 19FA0401 3D 00 00 00 00 F5 00 3A
13:57:44.930 R 19FA0401 3E 19 36 CD D8 0E 00 00
13:57:44.931 R 19FA0401 3F 00 00 F5 FF FF FF FF
13:57:44.931 R 09F80101 FC 1F 50 1F 68 98 3E 03
13:57:44.932 R 19F11A01 FF FF FF FF FB 01 FF FF
13:57:44.990 R 09FD02B1 FF 99 01 BC 76 FA FF FF
13:57:44.991 R 09FD02B1 FF 99 01 BC 76 FC FF FF
13:57:44.991 R 09FD02B1 FF 9B 01 38 89 F9 FF FF
13:57:44.996 R 1CFF7400 3B 9F FD 00 00 FF FF FF
13:57:45.012 R 09F80201 FF FC 00 00 03 00 FF FF
13:57:45.012 R 09F80101 FC 1F 50 1F 68 98 3E 03
13:57:45.024 R 11F80E00 00 1C 01 18 E6 96 0E 85
13:57:45.025 R 11F80E00 01 26 3B 03 CD AC 4B 1F
13:57:45.025 R 11F80E00 02 B1 FE 71 00 00 A3 86
13:57:45.026 R 11F80E00 03 01 C5 22 00 00 D0 F8
13:57:45.027 R 11F80E00 04 FF FF FF FF FF FF FF
13:57:45.089 R 09FD02B1 FF 97 01 CD 76 FA FF FF
13:57:45.090 R 09FD02B1 FF 97 01 CD 76 FC FF FF
13:57:45.091 R 09FD02B1 FF 9A 01 49 89 F9 FF FF
13:57:45.112 R 0DF80501 40 2B 5F E4 50 4C 3A AB
13:57:45.113 R 0DF80501 41 19 00 A2 6F C6 47 66
13:57:45.114 R 0DF80501 42 4A 07 00 10 D2 0A 57
13:57:45.114 R 0DF80501 43 63 C1 00 E0 ED 66 02
13:57:45.115 R 0DF80501 44 00 00 00 00 23 FC 14
13:57:45.116 R 0DF80501 45 3C 00 FF 7F EE 11 00
13:57:45.116 R 0DF80501 46 00 00 FF FF FF FF FF
13:57:45.117 R 09F80101 FD 1F 50 1F 68 98 3E 03
13:57:45.117 R 0DF80901 E4 50 4C 3A AB 19 78 00
13:57:45.131 R 1CFF4F73 3B 9F 00 FF FF 0E 20 FF
13:57:45.132 R 1CFF5073 3B 9F 00 FF FF BD 20 FF
13:57:45.132 R 1DEFFF73 60 16 3B 9F F0 81 84 86
13:57:45.133 R 1DEFFF73 61 17 60 42 00 03 00 06
13:57:45.133 R 1DEFFF73 62 FF FF 00 00 00 01 00
13:57:45.134 R 1DEFFF73 63 00 00 FF FF FF FF FF
13:57:45.135 R 09F11273 00 0E 20 FF 7F FF 7F FD
13:57:45.135 R 09F10D73 FF F8 FF FF 0C 02 FF FF
13:57:45.136 R 1CFF0873 3B 9F 00 00 14 00 FF FF
13:57:45.188 R 09FD02B1 FF 97 01 DA 76 FA FF FF
13:57:45.189 R 09FD02B1 FF 97 01 DA 76 FC FF FF
13:57:45.189 R 09FD02B1 FF 99 01 54 89 F9 FF FF
13:57:45.190 R 11F80F00 20 1B 12 7C 13 8D 0E D6
13:57:45.191 R 11F80F00 21 97 3E 03 9A 1F 50 1F
13:57:45.191 R 11F80F00 22 B7 FF FF 00 00 00 00
13:57:45.192 R 11F80F00 23 20 FF FF 00 70 FE FF
13:57:45.193 R 0DF50B73 00 EE 01 00 00 FF FF FF
13:57:45.212 R 09F80201 FF FC 00 00 03 00 FF FF
13:57:45.213 R 09F80101 FD 1F 50 1F 68 98 3E 03
13:57:45.302 R 0DF01001 FF FF E4 50 5C 3E AB 19
13:57:45.326 R 19F51373 80 0E FF FF FF FF FF FF
13:57:45.327 R 19F51373 81 86 85 B0 00 00 00 00
13:57:45.327 R 19F51373 82 00 FF FF FF FF FF FF
13:57:45.328 R 1DFF6773 A0 0B 3B 9F 03 00 04 B4
13:57:45.329 R 1DFF6773 A1 6E 11 19 09 09 FF FF
13:57:45.329 R 1DFF6773 C0 0B 3B 9F 03 02 04 B4
13:57:45.330 R 1DFF6773 C1 6E 11 19 09 09 FF FF
13:57:45.375 R 09FD02B1 FF 96 01 E8 76 FA FF FF
13:57:45.376 R 09FD02B1 FF 96 01 E8 76 FC FF FF
13:57:45.376 R 09FD02B1 FF 98 01 5C 89 F9 FF FF
13:57:45.400 R 1DEFFF73 E0 16 3B 9F F0 81 90 00
13:57:45.401 R 1DEFFF73 E1 03 09 00 00 03 00 06
13:57:45.402 R 09F80101 FD 1F 50 1F 68 98 3E 03
13:57:45.402 R 1DEFFF73 E2 E0 01 00 00 00 01 00
13:57:45.403 R 1DEFFF73 E3 00 00 FF FF FF FF FF
13:57:45.417 R 1CFFF001 3B 9F 8C FF 11 1C 37 66
13:57:45.420 R 09F50373 00 00 00 FF FF 00 FF FF
13:57:45.458 R 1CFF1A73 3B 9F 00 00 FF FF FF FF
13:57:45.458 R 09F50373 00 00 00 FF FF 00 FF FF
13:57:45.475 R 09FD02B1 FF 95 01 F7 76 FA FF FF
13:57:45.475 R 09FD02B1 FF 95 01 F7 76 FC FF FF
13:57:45.476 R 09FD02B1 FF 97 01 69 89 F9 FF FF
13:57:45.500 R 15FD0773 00 C0 53 7A FF 7F FF FF
13:57:45.502 R 09F80201 FF FC 00 00 03 00 FF FF
13:57:45.502 R 09F80101 FD 1F 50 1F 68 98 3E 03
13:57:45.503 R 0DF90B01 FF FC FB 01 03 00 FF FF
13:57:45.530 R 15FD0773 00 C0 53 7A FF 7F FF FF
13:57:45.574 R 09FD02B1 FF 94 01 0D 77 FA FF FF
13:57:45.575 R 09FD02B1 FF 94 01 0D 77 FC FF FF
13:57:45.575 R 09FD02B1 FF 96 01 7E 89 F9 FF FF
13:57:45.603 R 09F80101 FD 1F 50 1F 68 98 3E 03
13:57:45.619 R 19FB1100 40 1B 18 21 48 98 0E 4D
13:57:45.620 R 19FB1100 41 41 52 49 45 20 4A 4F
13:57:45.620 R 19FB1100 42 53 45 40 40 40 40 40
13:57:45.621 R 19FB1100 43 40 40 40 40 40 E0 FF
13:57:45.621 R 1DFF7600 40 1C 3B 9F 18 21 48 98
13:57:45.622 R 1DFF7600 41 0E 00 4D 41 52 49 45
13:57:45.623 R 1DFF7600 42 20 4A 4F 53 45 40 40
13:57:45.623 R 1DFF7600 43 40 40 40 40 40 40 40
13:57:45.624 R 1DFF7600 44 40 FF FF FF FF FF FF
13:57:45.673 R 09FD02B1 FF 92 01 29 77 FA FF FF
13:57:45.674 R 09FD02B1 FF 92 01 29 77 FC FF FF
13:57:45.675 R 09FD02B1 FF 95 01 97 89 F9 FF FF
13:57:45.703 R 09F80201 FF FC 00 00 03 00 FF FF
13:57:45.704 R 0DFE1101 C0 0E C0 5B 00 00 03 00
13:57:45.705 R 0DFE1101 C1 FF FF FF FF FB 01 03
13:57:45.705 R 0DFE1101 C2 00 FF FF FF FF FF FF
13:57:45.706 R 09F80101 FD 1F 50 1F 68 98 3E 03
13:57:45.773 R 09FD02B1 FF 91 01 3E 77 FA FF FF
13:57:45.775 R 09FD02B1 FF 91 01 3E 77 FC FF FF
13:57:45.775 R 09FD02B1 FF 94 01 A8 89 F9 FF FF
13:57:45.804 R 0DF90301 FF 7F FF FF FF 7F FF FF
13:57:45.805 R 09F80101 FD 1F 50 1F 68 98 3E 03
13:57:45.806 R 1DFFF001 C0 0D 3B 9F 90 FF FF FF
13:57:45.807 R 1DFFF001 C1 FF FF FF FF FF 17 01
13:57:45.817 R 1CFF4F73 3B 9F 00 FF FF 0E 20 FF
13:57:45.818 R 1DEFFF73 00 16 3B 9F F0 81 9C 81
13:57:45.818 R 1DEFFF73 01 17 03 01 FF 08 02 F7
13:57:45.819 R 1DEFFF73 02 FF FF 00 00 00 01 00
13:57:45.819 R 1DEFFF73 03 00 00 FF FF FF FF FF
13:57:45.820 R 09F11273 00 0E 20 FF 7F FF 7F FD
13:57:45.821 R 09F10D73 FF F8 FF FF 0C 02 FF FF
13:57:45.822 R 15FB0500 80 12 08 A0 FF 8B 0E 01
13:57:45.823 R 15FB0500 81 50 00 00 5D 02 8F 39
13:57:45.823 R 15FB0500 82 70 4F 18 60 00 FF FF
13:57:45.872 R 09FD02B1 FF 90 01 44 77 FA FF FF
13:57:45.873 R 09FD02B1 FF 90 01 44 77 FC FF FF
13:57:45.874 R 09FD02B1 FF 93 01 AD 89 F9 FF FF
13:57:45.906 R 09F80201 FF FC 00 00 03 00 FF FF
13:57:45.907 R 09F80101 FD 1F 50 1F 68 98 3E 03
13:57:45.907 R 19FA0301 00 DB 3C 00 5A 00 3E 00
13:57:45.908 R 19FA0601 40 0F 5F 3B 00 FF FF FF
13:57:45.909 R 19FA0601 41 FF FF FF FF FF FF FF
13:57:45.910 R 19FA0601 42 FF FF FF FF FF FF FF
13:57:45.910 R 19FA0B01 40 0F 5F 04 00 FF FF FF
13:57:45.911 R 19FA0B01 41 FF FF FF FF FF FF FF
13:57:45.912 R 19FA0B01 42 FF FF FF FF FF FF FF
13:57:45.970 R 19FB0200 20 4C 05 20 38 95 0E 00
13:57:45.970 R 19FB0200 21 00 00 00 50 46 32 33
13:57:45.971 R 19FB0200 22 32 37 40 41 44 4D 49
13:57:45.971 R 19FB0200 23 52 41 4C 45 4E 47 52
13:57:45.972 R 09FD02B1 FF 8F 01 45 77 FA FF FF
13:57:45.972 R 09FD02B1 FF 8F 01 45 77 FC FF FF
13:57:45.973 R 09FD02B1 FF 92 01 AD 89 F9 FF FF
13:57:45.974 R 19FB0200 24 41 43 48 54 40 40 40
13:57:45.974 R 19FB0200 25 40 40 50 76 02 50 00
13:57:45.975 R 19FB0200 26 14 00 E0 01 FF FF FF
13:57:45.975 R 19FB0200 27 FF FF FF 78 00 52 41
13:57:45.976 R 19FB0200 28 41 4D 53 44 4F 4E 4B
13:57:45.976 R 19FB0200 29 53 56 45 45 52 40 40
13:57:45.977 R 19FB0200 2A 40 40 40 40 3E E1 FF
13:57:46.008 R 19FA0401 40 DB 5F FF 12 05 FF 1D
13:57:46.008 R 19FA0401 41 E5 CD A0 0F 00 00 00
13:57:46.009 R 19FA0401 42 00 F5 07 97 29 22 33
13:57:46.010 R 19FA0401 43 D8 0E 00 00 00 00 F5
13:57:46.010 R 19FA0401 44 09 C5 13 AD 3C 74 0E
13:57:46.011 R 19FA0401 45 00 00 00 00 F5 0B 0B
13:57:46.012 R 19FA0401 46 11 AC 96 AC 0D 00 00
13:57:46.013 R 19FA0401 47 00 00 F5 14 5D 10 1F
13:57:46.013 R 19FA0401 48 BA AC 0D 00 00 00 00
13:57:46.014 R 19FA0401 49 F5 15 73 32 66 A8 04
13:57:46.015 R 19FA0401 4A 10 00 00 00 00 F5 1E
13:57:46.015 R 19FA0401 4B FF 2C 66 7B 04 10 00
13:57:46.016 R 19FA0401 4C 00 00 00 F5 44 80 16
13:57:46.017 R 19FA0401 4D B9 3E 48 0D 00 00 00
13:57:46.017 R 19FA0401 4E 00 F5 45 73 32 F4 0C
13:57:46.018 R 19FA0401 4F 3C 0F 00 00 00 00 F5
13:57:46.019 R 19FA0401 50 46 DD 17 2B CB 68 10
13:57:46.020 R 19FA0401 51 00 00 00 00 F5 4E FF
13:57:46.020 R 19FA0401 52 1D D1 24 A0 0F 00 00
13:57:46.021 R 19FA0401 53 00 00 F5 31 74 14 66
13:57:46.022 R 19FA0401 54 7B 48 0D 00 00 00 00
13:57:46.022 R 19FA0401 55 F5 00 A2 3A AB D2 74
13:57:46.023 R 19FA0401 56 0E 00 00 00 00 F5 00
13:57:46.024 R 19FA0401 57 39 28 FD B3 74 0E 00
13:57:46.025 R 19FA0401 58 00 00 00 F5 00 BA 11
13:57:46.025 R 19FA0401 59 66 8A 1C 0C 00 00 00
13:57:46.026 R 19FA0401 5A 00 F5 00 2E 17 7F 34
13:57:46.027 R 19FA0401 5B 1C 0C 00 00 00 00 F5
13:57:46.027 R 19FA0401 5C 00 51 2C D1 33 AC 0D
13:57:46.028 R 19FA0401 5D 00 00 00 00 F5 00 3A
13:57:46.029 R 19FA0401 5E 19 36 CD 74 0E 00 00
13:57:46.030 R 19FA0401 5F 00 00 F5 FF FF FF FF
13:57:46.030 R 09F80101 FD 1F 50 1F 68 98 3E 03
13:57:46.031 R 19F11A01 FF FF FF FF FB 01 FF FF
13:57:46.071 R 09FD02B1 FF 8E 01 4B 77 FA FF FF
13:57:46.072 R 09FD02B1 FF 8E 01 4B 77 FC FF FF
13:57:46.072 R 09FD02B1 FF 91 01 B6 89 F9 FF FF
13:57:46.109 R 09F80201 FF FC 00 00 03 00 FF FF
13:57:46.110 R 09F80101 FD 1F 50 1F 68 98 3E 03
13:57:46.129 R 11F80F00 40 1B 12 EA FA 9F 0C 00
13:57:46.130 R 11F80F00 41 AF 39 03 AA F5 4A 1F
13:57:46.130 R 11F80F00 42 B8 FF FF 00 00 00 00
13:57:46.131 R 11F80F00 43 08 FF FF 00 70 FE FF
13:57:46.170 R 09FD02B1 FF 8D 01 64 77 FA FF FF
13:57:46.171 R 09FD02B1 FF 8D 01 64 77 FC FF FF
13:57:46.172 R 09FD02B1 FF 90 01 D1 89 F9 FF FF
13:57:46.183 R 11F80E00 20 1C 01 2C 37 95 0E 03
13:57:46.183 R 11F80E00 21 EF 3E 03 64 E8 5C 1F
13:57:46.184 R 11F80E00 22 B1 48 D6 91 01 F5 40
13:57:46.184 R 11F80E00 23 01 B6 D4 00 00 D0 F8
13:57:46.185 R 11F80E00 24 FF FF FF FF FF FF FF
13:57:46.210 R 0DF80501 60 2B 60 E4 50 66 61 AB
13:57:46.211 R 0DF80501 61 19 00 A2 6F C6 47 66
13:57:46.212 R 0DF80501 62 4A 07 00 10 D2 0A 57
13:57:46.212 R 0DF80501 63 63 C1 00 A0 E0 63 02
13:57:46.213 R 0DF80501 64 00 00 00 00 23 FC 14
13:57:46.214 R 0DF80501 65 3C 00 FF 7F EE 11 00
13:57:46.214 R 0DF80501 66 00 00 FF FF FF FF FF
13:57:46.215 R 09F80101 FD 1F 50 1F 68 98 3E 03
13:57:46.215 R 0DF80901 E4 50 66 61 AB 19 78 00
13:57:46.250 R 1CFF4F73 3B 9F 00 FF FF 0E 20 FF
13:57:46.250 R 1CFF5073 3B 9F 00 FF FF BD 20 FF
13:57:46.251 R 1DEFFF73 20 16 3B 9F F0 81 84 86
13:57:46.252 R 1DEFFF73 21 17 60 42 00 03 00 06
13:57:46.252 R 1DEFFF73 22 FF FF 00 00 00 01 00
13:57:46.253 R 1DEFFF73 23 00 00 FF FF FF FF FF
13:57:46.253 R 09F11273 00 0E 20 FF 7F FF 7F FD
13:57:46.254 R 09F10D73 FF F8 FF FF 0C 02 FF FF
13:57:46.255 R 1CFF0873 3B 9F 00 00 14 00 FF FF
13:57:46.269 R 09FD02B1 FF 8C 01 8B 77 FA FF FF
13:57:46.270 R 09FD02B1 FF 8C 01 8B 77 FC FF FF
13:57:46.270 R 09FD02B1 FF 8F 01 FB 89 F9 FF FF
13:57:46.282 R 11F80F00 60 1B 12 7C 13 8D 0E D6
13:57:46.282 R 11F80F00 61 97 3E 03 AB 1F 50 1F
13:57:46.283 R 11F80F00 62 BB FF FF 00 00 00 00
13:57:46.283 R 0DF50B73 00 EE 01 00 00 FF FF FF
13:57:46.284 R 11F80F00 63 20 FF FF 00 70 FE FF
13:57:46.310 R 09F80201 FF FC 00 00 03 00 FF FF
13:57:46.311 R 09F80101 FD 1F 50 1F 68 98 3E 03
13:57:46.300 R 0DF01001 FF FF E4 50 58 65 AB 19
13:57:46.316 R 19F51373 40 0E FF FF FF FF FF FF
13:57:46.317 R 19F51373 41 86 85 B0 00 00 00 00
13:57:46.318 R 19F51373 42 00 FF FF FF FF FF FF
13:57:46.318 R 1DFF6773 60 0B 3B 9F 03 00 04 B4
13:57:46.319 R 1DFF6773 61 6E 11 19 09 09 FF FF
13:57:46.320 R 1DFF6773 80 0B 3B 9F 03 02 04 B4
13:57:46.320 R 1DFF6773 81 6E 11 19 09 09 FF FF
13:57:46.356 R 09FD02B1 FF 8B 01 AE 77 FA FF FF
13:57:46.357 R 09FD02B1 FF 8B 01 AE 77 FC FF FF
13:57:46.358 R 09FD02B1 FF 8E 01 21 8A F9 FF FF
13:57:46.359 R 11F80F00 80 1B 12 4D 63 94 0E 73
13:57:46.359 R 11F80F00 81 44 43 03 CE 29 58 1F
13:57:46.360 R 11F80F00 82 BB 72 6B 06 01 06 00
13:57:46.360 R 11F80F00 83 0E FF FF 00 74 FF FF
13:57:46.399 R 09F80101 FD 1F 50 1F 68 98 3E 03
13:57:46.420 R 1CFFF001 3B 9F 8C FF 15 1C 27 66
13:57:46.437 R 11F80E00 40 1C 01 E9 13 95 0E 2F
13:57:46.438 R 11F80E00 41 C5 2E 03 2A AF 49 1F
13:57:46.439 R 11F80E00 42 BB D4 A0 6D 01 D5 86
13:57:46.439 R 11F80E00 43 08 FF FF FF 7F D5 F8
13:57:46.440 R 11F80E00 44 FF FF FF FF FF FF FF
13:57:46.456 R 09FD02B1 FF 8A 01 BA 77 FA FF FF
13:57:46.458 R 09FD02B1 FF 8A 01 BA 77 FC FF FF
13:57:46.458 R 09FD02B1 FF 8D 01 32 8A F9 FF FF
13:57:46.464 R 11F80F00 A0 1B 12 8C A7 AA 0E B7
13:57:46.465 R 11F80F00 A1 03 45 03 EC 44 55 1F
13:57:46.465 R 11F80F00 A2 B8 C6 0A CD 00 02 C1
13:57:46.466 R 11F80F00 A3 08 FF FF 00 70 FE FF
13:57:46.500 R 09F80201 FF FC 00 00 03 00 FF FF
13:57:46.501 R 09F80101 FE 1F 50 1F 68 98 3E 03
13:57:46.502 R 0DF90B01 FF FC FB 01 03 00 FF FF
13:57:46.517 R 15FB0500 A0 18 08 20 38 95 0E 03
13:57:46.518 R 15FB0500 A1 80 00 32 0A C3 2C 30
13:57:46.519 R 15FB0500 A2 DB 0C 33 13 B0 90 FF
13:57:46.519 R 15FB0500 A3 18 0F 10 00 FF FF FF
13:57:46.555 R 09FD02B1 FF 8A 01 AE 77 FA FF FF
13:57:46.556 R 09FD02B1 FF 8A 01 AE 77 FC FF FF
13:57:46.556 R 09FD02B1 FF 8C 01 28 8A F9 FF FF
13:57:46.598 R 11F80E00 60 1C 03 C4 10 95 0E DC
13:57:46.599 R 11F80E00 61 7C 3A 03 8A 88 4B 1F
13:57:46.599 R 11F80E00 62 AF 95 65 00 00 9A 4B
13:57:46.600 R 11F80E00 63 01 FF FF FF 7F C5 F8
13:57:46.600 R 11F80E00 64 FF FF FF FF FF FF FF
13:57:46.602 R 09F80101 FE 1F 50 1F 67 98 3E 03
13:57:46.654 R 09FD02B1 FF 89 01 8F 77 FA FF FF
13:57:46.655 R 09FD02B1 FF 89 01 8F 77 FC FF FF
13:57:46.656 R 09FD02B1 FF 8B 01 0F 8A F9 FF FF
13:57:46.680 R 09F50373 00 00 00 FF FF 00 FF FF
13:57:46.703 R 09F80201 FF FC 00 00 03 00 FF FF
13:57:46.704 R 0DFE1101 E0 0E C0 5C 00 00 03 00
13:57:46.704 R 0DFE1101 E1 FF FF FF FF FB 01 03
13:57:46.705 R 0DFE1101 E2 00 FF FF FF FF FF FF
13:57:46.706 R 09F80101 FE 1F 50 1F 67 98 3E 03
13:57:46.720 R 1CFF1A73 3B 9F 00 00 FF FF FF FF
13:57:46.721 R 09F50373 00 00 00 FF FF 00 FF FF
13:57:46.742 R 09F11273 00 0E 20 FF 7F FF 7F FD
13:57:46.743 R 09F10D73 FF F8 FF FF 0C 02 FF FF
13:57:46.743 R 1CFF4F73 3B 9F 00 FF FF 0E 20 FF
13:57:46.744 R 1DEFFF73 A0 16 3B 9F F0 81 9C 81
13:57:46.744 R 1DEFFF73 A1 17 03 00 00 49 EC F7
13:57:46.745 R 1DEFFF73 A2 FF FF 00 00 00 01 00
13:57:46.746 R 1DEFFF73 A3 00 00 FF FF FF FF FF
13:57:46.754 R 09FD02B1 FF 88 01 6E 77 FA FF FF
13:57:46.755 R 09FD02B1 FF 88 01 6E 77 FC FF FF
13:57:46.755 R 09FD02B1 FF 8A 01 F6 89 F9 FF FF
13:57:46.804 R 0DF90301 FF 7F FF FF FF 7F FF FF
13:57:46.805 R 09F80101 FE 1F 50 1F 67 98 3E 03
13:57:46.806 R 1DFFF001 E0 0D 3B 9F 90 FF FF FF
13:57:46.806 R 1DFFF001 E1 FF FF FF FF FF 14 01
13:57:46.816 R 15FD0773 00 C0 53 7A FF 7F FF FF
13:57:46.847 R 15FD0773 00 C0 53 7A FF 7F FF FF
13:57:46.853 R 09FD02B1 FF 87 01 59 77 FA FF FF
13:57:46.854 R 09FD02B1 FF 87 01 59 77 FC FF FF
13:57:46.855 R 09FD02B1 FF 89 01 E8 89 F9 FF FF
13:57:46.905 R 09F80201 FF FC 00 00 03 00 FF FF
13:57:46.906 R 09F80101 FE 1F 50 1F 67 98 3E 03
13:57:46.909 R 19FA0301 00 DB 3C 00 5A 00 3E 00
13:57:46.910 R 19FA0601 60 0F 60 3B 00 FF FF FF
13:57:46.911 R 19FA0601 61 FF FF FF FF FF FF FF
13:57:46.911 R 19FA0601 62 FF FF FF FF FF FF FF
13:57:46.912 R 19FA0B01 60 0F 60 04 00 FF FF FF
13:57:46.913 R 19FA0B01 61 FF FF FF FF FF FF FF
13:57:46.913 R 19FA0B01 62 FF FF FF FF FF FF FF
13:57:46.953 R 09FD02B1 FF 86 01 58 77 FA FF FF
13:57:46.953 R 09FD02B1 FF 86 01 58 77 FC FF FF
13:57:46.954 R 09FD02B1 FF 89 01 EA 89 F9 FF FF
13:57:47.011 R 19FA0401 60 DB 60 FF 12 05 FF 1D
13:57:47.012 R 19FA0401 61 E5 CD 04 10 00 00 00
13:57:47.012 R 19FA0401 62 00 F5 07 97 29 22 33
13:57:47.013 R 19FA0401 63 D8 0E 00 00 00 00 F5
13:57:47.014 R 19FA0401 64 09 C5 13 AD 3C 10 0E
13:57:47.014 R 19FA0401 65 00 00 00 00 F5 0B 5D
13:57:47.015 R 19FA0401 66 10 AC 96 AC 0D 00 00
13:57:47.016 R 19FA0401 67 00 00 F5 14 5D 10 1F
13:57:47.017 R 19FA0401 68 BA 74 0E 00 00 00 00
13:57:47.017 R 19FA0401 69 F5 15 73 32 66 A8 A0
13:57:47.018 R 19FA0401 6A 0F 00 00 00 00 F5 1E
13:57:47.019 R 19FA0401 6B FF 2C 66 7B A0 0F 00
13:57:47.019 R 19FA0401 6C 00 00 00 F5 44 80 16
13:57:47.020 R 19FA0401 6D B9 3E 10 0E 00 00 00
13:57:47.021 R 19FA0401 6E 00 F5 45 73 32 F4 0C
13:57:47.021 R 19FA0401 6F 3C 0F 00 00 00 00 F5
13:57:47.022 R 19FA0401 70 46 DD 17 2B CB 04 10
13:57:47.023 R 19FA0401 71 00 00 00 00 F5 4E FF
13:57:47.023 R 19FA0401 72 1D D1 24 3C 0F 00 00
13:57:47.024 R 19FA0401 73 00 00 F5 31 74 14 66
13:57:47.025 R 19FA0401 74 7B E4 0C 00 00 00 00
13:57:47.025 R 19FA0401 75 F5 00 A2 3A AB D2 74
13:57:47.026 R 19FA0401 76 0E 00 00 00 00 F5 00
13:57:47.027 R 19FA0401 77 39 28 FD B3 AC 0D 00
13:57:47.028 R 19FA0401 78 00 00 00 F5 00 BA 11
13:57:47.028 R 19FA0401 79 66 8A 1C 0C 00 00 00
13:57:47.029 R 19FA0401 7A 00 F5 00 2E 17 7F 34
13:57:47.030 R 19FA0401 7B 1C 0C 00 00 00 00 F5
13:57:47.030 R 19FA0401 7C 00 51 2C D1 33 AC 0D
13:57:47.031 R 19FA0401 7D 00 00 00 00 F5 00 3A
13:57:47.032 R 19FA0401 7E 19 36 CD 74 0E 00 00
13:57:47.032 R 19FA0401 7F 00 00 F5 FF FF FF FF
13:57:47.033 R 09F80101 FE 1F 50 1F 67 98 3E 03
13:57:47.034 R 19F11A01 FF FF FF FF FB 01 FF FF
13:57:47.052 R 09FD02B1 FF 85 01 60 77 FA FF FF
13:57:47.053 R 09FD02B1 FF 85 01 60 77 FC FF FF
13:57:47.053 R 09FD02B1 FF 88 01 F9 89 F9 FF FF
13:57:47.080 R 11F80E00 80 1C 01 A5 04 8E 0E 23
13:57:47.081 R 11F80E00 81 B8 3D 03 6F 54 4D 1F
13:57:47.081 R 11F80E00 82 BC FF FF 00 00 BB C0
13:57:47.082 R 11F80E00 83 08 FF FF FF 7F C0 F8
13:57:47.083 R 11F80E00 84 FF FF FF FF FF FF FF
13:57:47.112 R 09F80201 FF FC 00 00 03 00 FF FF
13:57:47.113 R 09F80101 FE 1F 50 1F 67 98 3E 03
13:57:47.152 R 09FD02B1 FF 84 01 6B 77 FA FF FF
13:57:47.153 R 09FD02B1 FF 84 01 6B 77 FC FF FF
13:57:47.154 R 09FD02B1 FF 87 01 0D 8A F9 FF FF
13:57:47.161 R 11F80F00 C0 1B 12 02 84 97 0E AC
13:57:47.161 R 11F80F00 C1 99 43 03 BF 3F 58 1F
13:57:47.162 R 11F80F00 C2 BC 78 72 F6 00 F0 86
13:57:47.162 R 11F80F00 C3 01 FF FF 00 70 FE FF
13:57:47.213 R 0DF80501 80 2B 61 E4 50 76 88 AB
13:57:47.214 R 0DF80501 81 19 00 6C 0A 02 48 66
13:57:47.215 R 0DF80501 82 4A 07 00 46 37 CF 56
13:57:47.215 R 0DF80501 83 63 C1 00 A0 E0 63 02
13:57:47.216 R 0DF80501 84 00 00 00 00 23 FC 14
13:57:47.217 R 0DF80501 85 3C 00 FF 7F EE 11 00
13:57:47.218 R 0DF80501 86 00 00 FF FF FF FF FF
13:57:47.219 R 09F80101 FE 1F 50 1F 67 98 3E 03
13:57:47.219 R 0DF80901 E4 50 76 88 AB 19 78 00
13:57:47.251 R 09FD02B1 FF 83 01 75 77 FA FF FF
13:57:47.252 R 09FD02B1 FF 83 01 75 77 FC FF FF
13:57:47.252 R 09FD02B1 FF 86 01 1D 8A F9 FF FF
13:57:47.269 R 1CFF4F73 3B 9F 00 FF FF 0E 20 FF
13:57:47.269 R 1CFF5073 3B 9F 00 FF FF BD 20 FF
13:57:47.270 R 1DEFFF73 C0 16 3B 9F F0 81 84 86
13:57:47.270 R 1DEFFF73 C1 17 60 42 00 03 00 06
13:57:47.271 R 1DEFFF73 C2 FF FF 00 00 00 01 00
13:57:47.272 R 1DEFFF73 C3 00 00 FF FF FF FF FF
13:57:47.272 R 09F11273 00 0E 20 FF 7F FF 7F FD
13:57:47.273 R 09F10D73 FF F8 FF FF 0C 02 FF FF
13:57:47.274 R 1CFF0873 3B 9F 00 00 14 00 FF FF
13:57:47.274 R 11F80F00 E0 1B 12 7C 13 8D 0E D6
13:57:47.275 R 11F80F00 E1 97 3E 03 AB 1F 50 1F
13:57:47.275 R 11F80F00 E2 BF FF FF 05 00 00 00
13:57:47.276 R 11F80F00 E3 20 FF FF 00 70 FE FF
13:57:47.315 R 09F80201 FF FC 00 00 03 00 FF FF
13:57:47.315 R 09F80101 FE 1F 50 1F 67 98 3E 03
13:57:47.300 R 0DF01001 FF FF E4 50 68 8C AB 19
13:57:47.304 R 19F51373 E0 0E FF FF FF FF FF FF
13:57:47.305 R 19F51373 E1 86 85 B0 00 00 00 00
13:57:47.305 R 19F51373 E2 00 FF FF FF FF FF FF
13:57:47.306 R 1DFF6773 00 0B 3B 9F 03 00 04 B4
13:57:47.307 R 19FB0200 40 4C 05 12 09 8C 0E 00
13:57:47.307 R 19FB0200 41 00 00 00 50 47 32 31
13:57:47.308 R 19FB0200 42 38 35 20 57 41 44 44
13:57:47.308 R 19FB0200 43 45 4E 5A 45 45 20 20
13:57:47.309 R 19FB0200 44 20 20 20 20 20 20 20
13:57:47.309 R 19FB0200 45 20 20 3C 2C 01 3C 00
13:57:47.310 R 19FB0200 46 28 00 96 00 FF FF FF
13:57:47.311 R 19FB0200 47 FF FF FF 64 00 40 40
13:57:47.311 R 19FB0200 48 40 40 40 40 40 40 40
13:57:47.312 R 19FB0200 49 40 40 40 40 40 40 40
13:57:47.312 R 19FB0200 4A 40 40 40 40 05 E0 FF
13:57:47.313 R 1DFF6773 01 6E 11 19 09 09 FF FF
13:57:47.313 R 1DFF6773 20 0B 3B 9F 03 02 04 B4
13:57:47.315 R 1DFF6773 21 6E 11 19 09 09 FF FF
13:57:47.334 R 09FD02B1 FF 82 01 76 77 FA FF FF
13:57:47.336 R 09FD02B1 FF 82 01 76 77 FC FF FF
13:57:47.337 R 09FD02B1 FF 85 01 24 8A F9 FF FF
13:57:47.400 R 09F80101 FF 1F 50 1F 67 98 3E 03
13:57:47.409 R 1CFFF001 3B 9F 8C FF 26 1C F5 65
13:57:47.434 R 09FD02B1 FF 81 01 72 77 FA FF FF
13:57:47.434 R 09FD02B1 FF 81 01 72 77 FC FF FF
13:57:47.435 R 09FD02B1 FF 84 01 25 8A F9 FF FF
13:57:47.439 R 19FB1200 40 23 18 EC 73 8B 0E 24
13:57:47.439 R 19FB1200 41 53 52 54 4A 4C 44 49
13:57:47.440 R 19FB1200 42 50 49 36 36 36 36 40
13:57:47.440 R 19FB1200 43 8C 00 28 00 1E 00 78
13:57:47.441 R 19FB1200 44 00 00 00 00 00 F3 E0
13:57:47.442 R 19FB1200 45 FF FF FF FF FF FF FF
13:57:47.442 R 1DFF7700 40 1C 3B 9F 18 EC 73 8B
13:57:47.443 R 1DFF7700 41 0E 01 24 53 52 54 4A
13:57:47.443 R 1DFF7700 42 4C 44 49 50 49 36 36
13:57:47.444 R 1DFF7700 43 36 36 40 43 20 80 C1
13:57:47.444 R 1DFF7700 44 FF FF FF FF FF FF FF
13:57:47.501 R 09F80201 FF FC 00 00 03 00 FF FF
13:57:47.502 R 09F80101 FF 1F 50 1F 67 98 3E 03
13:57:47.502 R 0DF90B01 FF FC FB 01 03 00 FF FF
13:57:47.510 R 0DF50B73 00 EE 01 00 00 FF FF FF
13:57:47.533 R 09FD02B1 FF 80 01 6A 77 FA FF FF
13:57:47.534 R 09FD02B1 FF 80 01 6A 77 FC FF FF
13:57:47.534 R 09FD02B1 FF 83 01 24 8A F9 FF FF
13:57:47.550 R 1DEFFF73 40 16 3B 9F F0 81 90 00
13:57:47.551 R 1DEFFF73 41 03 A2 00 FF 08 02 F7
13:57:47.551 R 1DEFFF73 42 FF FF 00 00 00 01 00
13:57:47.552 R 1DEFFF73 43 00 00 FF FF FF FF FF
13:57:47.573 R 11F80E00 A0 1C 01 B3 39 95 0E 40
13:57:47.574 R 11F80E00 A1 FB 3E 03 81 CF 51 1F
13:57:47.574 R 11F80E00 A2 BD EE 11 B0 01 E4 56
13:57:47.575 R 11F80E00 A3 08 5C 10 00 00 C0 F8
13:57:47.575 R 11F80E00 A4 FF FF FF FF FF FF FF
13:57:47.602 R 09F80101 FF 1F 50 1F 67 98 3E 03
13:57:47.633 R 09FD02B1 FF 7F 01 62 77 FA FF FF
13:57:47.633 R 09FD02B1 FF 7F 01 62 77 FC FF FF
13:57:47.634 R 09FD02B1 FF 82 01 23 8A F9 FF FF
13:57:47.703 R 09F80201 FF FC 00 00 03 00 FF FF
13:57:47.704 R 0DFE1101 00 0E C0 5D 00 00 03 00
13:57:47.705 R 0DFE1101 01 FF FF FF FF FB 01 03
13:57:47.705 R 0DFE1101 02 00 FF FF FF FF FF FF
13:57:47.706 R 09F80101 FF 1F 50 1F 67 98 3E 03
13:57:47.732 R 09FD02B1 FF 7E 01 58 77 FA FF FF
13:57:47.733 R 09FD02B1 FF 7E 01 58 77 FC FF FF
13:57:47.733 R 09FD02B1 FF 81 01 21 8A F9 FF FF
13:57:47.758 R 09F11273 00 66 20 FF 7F FF 7F FD
13:57:47.758 R 09F10D73 FF F8 FF FF 0C 02 FF FF
13:57:47.759 R 1CFF4F73 3B 9F 00 FF FF 66 20 FF
13:57:47.761 R 1DEFFF73 60 16 3B 9F F0 81 9C C1
13:57:47.761 R 1DEFFF73 61 17 03 45 05 67 EB F7
13:57:47.762 R 1DEFFF73 62 FF FF 00 00 00 01 00
13:57:47.762 R 1DEFFF73 63 00 00 FF FF FF FF FF
13:57:47.789 R 09F50373 00 00 00 FF FF 00 FF FF
13:57:47.804 R 0DF90301 FF 7F FF FF FF 7F FF FF
13:57:47.805 R 09F80101 FF 1F 50 1F 67 98 3E 03
13:57:47.806 R 1DFFF001 00 0D 3B 9F 90 FF FF FF
13:57:47.807 R 1DFFF001 01 FF FF FF FF FF 10 01
13:57:47.829 R 1CFF1A73 3B 9F 00 00 FF FF FF FF
13:57:47.830 R 09F50373 00 00 00 FF FF 00 FF FF
13:57:47.831 R 09FD02B1 FF 7E 01 4B 77 FA FF FF
13:57:47.833 R 09FD02B1 FF 7E 01 4B 77 FC FF FF
13:57:47.834 R 09FD02B1 FF 80 01 1B 8A F9 FF FF
13:57:47.870 R 15FB0500 C0 18 08 D6 AF 95 0E 01
13:57:47.871 R 15FB0500 C1 80 00 32 0A C3 2C B0
13:57:47.871 R 15FB0500 C2 D3 0D B4 19 00 A0 FA
13:57:47.872 R 15FB0500 C3 55 00 00 00 FF FF FF
13:57:47.905 R 1DEFFF73 80 16 3B 9F F0 81 86 41
13:57:47.905 R 1DEFFF73 81 07 F8 00 00 00 00 00
13:57:47.906 R 09F80201 FF FC 00 00 03 00 FF FF
13:57:47.906 R 1DEFFF73 82 00 00 00 00 00 01 00
13:57:47.907 R 09F80101 FF 1F 50 1F 66 98 3E 03
13:57:47.908 R 1DEFFF73 83 00 00 FF FF FF FF FF
13:57:47.908 R 19FA0301 00 DB 3C 00 5A 00 3E 00
13:57:47.909 R 19FA0601 80 0F 61 3B 00 FF FF FF
13:57:47.910 R 19FA0601 81 FF FF FF FF FF FF FF
13:57:47.910 R 19FA0601 82 FF FF FF FF FF FF FF
13:57:47.911 R 19FA0B01 80 0F 61 04 00 FF FF FF
13:57:47.912 R 19FA0B01 81 FF FF FF FF FF FF FF
13:57:47.912 R 19FA0B01 82 FF FF FF FF FF FF FF
13:57:47.931 R 09FD02B1 FF 7D 01 3E 77 FA FF FF
13:57:47.931 R 09FD02B1 FF 7D 01 3E 77 FC FF FF
13:57:47.932 R 09FD02B1 FF 80 01 15 8A F9 FF FF
13:57:47.956 R 09F11273 00 BD 20 FF 7F FF 7F FD
13:57:47.956 R 09F10D73 FF F8 FF FF 0C 02 FF FF
13:57:47.957 R 1CFF0873 3B 9F 00 00 14 00 FF FF
13:57:47.958 R 1CFF4F73 3B 9F 00 FF FF BD 20 FF
13:57:47.959 R 1CFF5073 3B 9F 00 FF FF 6C 21 FF
13:57:47.959 R 1DEFFF73 A0 16 3B 9F F0 81 84 06
13:57:47.960 R 1DEFFF73 A1 18 62 42 00 03 00 06
13:57:47.961 R 1DEFFF73 A2 00 00 00 00 00 01 00
13:57:47.961 R 1DEFFF73 A3 00 00 FF FF FF FF FF
13:57:47.974 R 19FB1100 60 1B 18 C0 2B 8B 0E 53
13:57:47.974 R 19FB1100 61 43 48 4F 42 42 45 4A
13:57:47.975 R 19FB1100 62 41 4B 40 40 40 40 40
13:57:47.975 R 19FB1100 63 40 40 40 40 40 E0 FF
13:57:47.976 R 1DFF7600 60 1C 3B 9F 18 C0 2B 8B
13:57:47.976 R 1DFF7600 61 0E 00 53 43 48 4F 42
13:57:47.977 R 1DFF7600 62 42 45 4A 41 4B 40 40
13:57:47.978 R 1DFF7600 63 40 40 40 40 40 40 40
13:57:47.978 R 1DFF7600 64 40 FF FF FF FF FF FF
13:57:48.007 R 19FA0401 80 DB 61 FF 12 05 FF 1D
13:57:48.008 R 19FA0401 81 E5 CD 04 10 00 00 00
13:57:48.009 R 19FA0401 82 00 F5 07 97 29 22 33
13:57:48.010 R 19FA0401 83 74 0E 00 00 00 00 F5
13:57:48.010 R 19FA0401 84 09 C5 13 AD 3C 74 0E
13:57:48.011 R 19FA0401 85 00 00 00 00 F5 0B 5D
13:57:48.012 R 19FA0401 86 10 AC 96 48 0D 00 00
13:57:48.012 R 19FA0401 87 00 00 F5 14 0B 11 1F
13:57:48.013 R 19FA0401 88 BA D8 0E 00 00 00 00
13:57:48.014 R 19FA0401 89 F5 15 73 32 66 A8 A0
13:57:48.014 R 19FA0401 8A 0F 00 00 00 00 F5 1E
13:57:48.015 R 19FA0401 8B FF 2C 66 7B 04 10 00
13:57:48.016 R 19FA0401 8C 00 00 00 F5 44 80 16
13:57:48.016 R 19FA0401 8D B9 3E AC 0D 00 00 00
13:57:48.017 R 19FA0401 8E 00 F5 45 73 32 F4 0C
13:57:48.018 R 19FA0401 8F A0 0F 00 00 00 00 F5
13:57:48.018 R 19FA0401 90 46 DD 17 2B CB A0 0F
13:57:48.019 R 19FA0401 91 00 00 00 00 F5 4E FF
13:57:48.020 R 19FA0401 92 1D D1 24 D8 0E 00 00
13:57:48.021 R 19FA0401 93 00 00 F5 31 74 14 66
13:57:48.021 R 19FA0401 94 7B 80 0C 00 00 00 00
13:57:48.022 R 19FA0401 95 F5 00 A2 3A AB D2 D8
13:57:48.023 R 19FA0401 96 0E 00 00 00 00 F5 00
13:57:48.023 R 19FA0401 97 39 28 FD B3 48 0D 00
13:57:48.024 R 19FA0401 98 00 00 00 F5 00 BA 11
13:57:48.025 R 19FA0401 99 66 8A 1C 0C 00 00 00
13:57:48.025 R 19FA0401 9A 00 F5 00 2E 17 7F 34
13:57:48.026 R 19FA0401 9B 80 0C 00 00 00 00 F5
13:57:48.027 R 19FA0401 9C 00 51 2C D1 33 AC 0D
13:57:48.028 R 19FA0401 9D 00 00 00 00 F5 00 3A
13:57:48.029 R 19FA0401 9E 19 36 CD 74 0E 00 00
13:57:48.030 R 19FA0401 9F 00 00 F5 FF FF FF FF
13:57:48.030 R 09FD02B1 FF 7D 01 35 77 FA FF FF
13:57:48.031 R 09F80101 FF 1F 50 1F 66 98 3E 03
13:57:48.031 R 09FD02B1 FF 7D 01 35 77 FC FF FF
13:57:48.032 R 09FD02B1 FF 80 01 11 8A F9 FF FF
13:57:48.033 R 19F11A01 FF FF FF FF FB 01 FF FF
13:57:48.062 R 15FD0773 00 C0 53 7A FF 7F FF FF
13:57:48.066 R 1CFF7400 3B 9F FD 00 00 FF FF FF
13:57:48.090 R 15FD0773 00 C0 53 7A FF 7F FF FF
13:57:48.109 R 09F80201 FF FC 00 00 03 00 FF FF
13:57:48.109 R 09F80101 FF 1F 50 1F 66 98 3E 03
13:57:48.130 R 09FD02B1 FF 7D 01 30 77 FA FF FF
13:57:48.130 R 09FD02B1 FF 7D 01 30 77 FC FF FF
13:57:48.131 R 09FD02B1 FF 7F 01 12 8A F9 FF FF
13:57:48.163 R 11F80E00 C0 1C 01 91 72 96 0E 6A
13:57:48.164 R 11F80E00 C1 97 41 03 1D E2 52 1F
13:57:48.164 R 11F80E00 C2 C7 83 9B 00 00 16 87
13:57:48.165 R 11F80E00 C3 09 FF FF FF 7F CF F8
13:57:48.165 R 11F80E00 C4 FF FF FF FF FF FF FF
13:57:48.210 R 0DF80501 A0 2B 62 E4 50 A4 AF AB
13:57:48.210 R 0DF80501 A1 19 00 36 A5 3D 48 66
13:57:48.211 R 0DF80501 A2 4A 07 00 7C 9C 93 56
13:57:48.212 R 0DF80501 A3 63 C1 00 00 5A 62 02
13:57:48.213 R 0DF80501 A4 00 00 00 00 23 FC 14
13:57:48.213 R 0DF80501 A5 3C 00 FF 7F EE 11 00
13:57:48.214 R 0DF80501 A6 00 00 FF FF FF FF FF
13:57:48.215 R 09F80101 FF 1F 50 1F 66 98 3E 03
13:57:48.215 R 0DF80901 E4 50 A4 AF AB 19 78 00
13:57:48.229 R 09FD02B1 FF 7D 01 2C 77 FA FF FF
13:57:48.230 R 09FD02B1 FF 7D 01 2C 77 FC FF FF
13:57:48.230 R 09FD02B1 FF 7F 01 15 8A F9 FF FF
13:57:48.262 R 11F80F00 00 1B 12 7C 13 8D 0E D6
13:57:48.263 R 11F80F00 01 97 3E 03 AB 1F 50 1F
13:57:48.263 R 11F80F00 02 C3 FF FF 00 00 00 00
13:57:48.264 R 11F80F00 03 20 FF FF 00 70 FE FF
13:57:48.275 R 0DF50B73 00 F4 01 00 00 FF FF FF
13:57:48.308 R 19F51373 C0 0E FF FF FF FF FF FF
13:57:48.308 R 19F51373 C1 86 85 B0 00 00 00 00
13:57:48.309 R 19F51373 C2 00 FF FF FF FF FF FF
13:57:48.310 R 1DFF6773 E0 0B 3B 9F 03 00 04 B4
13:57:48.310 R 1DFF6773 E1 6E 11 19 09 09 FF FF
13:57:48.311 R 1DFF6773 00 0B 3B 9F 03 02 04 B4
13:57:48.311 R 09F80201 FF FC 00 00 03 00 FF FF
13:57:48.312 R 1DFF6773 01 6E 11 19 09 09 FF FF
13:57:48.313 R 09F80101 FF 1F 50 1F 66 98 3E 03
13:57:48.202 R 0DF01001 FF FF E4 50 A4 AF AB 19
13:57:48.217 R 09FD02B1 FF 7D 01 27 77 FA FF FF
13:57:48.218 R 09FD02B1 FF 7D 01 27 77 FC FF FF
13:57:48.219 R 09FD02B1 FF 7F 01 17 8A F9 FF FF
13:57:48.265 R 15FB0500 E0 18 08 12 09 8C 0E 01
13:57:48.266 R 15FB0500 E1 80 00 32 0A C3 2C B0
13:57:48.266 R 15FB0500 E2 D3 3C B6 09 60 78 FA
13:57:48.267 R 15FB0500 E3 05 0C 80 00 FF FF FF
13:57:48.301 R 1CFFF001 3B 9F 8C FF 39 1C BD 65
13:57:48.303 R 09F80101 00 20 50 1F 66 98 3E 03
13:57:48.317 R 09FD02B1 FF 7D 01 22 77 FA FF FF
13:57:48.317 R 09FD02B1 FF 7D 01 22 77 FC FF FF
13:57:48.318 R 09FD02B1 FF 7F 01 17 8A F9 FF FF
13:57:48.319 R 11F80E00 E0 1C 03 50 53 8F 0E A9
13:57:48.320 R 11F80E00 E1 79 3B 03 58 D3 4B 1F
13:57:48.320 R 11F80E00 E2 BD 20 8D 00 00 41 0F
13:57:48.321 R 11F80E00 E3 00 7D 9D BA FF C0 F8
13:57:48.321 R 11F80E00 E4 FF FF FF FF FF FF FF
13:57:48.404 R 09F80201 FF FC 00 00 03 00 FF FF
13:57:48.405 R 09F80101 00 20 50 1F 66 98 3E 03
13:57:48.405 R 0DF90B01 FF FC FB 01 03 00 FF FF
13:57:48.416 R 09FD02B1 FF 7D 01 18 77 FA FF FF
13:57:48.417 R 09FD02B1 FF 7D 01 18 77 FC FF FF
13:57:48.417 R 09FD02B1 FF 7F 01 12 8A F9 FF FF
13:57:48.493 R 1DEFFF73 20 16 3B 9F F0 81 9C 41
13:57:48.494 R 1DEFFF73 21 18 03 01 FF 08 02 F7
13:57:48.494 R 1DEFFF73 22 FF FF 00 00 00 01 00
13:57:48.495 R 1DEFFF73 23 00 00 FF FF FF FF FF
13:57:48.496 R 09F11273 00 14 21 FF 7F FF 7F FD
13:57:48.496 R 09F10D73 FF F8 FF FF 0C 02 FF FF
13:57:48.497 R 1CFF4F73 3B 9F 00 FF FF 14 21 FF
13:57:48.505 R 09F80101 00 20 50 1F 66 98 3E 03
13:57:48.507 R 09F50373 00 00 00 FF FF 00 FF FF
13:57:48.516 R 09FD02B1 FF 7D 01 01 77 FA FF FF
13:57:48.516 R 09FD02B1 FF 7D 01 01 77 FC FF FF
13:57:48.517 R 09FD02B1 FF 80 01 02 8A F9 FF FF
13:57:48.545 R 1CFF1A73 3B 9F 00 00 FF FF FF FF
13:57:48.546 R 09F50373 00 00 00 FF FF 00 FF FF
13:57:48.571 R 15FD0773 00 C0 53 7A FF 7F FF FF
13:57:48.598 R 15FD0773 00 C0 53 7A FF 7F FF FF
13:57:48.606 R 09F80201 FF FC 00 00 03 00 FF FF
13:57:48.607 R 0DFE1101 20 0E C0 5E 00 00 03 00
13:57:48.607 R 0DFE1101 21 FF FF FF FF FB 01 03
13:57:48.608 R 0DFE1101 22 00 FF FF FF FF FF FF
13:57:48.609 R 09F80101 00 20 50 1F 66 98 3E 03
13:57:48.615 R 09FD02B1 FF 7E 01 E6 76 FA FF FF
13:57:48.617 R 09FD02B1 FF 7E 01 E6 76 FC FF FF
13:57:48.618 R 09FD02B1 FF 80 01 EE 89 F9 FF FF
13:57:48.707 R 0DF90301 FF 7F FF FF FF 7F FF FF
13:57:48.708 R 09F80101 00 20 50 1F 66 98 3E 03
13:57:48.709 R 1DFFF001 20 0D 3B 9F 90 FF FF FF
13:57:48.709 R 1DFFF001 21 FF FF FF FF FF 0C 01
13:57:48.714 R 09FD02B1 FF 7E 01 DA 76 FA FF FF
13:57:48.716 R 09FD02B1 FF 7E 01 DA 76 FC FF FF
13:57:48.717 R 09FD02B1 FF 81 01 E5 89 F9 FF FF
13:57:48.748 R 11F80E00 00 1C 01 28 91 76 0C 90
13:57:48.748 R 11F80E00 01 13 4F 03 FE 3C 5A 1F
13:57:48.749 R 11F80E00 02 C4 00 00 00 00 E4 56
13:57:48.749 R 11F80E00 03 00 FF FF FF 7F C0 F8
13:57:48.750 R 11F80E00 04 FF FF FF FF FF FF FF
13:57:48.803 R 11F80F00 20 1B 12 8D 58 8B 0E EC
13:57:48.803 R 11F80F00 21 C2 39 03 D5 1D 4B 1F
13:57:48.804 R 11F80F00 22 C7 43 9C 00 00 06 00
13:57:48.805 R 11F80F00 23 06 FF FF 00 74 FF FF
13:57:48.809 R 09F80201 FF FC 00 00 03 00 FF FF
13:57:48.810 R 09F80101 00 20 50 1F 65 98 3E 03
13:57:48.810 R 19FA0301 00 DB 3C 00 5A 00 3E 00
13:57:48.811 R 19FA0601 A0 0F 62 3C 00 FF FF FF
13:57:48.812 R 19FA0601 A1 FF FF FF FF FF FF FF
13:57:48.813 R 19FA0601 A2 FF FF FF FF FF FF FF
13:57:48.813 R 19FA0B01 A0 0F 62 06 00 FF FF FF
13:57:48.814 R 09FD02B1 FF 7E 01 E9 76 FA FF FF
13:57:48.814 R 09FD02B1 FF 7E 01 E9 76 FC FF FF
13:57:48.815 R 09FD02B1 FF 81 01 F9 89 F9 FF FF
13:57:48.816 R 19FA0B01 A1 FF FF FF FF FF FF FF
13:57:48.816 R 19FA0B01 A2 FF FF FF FF FF FF FF
13:57:48.883 R 11F80F00 40 1B 12 D0 7E A7 0E A5
13:57:48.884 R 11F80F00 41 1D 37 03 B1 87 4B 1F
13:57:48.884 R 11F80F00 42 C4 83 83 C3 00 06 00
13:57:48.885 R 11F80F00 43 0E FF FF 00 5C FF FF
13:57:48.887 R 1CFF4F73 3B 9F 00 FF FF BD 20 FF
13:57:48.887 R 1CFF5073 3B 9F 00 FF FF 6C 21 FF
13:57:48.888 R 1DEFFF73 40 16 3B 9F F0 81 84 06
13:57:48.889 R 1DEFFF73 41 18 62 42 00 03 00 06
13:57:48.889 R 1DEFFF73 42 FF FF 00 00 00 01 00
13:57:48.890 R 1DEFFF73 43 00 00 FF FF FF FF FF
13:57:48.890 R 09F11273 00 BD 20 FF 7F FF 7F FD
13:57:48.891 R 09F10D73 FF F8 FF FF 0C 02 FF FF
13:57:48.892 R 1CFF0873 3B 9F 00 00 14 00 FF FF
13:57:48.910 R 19FA0401 A0 DB 62 FF 12 05 FF 1D
13:57:48.912 R 19FA0401 A1 E5 CD A0 0F 00 00 00
13:57:48.912 R 19FA0401 A2 00 F5 07 97 29 22 33
13:57:48.913 R 19FA0401 A3 74 0E 00 00 00 00 F5
13:57:48.914 R 09FD02B1 FF 7F 01 08 77 FA FF FF
13:57:48.914 R 09FD02B1 FF 7F 01 08 77 FC FF FF
13:57:48.915 R 19FA0401 A4 09 C5 13 AD 3C D8 0E
13:57:48.915 R 09FD02B1 FF 81 01 1E 8A F9 FF FF
13:57:48.916 R 19FA0401 A5 00 00 00 00 F5 0B 5D
13:57:48.917 R 19FA0401 A6 10 AC 96 E4 0C 00 00
13:57:48.917 R 19FA0401 A7 00 00 F5 14 0B 11 1F
13:57:48.918 R 19FA0401 A8 BA D8 0E 00 00 00 00
13:57:48.919 R 19FA0401 A9 F5 15 73 32 66 A8 A0
13:57:48.919 R 19FA0401 AA 0F 00 00 00 00 F5 1E
13:57:48.920 R 19FA0401 AB FF 2C 66 7B 04 10 00
13:57:48.921 R 19FA0401 AC 00 00 00 F5 44 80 16
13:57:48.922 R 19FA0401 AD B9 3E 48 0D 00 00 00
13:57:48.922 R 19FA0401 AE 00 F5 45 73 32 F4 0C
13:57:48.923 R 19FA0401 AF 3C 0F 00 00 00 00 F5
13:57:48.924 R 19FA0401 B0 46 DD 17 2B CB 04 10
13:57:48.924 R 19FA0401 B1 00 00 00 00 F5 4E FF
13:57:48.925 R 19FA0401 B2 1D D1 24 D8 0E 00 00
13:57:48.926 R 19FA0401 B3 00 00 F5 31 74 14 66
13:57:48.926 R 19FA0401 B4 7B 80 0C 00 00 00 00
13:57:48.927 R 19FA0401 B5 F5 00 A2 3A AB D2 D8
13:57:48.928 R 19FA0401 B6 0E 00 00 00 00 F5 00
13:57:48.928 R 19FA0401 B7 39 28 FD B3 E4 0C 00
13:57:48.929 R 19FA0401 B8 00 00 00 F5 00 BA 11
13:57:48.930 R 19FA0401 B9 66 8A 80 0C 00 00 00
13:57:48.930 R 19FA0401 BA 00 F5 00 2E 17 7F 34
13:57:48.931 R 19FA0401 BB 80 0C 00 00 00 00 F5
13:57:48.932 R 19FA0401 BC 00 51 2C D1 33 AC 0D
13:57:48.933 R 19FA0401 BD 00 00 00 00 F5 00 3A
13:57:48.933 R 19FA0401 BE 19 36 CD 10 0E 00 00
13:57:48.934 R 19FA0401 BF 00 00 F5 FF FF FF FF
13:57:48.935 R 09F80101 00 20 50 1F 65 98 3E 03
13:57:48.935 R 19F11A01 FF FF FF FF FB 01 FF FF
13:57:48.956 R 1DEFFF73 60 16 3B 9F F0 81 86 41
13:57:48.956 R 1DEFFF73 61 07 F8 42 00 03 00 06
13:57:48.957 R 1DEFFF73 62 EA 01 00 00 00 01 00
13:57:48.957 R 1DEFFF73 63 00 00 FF FF FF FF FF
13:57:49.010 R 09F11273 00 BD 20 FF 7F FF 7F FD
13:57:49.011 R 09F10D73 FF F8 FF FF 0C 02 FF FF
13:57:49.012 R 1CFF0873 3B 9F 00 00 14 00 FF FF
13:57:49.012 R 1CFF4F73 3B 9F 00 FF FF BD 20 FF
13:57:49.013 R 09F80201 FF FC 00 00 03 00 FF FF
13:57:49.013 R 09FD02B1 FF 7F 01 24 77 FA FF FF
13:57:49.014 R 09F80101 00 20 50 1F 65 98 3E 03
13:57:49.015 R 09FD02B1 FF 7F 01 24 77 FC FF FF
13:57:49.015 R 09FD02B1 FF 81 01 3B 8A F9 FF FF
13:57:49.016 R 1CFF5073 3B 9F 00 FF FF 1A 22 FF
13:57:49.016 R 1DEFFF73 80 16 3B 9F F0 81 84 06
13:57:49.017 R 1DEFFF73 81 18 64 42 00 03 00 06
13:57:49.018 R 1DEFFF73 82 EA 01 00 00 00 01 00
13:57:49.019 R 1DEFFF73 83 00 00 FF FF FF FF FF
13:57:49.112 R 09FD02B1 FF 7F 01 2C 77 FA FF FF
13:57:49.113 R 09FD02B1 FF 7F 01 2C 77 FC FF FF
13:57:49.113 R 09FD02B1 FF 81 01 42 8A F9 FF FF
13:57:49.114 R 0DF80501 C0 2B 63 E4 50 AA D6 AB
13:57:49.115 R 0DF80501 C1 19 00 00 40 79 48 66
13:57:49.116 R 0DF80501 C2 4A 07 00 B2 01 58 56
13:57:49.116 R 0DF80501 C3 63 C1 00 60 D3 60 02
13:57:49.117 R 0DF80501 C4 00 00 00 00 23 FC 14
13:57:49.118 R 0DF80501 C5 3C 00 FF 7F EE 11 00
13:57:49.118 R 0DF80501 C6 00 00 FF FF FF FF FF
13:57:49.119 R 09F80101 00 20 50 1F 65 98 3E 03
13:57:49.119 R 0DF80901 E4 50 AA D6 AB 19 78 00
13:57:49.155 R 11F80F00 60 1B 12 7C 13 8D 0E D6
13:57:49.155 R 11F80F00 61 97 3E 03 AB 1F 50 1F
13:57:49.156 R 11F80F00 62 C7 FF FF 00 00 00 00
13:57:49.156 R 11F80F00 63 20 FF FF 00 70 FE FF
13:57:49.173 R 0DF50B73 00 EB 01 00 00 FF FF FF
13:57:49.199 R 19F51373 A0 0E FF FF FF FF FF FF
13:57:49.199 R 19F51373 A1 86 85 B0 00 00 00 00
13:57:49.200 R 19F51373 A2 00 FF FF FF FF FF FF
13:57:49.201 R 1DFF6773 C0 0B 3B 9F 03 00 04 B4
13:57:49.201 R 1DFF6773 C1 6E 11 19 09 09 FF FF
13:57:49.202 R 1DFF6773 E0 0B 3B 9F 03 02 04 B4
13:57:49.203 R 1DFF6773 E1 6E 11 19 09 09 FF FF
13:57:49.203 R 19FB0200 60 4C 05 6B 5A 8E 0E 00
13:57:49.204 R 19FB0200 61 00 00 00 50 48 35 33
13:57:49.204 R 19FB0200 62 30 38 40 53 54 45 44
13:57:49.205 R 19FB0200 63 45 4D 41 45 47 48 54
13:57:49.206 R 19FB0200 64 40 40 40 40 40 40 40
13:57:49.206 R 19FB0200 65 40 40 45 6C 02 46 00
13:57:49.207 R 19FB0200 66 32 00 D6 01 42 52 00
13:57:49.207 R 19FB0200 67 B2 9F 26 22 01 4C 45
13:57:49.208 R 19FB0200 68 4C 59 53 54 41 44 20
13:57:49.208 R 19FB0200 69 20 20 20 20 40 40 40
13:57:49.209 R 19FB0200 6A 40 40 40 40 3E E1 FF
13:57:49.210 R 09FD02B1 FF 7F 01 1B 77 FA FF FF
13:57:49.212 R 09FD02B1 FF 7F 01 1B 77 FC FF FF
13:57:49.213 R 09FD02B1 FF 82 01 35 8A F9 FF FF
13:57:49.215 R 09F80201 FF FC 00 00 03 00 FF FF
13:57:49.215 R 09F80101 00 20 50 1F 65 98 3E 03
13:57:49.201 R 0DF01001 FF FF E4 50 AA D6 AB 19
13:57:49.266 R 1CFFFF01 4F 9A 00 F5 FF FF FF FF
13:57:49.279 R 1CFFF001 3B 9F 8C FF 46 1C 95 65
13:57:49.295 R 09FD02B1 FF 80 01 07 77 FA FF FF
13:57:49.296 R 09FD02B1 FF 80 01 07 77 FC FF FF
13:57:49.296 R 09FD02B1 FF 82 01 24 8A F9 FF FF
13:57:49.301 R 09F80101 01 20 50 1F 65 98 3E 03
13:57:49.348 R 11F80E00 20 1C 01 D9 88 94 0E 40
13:57:49.348 R 11F80E00 21 D3 34 03 23 7B 4A 1F
13:57:49.349 R 11F80E00 22 C7 03 91 B5 01 E4 56
13:57:49.349 R 11F80E00 23 00 FF FF FF 7F C0 F8
13:57:49.350 R 11F80E00 24 FF FF FF FF FF FF FF
13:57:49.394 R 09FD02B1 FF 80 01 FD 76 FA FF FF
13:57:49.395 R 09FD02B1 FF 80 01 FD 76 FC FF FF
13:57:49.395 R 09FD02B1 FF 82 01 1A 8A F9 FF FF
13:57:49.401 R 11F80E00 40 1C 01 B4 D6 95 0E 1C
13:57:49.402 R 11F80E00 41 3F 3D 03 2A EF 4F 1F
13:57:49.402 R 09F80201 FF FC 00 00 03 00 FF FF
13:57:49.403 R 11F80E00 42 C4 FF FF 00 00 E4 56
13:57:49.403 R 09F80101 01 20 50 1F 65 98 3E 03
13:57:49.404 R 11F80E00 43 08 FF FF FF 7F C0 F8
13:57:49.405 R 0DF90B01 FF FC FB 01 03 00 FF FF
13:57:49.405 R 11F80E00 44 FF FF FF FF FF FF FF
13:57:49.494 R 09FD02B1 FF 80 01 01 77 FA FF FF
13:57:49.494 R 09FD02B1 FF 80 01 01 77 FC FF FF
13:57:49.495 R 09FD02B1 FF 83 01 1F 8A F9 FF FF
13:57:49.503 R 09F80101 01 20 50 1F 65 98 3E 03
13:57:49.508 R 1DEFFF73 00 16 3B 9F F0 81 9C 41
13:57:49.509 R 1DEFFF73 01 18 03 01 FF 08 02 F7
13:57:49.509 R 1DEFFF73 02 FF FF 00 00 00 01 00
13:57:49.510 R 1DEFFF73 03 00 00 FF FF FF FF FF
13:57:49.510 R 09F11273 00 14 21 FF 7F FF 7F FD
13:57:49.511 R 09F10D73 FF F8 FF FF 0C 02 FF FF
13:57:49.512 R 1CFF4F73 3B 9F 00 FF FF 14 21 FF
13:57:49.575 R 09F50373 00 00 00 FF FF 00 FF FF
13:57:49.593 R 09FD02B1 FF 81 01 13 77 FA FF FF
13:57:49.594 R 09FD02B1 FF 81 01 13 77 FC FF FF
13:57:49.594 R 09FD02B1 FF 83 01 2F 8A F9 FF FF
13:57:49.603 R 09F80201 FF FC 00 00 03 00 FF FF
13:57:49.604 R 0DFE1101 40 0E C0 5F 00 00 03 00
13:57:49.605 R 0DFE1101 41 FF FF FF FF FB 01 03
13:57:49.605 R 0DFE1101 42 00 FF FF FF FF FF FF
13:57:49.606 R 09F80101 01 20 50 1F 65 98 3E 03
13:57:49.614 R 1DEFFF73 20 16 3B 9F F0 81 90 00
13:57:49.615 R 1DEFFF73 21 03 00 01 FF 08 02 F7
13:57:49.616 R 1DEFFF73 22 FF FF 00 00 00 01 00
13:57:49.617 R 1DEFFF73 23 00 00 FF FF FF FF FF
13:57:49.692 R 09FD02B1 FF 81 01 10 77 FA FF FF
13:57:49.693 R 09FD02B1 FF 81 01 10 77 FC FF FF
13:57:49.694 R 09FD02B1 FF 84 01 2B 8A F9 FF FF
13:57:49.704 R 0DF90301 FF 7F FF FF FF 7F FF FF
13:57:49.705 R 09F80101 01 20 50 1F 65 98 3E 03
13:57:49.705 R 1DFFF001 40 0D 3B 9F 90 FF FF FF
13:57:49.706 R 1DFFF001 41 FF FF FF FF FF 0A 01
13:57:49.709 R 09F50373 00 00 00 FF FF 00 FF FF
13:57:49.710 R 1CFF1A73 3B 9F 00 00 FF FF FF FF
13:57:49.736 R 15FD0773 00 C0 53 7A FF 7F FF FF
13:57:49.752 R 1DEFFF73 40 16 3B 9F F0 81 86 41
13:57:49.752 R 1DEFFF73 41 07 F8 00 00 49 02 F7
13:57:49.753 R 1DEFFF73 42 FF FF 00 00 00 01 00
13:57:49.753 R 1DEFFF73 43 00 00 FF FF FF FF FF
13:57:49.792 R 09FD02B1 FF 82 01 F1 76 FA FF FF
13:57:49.793 R 09FD02B1 FF 82 01 F1 76 FC FF FF
13:57:49.793 R 09FD02B1 FF 85 01 0B 8A F9 FF FF
13:57:49.805 R 09F80201 FF FC 00 00 03 00 FF FF
13:57:49.806 R 09F80101 01 20 50 1F 64 98 3E 03
13:57:49.806 R 19FA0301 00 DB 3C 00 5A 00 3E 00
13:57:49.807 R 19FA0601 C0 0F 63 3C 00 FF FF FF
13:57:49.808 R 19FA0601 C1 FF FF FF FF FF FF FF
13:57:49.808 R 19FA0601 C2 FF FF FF FF FF FF FF
13:57:49.809 R 19FA0B01 C0 0F 63 05 00 FF FF FF
13:57:49.810 R 19FA0B01 C1 FF FF FF FF FF FF FF
13:57:49.810 R 09F11273 00 BD 20 FF 7F FF 7F FD
13:57:49.811 R 19FA0B01 C2 FF FF FF FF FF FF FF
13:57:49.811 R 09F10D73 FF F8 FF FF 0C 02 FF FF
13:57:49.812 R 1CFF0873 3B 9F 00 00 14 00 FF FF
13:57:49.813 R 1CFF4F73 3B 9F 00 FF FF BD 20 FF
13:57:49.814 R 1CFF5073 3B 9F 00 FF FF C9 22 FF
13:57:49.815 R 1DEFFF73 60 16 3B 9F F0 81 84 06
13:57:49.815 R 1DEFFF73 61 18 66 42 00 03 00 06
13:57:49.816 R 1DEFFF73 62 FF FF 00 00 00 01 00
13:57:49.817 R 1DEFFF73 63 00 00 FF FF FF FF FF
13:57:49.875 R 15FD0773 00 C0 53 7A FF 7F FF FF
13:57:49.883 R 11F80E00 60 1C 01 EC 9B 94 0E B2
13:57:49.884 R 11F80E00 61 DB 3C 03 A8 37 4D 1F
13:57:49.884 R 11F80E00 62 CB C0 09 81 01 E4 56
13:57:49.885 R 11F80E00 63 08 FF FF FF 7F C0 F8
13:57:49.885 R 11F80E00 64 FF FF FF FF FF FF FF
13:57:49.891 R 09FD02B1 FF 83 01 C6 76 FA FF FF
13:57:49.892 R 09FD02B1 FF 83 01 C6 76 FC FF FF
13:57:49.892 R 09FD02B1 FF 86 01 DE 89 F9 FF FF
13:57:49.906 R 19FA0401 C0 DB 63 FF 12 05 FF 1D
13:57:49.907 R 19FA0401 C1 E5 CD A0 0F 00 00 00
13:57:49.907 R 19FA0401 C2 00 F5 07 97 29 22 33
13:57:49.908 R 19FA0401 C3 74 0E 00 00 00 00 F5
13:57:49.909 R 19FA0401 C4 09 C5 13 AD 3C D8 0E
13:57:49.909 R 19FA0401 C5 00 00 00 00 F5 0B 5D
13:57:49.910 R 19FA0401 C6 10 AC 96 80 0C 00 00
13:57:49.911 R 19FA0401 C7 00 00 F5 14 0B 11 1F
13:57:49.911 R 19FA0401 C8 BA D8 0E 00 00 00 00
13:57:49.912 R 19FA0401 C9 F5 15 73 32 66 A8 A0
13:57:49.912 R 19FA0401 CA 0F 00 00 00 00 F5 1E
13:57:49.913 R 19FA0401 CB FF 2C 66 7B 68 10 00
13:57:49.914 R 19FA0401 CC 00 00 00 F5 44 80 16
13:57:49.914 R 19FA0401 CD B9 3E 48 0D 00 00 00
13:57:49.915 R 19FA0401 CE 00 F5 45 73 32 F4 0C
13:57:49.916 R 19FA0401 CF D8 0E 00 00 00 00 F5
13:57:49.916 R 19FA0401 D0 46 DD 17 2B CB 04 10
13:57:49.917 R 19FA0401 D1 00 00 00 00 F5 4E FF
13:57:49.917 R 19FA0401 D2 1D D1 24 D8 0E 00 00
13:57:49.918 R 19FA0401 D3 00 00 F5 31 74 14 66
13:57:49.919 R 19FA0401 D4 7B E4 0C 00 00 00 00
13:57:49.919 R 19FA0401 D5 F5 00 A2 3A AB D2 74
13:57:49.920 R 19FA0401 D6 0E 00 00 00 00 F5 00
13:57:49.921 R 19FA0401 D7 39 28 FD B3 E4 0C 00
13:57:49.921 R 19FA0401 D8 00 00 00 F5 00 BA 11
13:57:49.922 R 19FA0401 D9 66 8A 80 0C 00 00 00
13:57:49.923 R 19FA0401 DA 00 F5 00 2E 17 7F 34
13:57:49.923 R 19FA0401 DB 80 0C 00 00 00 00 F5
13:57:49.924 R 19FA0401 DC 00 51 2C D1 33 AC 0D
13:57:49.925 R 19FA0401 DD 00 00 00 00 F5 00 3A
13:57:49.925 R 19FA0401 DE 19 36 CD 10 0E 00 00
13:57:49.926 R 19FA0401 DF 00 00 F5 FF FF FF FF
13:57:49.926 R 09F80101 01 20 50 1F 64 98 3E 03
13:57:49.927 R 19F11A01 FF FF FF FF FB 01 FF FF
13:57:49.991 R 09FD02B1 FF 84 01 A1 76 FA FF FF
13:57:49.992 R 09FD02B1 FF 84 01 A1 76 FC FF FF
13:57:49.993 R 09FD02B1 FF 87 01 B9 89 F9 FF FF
13:57:50.007 R 09F80201 FF FC 00 00 03 00 FF FF
13:57:50.008 R 09F80101 01 20 50 1F 64 98 3E 03
13:57:50.071 R 11F80F00 80 1B 12 C6 7C D4 0D A7
13:57:50.071 R 11F80F00 81 6E 2F 03 AA 3D 58 1F
13:57:50.072 R 11F80F00 82 CB 90 58 72 01 06 41
13:57:50.072 R 11F80F00 83 09 FF FF 00 70 FE FF
13:57:50.090 R 09FD02B1 FF 85 01 8C 76 FA FF FF
13:57:50.091 R 09FD02B1 FF 85 01 8C 76 FC FF FF
13:57:50.091 R 09FD02B1 FF 88 01 A3 89 F9 FF FF
13:57:50.108 R 0DF80501 E0 2B 64 E4 50 C4 FD AB
13:57:50.108 R 0DF80501 E1 19 00 94 75 F0 48 66
13:57:50.109 R 0DF80501 E2 4A 07 00 E8 66 1C 56
13:57:50.110 R 0DF80501 E3 63 C1 00 C0 4C 5F 02
13:57:50.110 R 0DF80501 E4 00 00 00 00 23 FC 14
13:57:50.111 R 0DF80501 E5 3C 00 FF 7F EE 11 00
13:57:50.112 R 0DF80501 E6 00 00 FF FF FF FF FF
13:57:50.113 R 09F80101 02 20 50 1F 64 98 3E 03
13:57:50.113 R 0DF80901 E4 50 C4 FD AB 19 78 00
13:57:50.141 R 0DF50B73 00 EB 01 00 00 FF FF FF
13:57:50.144 R 11F80F00 A0 1B 12 7C 13 8D 0E D6
13:57:50.144 R 11F80F00 A1 97 3E 03 AB 1F 50 1F
13:57:50.145 R 11F80F00 A2 CB FF FF 00 00 00 00
13:57:50.146 R 11F80F00 A3 20 FF FF 00 70 FE FF
13:57:50.188 R 19F51373 80 0E FF FF FF FF FF FF
13:57:50.188 R 19F51373 81 86 85 B0 00 00 00 00
13:57:50.189 R 19F51373 82 00 FF FF FF FF FF FF
13:57:50.189 R 1DFF6773 A0 0B 3B 9F 03 00 04 B4
13:57:50.190 R 1DFF6773 A1 6E 11 19 09 09 FF FF
13:57:50.191 R 1DFF6773 C0 0B 3B 9F 03 02 04 B4
13:57:50.191 R 09FD02B1 FF 87 01 81 76 FA FF FF
13:57:50.192 R 1DFF6773 C1 6E 11 19 09 09 FF FF
13:57:50.192 R 09FD02B1 FF 87 01 81 76 FC FF FF
13:57:50.193 R 09FD02B1 FF 89 01 95 89 F9 FF FF
13:57:50.208 R 09F80201 FF FC 00 00 03 00 FF FF
13:57:50.209 R 09F80101 02 20 50 1F 64 98 3E 03
13:57:50.202 R 0DF01001 FF FF E4 50 C4 FD AB 19
13:57:50.273 R 1CFFF001 3B 9F 8C FF 4F 1C 7D 65
13:57:50.281 R 09FD02B1 FF 88 01 71 76 FA FF FF
13:57:50.282 R 09FD02B1 FF 88 01 71 76 FC FF FF
13:57:50.282 R 09FD02B1 FF 8B 01 82 89 F9 FF FF
13:57:50.301 R 09F80101 02 20 50 1F 64 98 3E 03
13:57:50.306 R 1DEFFF73 E0 16 3B 9F F0 81 9C 41
13:57:50.307 R 1DEFFF73 E1 18 03 FB 01 03 00 06
13:57:50.307 R 1DEFFF73 E2 FE 01 00 00 00 01 00
13:57:50.308 R 1DEFFF73 E3 00 00 FF FF FF FF FF
13:57:50.308 R 09F11273 00 14 21 FF 7F FF 7F FD
13:57:50.309 R 09F10D73 FF F8 FF FF 0C 02 FF FF
13:57:50.310 R 1CFF4F73 3B 9F 00 FF FF 14 21 FF
13:57:50.363 R 09F50373 00 00 00 FF FF 00 FF FF
13:57:50.380 R 09FD02B1 FF 89 01 53 76 FA FF FF
13:57:50.381 R 09FD02B1 FF 89 01 53 76 FC FF FF
13:57:50.382 R 09FD02B1 FF 8C 01 62 89 F9 FF FF
13:57:50.399 R 1CFF1A73 3B 9F 00 00 FF FF FF FF
13:57:50.399 R 09F50373 00 00 00 FF FF 00 FF FF
13:57:50.402 R 09F80201 FF FC 00 00 03 00 FF FF
13:57:50.403 R 09F80101 02 20 50 1F 64 98 3E 03
13:57:50.403 R 0DF90B01 FF FC FB 01 03 00 FF FF
13:57:50.427 R 15FD0773 00 C0 53 7A FF 7F FF FF
13:57:50.456 R 15FD0773 00 C0 53 7A FF 7F FF FF
13:57:50.480 R 09FD02B1 FF 8B 01 27 76 FA FF FF
13:57:50.480 R 09FD02B1 FF 8B 01 27 76 FC FF FF
13:57:50.481 R 09FD02B1 FF 8D 01 33 89 F9 FF FF
13:57:50.503 R 09F80101 02 20 50 1F 64 98 3E 03
13:57:50.571 R 11F80E00 80 1C 03 42 39 95 0E BD
13:57:50.572 R 11F80E00 81 04 4D 03 CE 3E 5B 1F
13:57:50.573 R 11F80E00 82 CB E0 96 77 01 83 41
13:57:50.573 R 11F80E00 83 08 AB 96 00 00 D0 F8
13:57:50.574 R 11F80E00 84 FF FF FF FF FF FF FF
13:57:50.579 R 09FD02B1 FF 8C 01 F6 75 FA FF FF
13:57:50.580 R 09FD02B1 FF 8C 01 F6 75 FC FF FF
13:57:50.580 R 09FD02B1 FF 8E 01 00 89 F9 FF FF
13:57:50.604 R 09F80201 FF FC 00 00 03 00 FF FF
13:57:50.604 R 0DFE1101 60 0E C0 60 00 00 03 00
13:57:50.605 R 0DFE1101 61 FF FF FF FF FB 01 03
13:57:50.606 R 0DFE1101 62 00 FF FF FF FF FF FF
13:57:50.606 R 09F80101 02 20 50 1F 64 98 3E 03
13:57:50.679 R 09FD02B1 FF 8D 01 CD 75 FA FF FF
13:57:50.680 R 09FD02B1 FF 8D 01 CD 75 FC FF FF
13:57:50.681 R 09FD02B1 FF 90 01 D4 88 F9 FF FF
13:57:50.705 R 0DF90301 FF 7F FF FF FF 7F FF FF
13:57:50.705 R 09F80101 02 20 50 1F 63 98 3E 03
13:57:50.706 R 1DFFF001 60 0D 3B 9F 90 FF FF FF
13:57:50.707 R 1DFFF001 61 FF FF FF FF FF 0A 01
13:57:50.708 R 11F80E00 A0 1C 03 88 48 B2 0E 02
13:57:50.709 R 11F80E00 A1 86 3D 03 96 D0 4D 1F
13:57:50.710 R 11F80E00 A2 C9 04 67 0A 00 73 4D
13:57:50.710 R 11F80E00 A3 00 4E A4 96 FF C0 F8
13:57:50.711 R 11F80E00 A4 FF FF FF FF FF FF FF
13:57:50.778 R 09FD02B1 FF 8F 01 A5 75 FA FF FF
13:57:50.779 R 09FD02B1 FF 8F 01 A5 75 FC FF FF
13:57:50.779 R 09FD02B1 FF 91 01 AA 88 F9 FF FF
13:57:50.786 R 11F80E00 C0 1C 01 AE 7D 09 10 21
13:57:50.786 R 11F80E00 C1 4C 3D 03 10 4A 4F 1F
13:57:50.787 R 11F80E00 C2 DD 51 02 6C 00 8D C0
13:57:50.787 R 11F80E00 C3 09 AE 00 00 00 C0 F8
13:57:50.788 R 11F80E00 C4 FF FF FF FF FF FF FF
13:57:50.806 R 09F80201 FF FC 00 00 03 00 FF FF
13:57:50.807 R 09F80101 03 20 50 1F 63 98 3E 03
13:57:50.808 R 19FA0301 00 DB 3C 00 5A 00 3E 00
13:57:50.808 R 19FA0601 E0 0F 64 3C 00 FF FF FF
13:57:50.809 R 19FA0601 E1 FF FF FF FF FF FF FF
13:57:50.810 R 19FA0601 E2 FF FF FF FF FF FF FF
13:57:50.810 R 19FA0B01 E0 0F 64 05 00 FF FF FF
13:57:50.811 R 19FA0B01 E1 FF FF FF FF FF FF FF
13:57:50.812 R 19FA0B01 E2 FF FF FF FF FF FF FF
13:57:50.813 R 11F80F00 C0 1B 12 50 F6 8D 0E 28
13:57:50.813 R 11F80F00 C1 82 3E 03 FB 01 50 1F
13:57:50.814 R 11F80F00 C2 CC FF FF 05 00 FA 48
13:57:50.814 R 11F80F00 C3 01 FF FF 00 70 FF FF
13:57:50.835 R 1CFF4F73 3B 9F 00 FF FF BD 20 FF
13:57:50.835 R 1CFF5073 3B 9F 00 FF FF C9 22 FF
13:57:50.836 R 1DEFFF73 00 16 3B 9F F0 81 84 06
13:57:50.836 R 1DEFFF73 01 18 66 42 00 03 00 06
13:57:50.837 R 1DEFFF73 02 FF FF 00 00 00 01 00
13:57:50.838 R 1DEFFF73 03 00 00 FF FF FF FF FF
13:57:50.838 R 09F11273 00 BD 20 FF 7F FF 7F FD
13:57:50.839 R 09F10D73 FF F8 FF FF 0C 02 FF FF
13:57:50.839 R 1CFF0873 3B 9F 00 00 14 00 FF FF
13:57:50.877 R 09FD02B1 FF 90 01 82 75 FA FF FF
13:57:50.879 R 09FD02B1 FF 90 01 82 75 FC FF FF
13:57:50.880 R 09FD02B1 FF 93 01 83 88 F9 FF FF
13:57:50.908 R 19FA0401 E0 DB 64 FF 12 05 FF 1D
13:57:50.908 R 19FA0401 E1 E5 CD 04 10 00 00 00
13:57:50.909 R 19FA0401 E2 00 F5 07 97 29 22 33
13:57:50.910 R 19FA0401 E3 10 0E 00 00 00 00 F5
13:57:50.911 R 19FA0401 E4 09 C5 13 AD 3C D8 0E
13:57:50.911 R 19FA0401 E5 00 00 00 00 F5 0B 5D
13:57:50.912 R 19FA0401 E6 10 AC 96 E4 0C 00 00
13:57:50.913 R 19FA0401 E7 00 00 F5 14 0B 11 1F
13:57:50.913 R 19FA0401 E8 BA D8 0E 00 00 00 00
13:57:50.914 R 19FA0401 E9 F5 15 73 32 66 A8 3C
13:57:50.915 R 19FA0401 EA 0F 00 00 00 00 F5 1E
13:57:50.915 R 19FA0401 EB FF 2C 66 7B 04 10 00
13:57:50.916 R 19FA0401 EC 00 00 00 F5 44 80 16
13:57:50.917 R 19FA0401 ED B9 3E E4 0C 00 00 00
13:57:50.918 R 19FA0401 EE 00 F5 45 73 32 F4 0C
13:57:50.918 R 19FA0401 EF 3C 0F 00 00 00 00 F5
13:57:50.919 R 19FA0401 F0 46 DD 17 2B CB A0 0F
13:57:50.920 R 19FA0401 F1 00 00 00 00 F5 4E FF
13:57:50.920 R 19FA0401 F2 1D D1 24 D8 0E 00 00
13:57:50.921 R 19FA0401 F3 00 00 F5 31 74 14 66
13:57:50.922 R 19FA0401 F4 7B 1C 0C 00 00 00 00
13:57:50.922 R 19FA0401 F5 F5 00 A2 3A 59 D3 74
13:57:50.923 R 19FA0401 F6 0E 00 00 00 00 F5 00
13:57:50.924 R 19FA0401 F7 39 28 FD B3 48 0D 00
13:57:50.924 R 19FA0401 F8 00 00 00 F5 00 BA 11
13:57:50.925 R 19FA0401 F9 66 8A 80 0C 00 00 00
13:57:50.926 R 19FA0401 FA 00 F5 00 2E 17 7F 34
13:57:50.927 R 19FA0401 FB 80 0C 00 00 00 00 F5
13:57:50.927 R 19FA0401 FC 00 51 2C D1 33 AC 0D
13:57:50.928 R 19FA0401 FD 00 00 00 00 F5 00 3A
13:57:50.929 R 19FA0401 FE 19 36 CD 10 0E 00 00
13:57:50.929 R 19FA0401 FF 00 00 F5 FF FF FF FF
13:57:50.930 R 09F80101 03 20 50 1F 63 98 3E 03
13:57:50.931 R 19F11A01 FF FF FF FF FB 01 FF FF
13:57:50.945 R 1CFF7400 3B 9F FD 00 00 FF FF FF
13:57:50.977 R 09FD02B1 FF 92 01 67 75 FA FF FF
13:57:50.977 R 09FD02B1 FF 92 01 67 75 FC FF FF
13:57:50.978 R 09FD02B1 FF 94 01 62 88 F9 FF FF
13:57:51.009 R 09F80201 FF FC 00 00 03 00 FF FF
13:57:51.010 R 09F80101 03 20 50 1F 63 98 3E 03
13:57:51.076 R 09FD02B1 FF 93 01 47 75 FA FF FF
13:57:51.077 R 09FD02B1 FF 93 01 47 75 FC FF FF
13:57:51.077 R 09FD02B1 FF 96 01 3C 88 F9 FF FF
13:57:51.108 R 11F80E00 E0 1C 01 BC 0F 97 0E 76
13:57:51.109 R 11F80E00 E1 98 4D 03 CE 25 61 1F
13:57:51.109 R 11F80E00 E2 CC 63 08 96 01 89 87
13:57:51.110 R 11F80E00 E3 00 FF FF FF 7F C0 F8
13:57:51.110 R 11F80E00 E4 FF FF FF FF FF FF FF
13:57:51.111 R 0DF80501 00 2B 65 E4 50 B6 24 AC
13:57:51.112 R 0DF80501 01 19 00 5E 10 2C 49 66
13:57:51.112 R 0DF80501 02 4A 07 00 1E CC E0 55
13:57:51.113 R 0DF80501 03 63 C1 00 C0 4C 5F 02
13:57:51.114 R 0DF80501 04 00 00 00 00 23 FC 14
13:57:51.115 R 0DF80501 05 3C 00 FF 7F EE 11 00
13:57:51.115 R 0DF80501 06 00 00 FF FF FF FF FF
13:57:51.116 R 09F80101 03 20 50 1F 63 98 3E 03
13:57:51.116 R 0DF80901 E4 50 B6 24 AC 19 78 00
13:57:51.136 R 0DF50B73 00 F4 01 00 00 FF FF FF
13:57:51.139 R 11F80F00 E0 1B 12 7C 13 8D 0E D6
13:57:51.140 R 11F80F00 E1 97 3E 03 AB 1F 50 1F
13:57:51.140 R 11F80F00 E2 CF FF FF 00 00 00 00
13:57:51.141 R 11F80F00 E3 20 FF FF 00 70 FE FF
13:57:51.174 R 09FD02B1 FF 95 01 17 75 FA FF FF
13:57:51.175 R 09FD02B1 FF 95 01 17 75 FC FF FF
13:57:51.176 R 09FD02B1 FF 97 01 08 88 F9 FF FF
13:57:51.182 R 19F51373 20 0E FF FF FF FF FF FF
13:57:51.183 R 19F51373 21 86 85 B0 00 00 00 00
13:57:51.183 R 19F51373 22 00 FF FF FF FF FF FF
13:57:51.184 R 1DFF6773 40 0B 3B 9F 03 00 04 B4
13:57:51.185 R 1DFF6773 41 6E 11 19 09 09 FF FF
13:57:51.185 R 1DFF6773 60 0B 3B 9F 03 02 04 B4
13:57:51.186 R 1DFF6773 61 6E 11 19 09 09 FF FF
13:57:51.211 R 09F80201 FF FC 00 00 03 00 FF FF
13:57:51.212 R 09F80101 03 20 50 1F 63 98 3E 03
13:57:51.300 R 0DF01001 FF FF E4 50 A8 28 AC 19
13:57:51.361 R 09FD02B1 FF 96 01 EB 74 FA FF FF
13:57:51.362 R 09FD02B1 FF 96 01 EB 74 FC FF FF
13:57:51.362 R 09FD02B1 FF 99 01 D4 87 F9 FF FF
13:57:51.381 R 1CFFF001 3B 9F 8C FF 46 1C 95 65
13:57:51.399 R 09F80101 03 20 50 1F 63 98 3E 03
13:57:51.407 R 11F80E00 00 1C 03 65 13 95 0E 8D
13:57:51.408 R 11F80E00 01 91 3B 03 F0 E6 4B 1F
13:57:51.409 R 11F80E00 02 CF 79 45 00 00 73 2B
13:57:51.409 R 11F80E00 03 00 FF FF FF 7F C0 F8
13:57:51.410 R 11F80E00 04 FF FF FF FF FF FF FF
13:57:51.410 R 11F80F00 00 1B 12 52 0C 97 0E AD
13:57:51.411 R 11F80F00 01 2C 44 03 31 FA 53 1F
13:57:51.411 R 11F80F00 02 CF 09 77 E7 00 06 00
13:57:51.412 R 11F80F00 03 0E FF FF 00 5C FF FF
13:57:51.424 R 1DEFFF73 80 16 3B 9F F0 81 9C 41
13:57:51.424 R 1DEFFF73 81 18 03 FB 01 03 00 06
13:57:51.425 R 1DEFFF73 82 FE 01 00 00 00 01 00
13:57:51.426 R 1DEFFF73 83 00 00 FF FF FF FF FF
13:57:51.426 R 09F11273 00 14 21 FF 7F FF 7F FD
13:57:51.427 R 09F10D73 FF F8 FF FF 0C 02 FF FF
13:57:51.427 R 1CFF4F73 3B 9F 00 FF FF 14 21 FF
13:57:51.460 R 09FD02B1 FF 98 01 D0 74 FA FF FF
13:57:51.461 R 09FD02B1 FF 98 01 D0 74 FC FF FF
13:57:51.462 R 09FD02B1 FF 9A 01 B1 87 F9 FF FF
13:57:51.462 R 11F80E00 20 1C 03 C2 D3 8C 0E D4
13:57:51.463 R 11F80E00 21 96 41 03 4C E8 52 1F
13:57:51.463 R 11F80E00 22 CE 16 31 1E 00 00 A5
13:57:51.464 R 11F80E00 23 01 FF FF FF 7F C5 F8
13:57:51.464 R 11F80E00 24 FF FF FF FF FF FF FF
13:57:51.488 R 11F80E00 40 1C 03 50 53 8F 0E 87
13:57:51.488 R 11F80E00 41 79 3B 03 58 D3 4B 1F
13:57:51.489 R 11F80E00 42 C9 66 99 00 00 00 00
13:57:51.489 R 11F80E00 43 08 7D 9D DF FF C0 F8
13:57:51.490 R 11F80E00 44 FF FF FF FF FF FF FF
13:57:51.500 R 09F80201 FF FC 00 00 03 00 FF FF
13:57:51.501 R 09F80101 03 20 50 1F 63 98 3E 03
13:57:51.502 R 0DF90B01 FF FC FB 01 03 00 FF FF
13:57:51.503 R 19F81401 C0 14 57 38 34 00 00 00
13:57:51.504 R 19F81401 C1 00 00 00 00 00 00 00
13:57:51.504 R 19F81401 C2 00 00 00 57 38 34 00
13:57:51.560 R 09FD02B1 FF 99 01 C3 74 FA FF FF
13:57:51.560 R 09FD02B1 FF 99 01 C3 74 FC FF FF
13:57:51.561 R 09FD02B1 FF 9C 01 9C 87 F9 FF FF
13:57:51.595 R 11F80E00 60 1C 01 D4 45 8D 0E CD
13:57:51.595 R 11F80E00 61 41 3B 03 2C B9 4B 1F
13:57:51.596 R 11F80E00 62 CF FF FF 00 00 98 87
13:57:51.597 R 11F80E00 63 00 C2 9A 00 00 C7 F8
13:57:51.597 R 11F80E00 64 FF FF FF FF FF FF FF
13:57:51.602 R 09F80101 04 20 50 1F 62 98 3E 03
13:57:51.648 R 11F80E00 80 1C 01 6B 5A 8E 0E 52
13:57:51.649 R 11F80E00 81 27 33 03 18 77 57 1F
13:57:51.650 R 11F80E00 82 CF FF FF 00 00 53 C0
13:57:51.650 R 11F80E00 83 00 FF FF FF 7F C0 F8
13:57:51.651 R 11F80E00 84 FF FF FF FF FF FF FF
13:57:51.659 R 09FD02B1 FF 9B 01 B4 74 FA FF FF
13:57:51.660 R 09FD02B1 FF 9B 01 B4 74 FC FF FF
13:57:51.660 R 09FD02B1 FF 9D 01 83 87 F9 FF FF
13:57:51.681 R 09F50373 00 00 00 FF FF 00 FF FF
13:57:51.703 R 09F80201 FF FC 00 00 03 00 FF FF
13:57:51.704 R 0DFE1101 80 0E C0 61 00 00 03 00
13:57:51.705 R 0DFE1101 81 FF FF FF FF FB 01 03
13:57:51.706 R 0DFE1101 82 00 FF FF FF FF FF FF
13:57:51.706 R 09F80101 04 20 50 1F 62 98 3E 03
13:57:51.723 R 1CFF1A73 3B 9F 00 00 FF FF FF FF
13:57:51.724 R 09F50373 00 00 00 FF FF 00 FF FF
13:57:51.753 R 15FD0773 00 C0 53 7A FF 7F FF FF
13:57:51.759 R 09FD02B1 FF 9C 01 94 74 FA FF FF
13:57:51.759 R 09FD02B1 FF 9C 01 94 74 FC FF FF
13:57:51.760 R 09FD02B1 FF 9F 01 5B 87 F9 FF FF
13:57:51.789 R 15FD0773 00 C0 53 7A FF 7F FF FF
13:57:51.805 R 0DF90301 FF 7F FF FF FF 7F FF FF
13:57:51.806 R 09F80101 04 20 50 1F 62 98 3E 03
13:57:51.807 R 1DFFF001 80 0D 3B 9F 90 FF FF FF
13:57:51.807 R 1DFFF001 81 FF FF FF FF FF 0C 01
13:57:51.858 R 09FD02B1 FF 9D 01 62 74 FA FF FF
13:57:51.859 R 09FD02B1 FF 9D 01 62 74 FC FF FF
13:57:51.859 R 09FD02B1 FF A0 01 21 87 F9 FF FF
13:57:51.872 R 1DEFFF73 A0 16 3B 9F F0 81 90 00
13:57:51.872 R 1DEFFF73 A1 03 01 00 00 49 02 F7
13:57:51.873 R 1DEFFF73 A2 FF FF 00 00 00 01 00
13:57:51.874 R 1DEFFF73 A3 00 00 FF FF FF FF FF
13:57:51.907 R 09F80201 FF FC 00 00 03 00 FF FF
13:57:51.907 R 09F80101 04 20 50 1F 62 98 3E 03
13:57:51.908 R 19FA0301 00 DB 3C 00 5A 00 3E 00
13:57:51.909 R 19FA0601 00 0F 65 3C 00 FF FF FF
13:57:51.910 R 19FA0601 01 FF FF FF FF FF FF FF
13:57:51.910 R 19FA0601 02 FF FF FF FF FF FF FF
13:57:51.911 R 19FA0B01 00 0F 65 06 00 FF FF FF
13:57:51.912 R 19FA0B01 01 FF FF FF FF FF FF FF
13:57:51.912 R 19FA0B01 02 FF FF FF FF FF FF FF
13:57:51.952 R 09F11273 00 BD 20 FF 7F FF 7F FD
13:57:51.953 R 09F10D73 FF F8 FF FF 0C 02 FF FF
13:57:51.954 R 1CFF0873 3B 9F 00 00 14 00 FF FF
13:57:51.954 R 1CFF4F73 3B 9F 00 FF FF BD 20 FF
13:57:51.955 R 1CFF5073 3B 9F 00 FF FF C9 22 FF
13:57:51.955 R 1DEFFF73 C0 16 3B 9F F0 81 84 06
13:57:51.956 R 1DEFFF73 C1 18 66 42 00 03 00 06
13:57:51.957 R 1DEFFF73 C2 FF FF 00 00 00 01 00
13:57:51.957 R 1DEFFF73 C3 00 00 FF FF FF FF FF
13:57:51.958 R 09FD02B1 FF 9E 01 33 74 FA FF FF
13:57:51.958 R 09FD02B1 FF 9E 01 33 74 FC FF FF
13:57:51.959 R 09FD02B1 FF A1 01 E8 86 F9 FF FF
13:57:51.970 R 11F80F00 20 1B 12 6A 6B 96 0C 55
13:57:51.970 R 11F80F00 21 5A 36 03 94 9F 52 1F
13:57:51.971 R 11F80F00 22 D0 FC E3 DD 00 A6 87
13:57:51.972 R 11F80F00 23 08 FF FF 00 70 FE FF
13:57:51.997 R 11F80E00 A0 1C 01 12 09 8C 0E 5E
13:57:51.997 R 11F80E00 A1 91 3A 03 5A 77 4B 1F
13:57:51.998 R 11F80E00 A2 D7 EB B0 00 00 E4 56
13:57:51.998 R 11F80E00 A3 08 FF FF FF 7F CF F8
13:57:51.999 R 11F80E00 A4 FF FF FF FF FF FF FF
13:57:52.008 R 19FA0401 00 DB 65 FF 12 05 FF 1D
13:57:52.009 R 19FA0401 01 E5 CD 04 10 00 00 00
13:57:52.010 R 19FA0401 02 00 F5 07 97 29 22 33
13:57:52.010 R 19FA0401 03 10 0E 00 00 00 00 F5
13:57:52.011 R 19FA0401 04 09 C5 13 AD 3C D8 0E
13:57:52.012 R 19FA0401 05 00 00 00 00 F5 0B 5D
13:57:52.013 R 19FA0401 06 10 AC 96 E4 0C 00 00
13:57:52.013 R 19FA0401 07 00 00 F5 14 0B 11 1F
13:57:52.014 R 19FA0401 08 BA D8 0E 00 00 00 00
13:57:52.015 R 19FA0401 09 F5 15 73 32 66 A8 3C
13:57:52.015 R 19FA0401 0A 0F 00 00 00 00 F5 1E
13:57:52.016 R 19FA0401 0B FF 2C 66 7B 04 10 00
13:57:52.017 R 19FA0401 0C 00 00 00 F5 44 80 16
13:57:52.017 R 19FA0401 0D B9 3E 48 0D 00 00 00
13:57:52.018 R 19FA0401 0E 00 F5 45 73 32 F4 0C
13:57:52.019 R 19FA0401 0F 04 10 00 00 00 00 F5
13:57:52.019 R 19FA0401 10 46 DD 17 2B CB A0 0F
13:57:52.020 R 19FA0401 11 00 00 00 00 F5 4E FF
13:57:52.021 R 19FA0401 12 1D D1 24 3C 0F 00 00
13:57:52.022 R 19FA0401 13 00 00 F5 31 74 14 66
13:57:52.022 R 19FA0401 14 7B B8 0B 00 00 00 00
13:57:52.023 R 19FA0401 15 F5 00 A2 3A 59 D3 74
13:57:52.024 R 19FA0401 16 0E 00 00 00 00 F5 00
13:57:52.024 R 19FA0401 17 39 28 FD B3 AC 0D 00
13:57:52.025 R 19FA0401 18 00 00 00 F5 00 BA 11
13:57:52.026 R 19FA0401 19 66 8A 80 0C 00 00 00
13:57:52.027 R 19FA0401 1A 00 F5 00 2E 17 7F 34
13:57:52.027 R 19FA0401 1B 80 0C 00 00 00 00 F5
13:57:52.028 R 19FA0401 1C 00 51 2C D1 33 10 0E
13:57:52.029 R 19FA0401 1D 00 00 00 00 F5 00 3A
13:57:52.029 R 19FA0401 1E 19 36 CD 10 0E 00 00
13:57:52.030 R 19FA0401 1F 00 00 F5 FF FF FF FF
13:57:52.031 R 09F80101 04 20 50 1F 62 98 3E 03
13:57:52.032 R 19F11A01 FF FF FF FF FB 01 FF FF
13:57:52.032 R 1CFF1F01 3B 9F FF FB 01 FF FF FF
13:57:52.057 R 09FD02B1 FF 9F 01 23 74 FA FF FF
13:57:52.057 R 09FD02B1 FF 9F 01 23 74 FC FF FF
13:57:52.058 R 09FD02B1 FF A2 01 D0 86 F9 FF FF
13:57:52.110 R 09F80201 FF FC 00 00 03 00 FF FF
13:57:52.110 R 09F80101 04 20 50 1F 62 98 3E 03
13:57:52.156 R 09FD02B1 FF A0 01 46 74 FA FF FF
13:57:52.157 R 09FD02B1 FF A0 01 46 74 FC FF FF
13:57:52.157 R 09FD02B1 FF A3 01 EB 86 F9 FF FF
13:57:52.211 R 0DF80501 20 2B 66 E4 50 C6 4B AC
13:57:52.211 R 0DF80501 21 19 00 F2 45 A3 49 66
13:57:52.212 R 11F80E00 C0 1C 01 7C AF 95 0E 23
13:57:52.212 R 0DF80501 22 4A 07 00 54 31 A5 55
13:57:52.213 R 11F80E00 C1 6B 1C 03 80 61 55 1F
13:57:52.214 R 0DF80501 23 63 C1 00 C0 4C 5F 02
13:57:52.214 R 11F80E00 C2 D3 84 53 34 01 AF 87
13:57:52.215 R 0DF80501 24 00 00 00 00 23 FC 14
13:57:52.215 R 11F80E00 C3 01 FF FF FF 7F C8 F8
13:57:52.216 R 0DF80501 25 3C 00 FF 7F EE 11 00
13:57:52.216 R 11F80E00 C4 FF FF FF FF FF FF FF
13:57:52.217 R 0DF80501 26 00 00 FF FF FF FF FF
13:57:52.218 R 09F80101 05 20 50 1F 62 98 3E 03
13:57:52.218 R 0DF80901 E4 50 C6 4B AC 19 78 00
13:57:52.225 R 0DF50B73 00 EB 01 00 00 FF FF FF
13:57:52.230 R 11F80F00 40 1B 12 7C 13 8D 0E D6
13:57:52.230 R 11F80F00 41 97 3E 03 AB 1F 50 1F
13:57:52.231 R 11F80F00 42 D3 FF FF 00 00 00 00
13:57:52.231 R 11F80F00 43 20 FF FF 00 70 FE FF
13:57:52.255 R 09FD02B1 FF A0 01 89 74 FA FF FF
13:57:52.255 R 09FD02B1 FF A0 01 89 74 FC FF FF
13:57:52.256 R 09FD02B1 FF A3 01 25 87 F9 FF FF
13:57:52.263 R 11F80E00 E0 1C 01 E4 71 96 0E F1
13:57:52.264 R 11F80E00 E1 53 3D 03 CE 28 4E 1F
13:57:52.265 R 11F80E00 E2 D3 FF FF 00 00 B1 87
13:57:52.265 R 11F80E00 E3 09 07 F2 00 00 CF F8
13:57:52.266 R 11F80E00 E4 FF FF FF FF FF FF FF
13:57:52.272 R 19F51373 E0 0E FF FF FF FF FF FF
13:57:52.272 R 19F51373 E1 86 85 B0 00 00 00 00
13:57:52.273 R 19F51373 E2 00 FF FF FF FF FF FF
13:57:52.274 R 1DFF6773 00 0B 3B 9F 03 00 04 B4
13:57:52.274 R 1DFF6773 01 6E 11 19 09 09 FF FF
13:57:52.275 R 1DFF6773 20 0B 3B 9F 03 02 04 B4
13:57:52.276 R 1DFF6773 21 6E 11 19 09 09 FF FF
13:57:52.311 R 09F80201 FF FC 00 00 03 00 FF FF
13:57:52.311 R 09F80101 05 20 50 1F 62 98 3E 03
13:57:52.300 R 0DF01001 FF FF E4 50 B8 4F AC 19
13:57:52.332 R 11F80E00 00 1C 01 90 73 8B 0E AD
13:57:52.332 R 11F80E00 01 56 3D 03 42 1E 4E 1F
13:57:52.333 R 11F80E00 02 D3 FF FF 00 00 3A 40
13:57:52.333 R 11F80E00 03 01 FF FF FF 7F C0 F8
13:57:52.334 R 11F80E00 04 FF FF FF FF FF FF FF
13:57:52.342 R 09FD02B1 FF A1 01 C7 74 FA FF FF
13:57:52.343 R 09FD02B1 FF A1 01 C7 74 FC FF FF
13:57:52.343 R 09FD02B1 FF A4 01 59 87 F9 FF FF
13:57:52.368 R 1CFFF001 3B 9F 8C FF 36 1C C5 65
13:57:52.400 R 09F80101 05 20 50 1F 61 98 3E 03
13:57:52.417 R 09F50373 00 00 00 FF FF 00 FF FF
13:57:52.441 R 09FD02B1 FF A2 01 E4 74 FA FF FF
13:57:52.442 R 09F11273 00 BD 20 FF 7F FF 7F FD
13:57:52.442 R 09FD02B1 FF A2 01 E4 74 FC FF FF
13:57:52.443 R 09FD02B1 FF A4 01 6E 87 F9 FF FF
13:57:52.444 R 09F10D73 FF F8 FF FF 0C 02 FF FF
13:57:52.444 R 1CFF4F73 3B 9F 00 FF FF BD 20 FF
13:57:52.445 R 1DEFFF73 40 16 3B 9F F0 81 9C 01
13:57:52.445 R 1DEFFF73 41 18 03 45 05 67 EB 06
13:57:52.446 R 1DEFFF73 42 FE 01 00 00 00 01 00
13:57:52.447 R 1DEFFF73 43 00 00 FF FF FF FF FF
13:57:52.501 R 09F80201 FF FC 00 00 03 00 FF FF
13:57:52.502 R 09F80101 05 20 50 1F 61 98 3E 03
13:57:52.503 R 0DF90B01 FF FC FB 01 03 00 FF FF
13:57:52.541 R 09FD02B1 FF A2 01 DF 74 FA FF FF
13:57:52.542 R 09FD02B1 FF A2 01 DF 74 FC FF FF
13:57:52.542 R 09FD02B1 FF A5 01 5F 87 F9 FF FF
13:57:52.602 R 09F80101 05 20 50 1F 61 98 3E 03
13:57:52.640 R 09FD02B1 FF A3 01 CC 74 FA FF FF
13:57:52.641 R 09FD02B1 FF A3 01 CC 74 FC FF FF
13:57:52.641 R 09FD02B1 FF A6 01 44 87 F9 FF FF
13:57:52.703 R 09F80201 FF FC 00 00 03 00 FF FF
13:57:52.704 R 0DFE1101 A0 0E C0 62 00 00 03 00
13:57:52.705 R 0DFE1101 A1 FF FF FF FF FB 01 03
13:57:52.705 R 0DFE1101 A2 00 FF FF FF FF FF FF
13:57:52.706 R 09F80101 05 20 50 1F 61 98 3E 03
13:57:52.707 R 11F80E00 20 1C 01 8D D5 95 0E 8A
13:57:52.707 R 11F80E00 21 63 46 03 16 E7 56 1F
13:57:52.708 R 11F80E00 22 D3 6C 94 91 01 16 41
13:57:52.708 R 11F80E00 23 09 43 93 00 00 C0 F8
13:57:52.709 R 11F80E00 24 FF FF FF FF FF FF FF
13:57:52.740 R 09FD02B1 FF A4 01 C3 74 FA FF FF
13:57:52.740 R 09FD02B1 FF A4 01 C3 74 FC FF FF
13:57:52.741 R 09FD02B1 FF A6 01 36 87 F9 FF FF
13:57:52.743 R 09F50373 00 00 00 FF FF 00 FF FF
13:57:52.744 R 1CFF1A73 3B 9F 00 00 FF FF FF FF
13:57:52.804 R 0DF90301 FF 7F FF FF FF 7F FF FF
13:57:52.805 R 09F80101 06 20 50 1F 61 98 3E 03
13:57:52.806 R 1DFFF001 A0 0D 3B 9F 90 FF FF FF
13:57:52.807 R 1DFFF001 A1 FF FF FF FF FF 0F 01
13:57:52.839 R 09FD02B1 FF A4 01 D6 74 FA FF FF
13:57:52.840 R 09FD02B1 FF A4 01 D6 74 FC FF FF
13:57:52.840 R 09FD02B1 FF A7 01 40 87 F9 FF FF
13:57:52.867 R 15FB0500 00 18 08 6B 5A 8E 0E 03
13:57:52.868 R 15FB0500 01 80 00 32 0A C3 2C B0
13:57:52.868 R 15FB0500 02 DB 5E 31 13 60 8D 07
13:57:52.869 R 15FB0500 03 C0 24 40 00 FF FF FF
13:57:52.906 R 09F80201 FF FC 00 00 03 00 FF FF
13:57:52.907 R 09F80101 06 20 50 1F 61 98 3E 03
13:57:52.908 R 19FA0301 00 DB 3C 00 5A 00 3E 00
13:57:52.908 R 19FA0601 20 0F 66 3C 00 FF FF FF
13:57:52.909 R 19FA0601 21 FF FF FF FF FF FF FF
13:57:52.910 R 19FA0601 22 FF FF FF FF FF FF FF
13:57:52.911 R 19FA0B01 20 0F 66 04 00 FF FF FF
13:57:52.911 R 19FA0B01 21 FF FF FF FF FF FF FF
13:57:52.912 R 19FA0B01 22 FF FF FF FF FF FF FF
13:57:52.938 R 09FD02B1 FF A5 01 FB 74 FA FF FF
13:57:52.939 R 09FD02B1 FF A5 01 FB 74 FC FF FF
13:57:52.940 R 09FD02B1 FF A7 01 5D 87 F9 FF FF
13:57:53.008 R 19FA0401 20 DB 66 FF 12 05 FF 1D
13:57:53.009 R 19FA0401 21 E5 CD 04 10 00 00 00
13:57:53.009 R 19FA0401 22 00 F5 07 97 29 22 33
13:57:53.010 R 19FA0401 23 10 0E 00 00 00 00 F5
13:57:53.011 R 19FA0401 24 09 C5 13 AD 3C 74 0E
13:57:53.011 R 19FA0401 25 00 00 00 00 F5 0B 5D
13:57:53.012 R 19FA0401 26 10 AC 96 E4 0C 00 00
13:57:53.013 R 19FA0401 27 00 00 F5 14 0B 11 1F
13:57:53.013 R 19FA0401 28 BA D8 0E 00 00 00 00
13:57:53.014 R 19FA0401 29 F5 15 73 32 66 A8 3C
13:57:53.015 R 19FA0401 2A 0F 00 00 00 00 F5 1E
13:57:53.016 R 19FA0401 2B FF 2C 66 7B 04 10 00
13:57:53.016 R 19FA0401 2C 00 00 00 F5 44 80 16
13:57:53.017 R 19FA0401 2D B9 3E AC 0D 00 00 00
13:57:53.018 R 19FA0401 2E 00 F5 45 73 32 F4 0C
13:57:53.018 R 19FA0401 2F A0 0F 00 00 00 00 F5
13:57:53.019 R 19FA0401 30 46 DD 17 2B CB A0 0F
13:57:53.020 R 19FA0401 31 00 00 00 00 F5 4E FF
13:57:53.021 R 19FA0401 32 1D D1 24 A0 0F 00 00
13:57:53.021 R 1CFF4F73 3B 9F 00 FF FF 0E 20 FF
13:57:53.022 R 19FA0401 33 00 00 F5 31 74 14 66
13:57:53.022 R 1CFF5073 3B 9F 00 FF FF C9 22 FF
13:57:53.023 R 19FA0401 34 7B 1C 0C 00 00 00 00
13:57:53.024 R 1DEFFF73 60 16 3B 9F F0 81 84 86
13:57:53.024 R 19FA0401 35 F5 00 A2 3A 59 D3 D8
13:57:53.025 R 1DEFFF73 61 17 66 42 00 03 00 06
13:57:53.025 R 19FA0401 36 0E 00 00 00 00 F5 00
13:57:53.026 R 1DEFFF73 62 00 00 00 00 00 01 00
13:57:53.026 R 19FA0401 37 39 28 FD B3 AC 0D 00
13:57:53.027 R 1DEFFF73 63 00 00 FF FF FF FF FF
13:57:53.028 R 19FA0401 38 00 00 00 F5 00 BA 11
13:57:53.028 R 09F11273 00 0E 20 FF 7F FF 7F FD
13:57:53.029 R 19FA0401 39 66 8A 80 0C 00 00 00
13:57:53.029 R 09F10D73 FF F8 FF FF 0C 02 FF FF
13:57:53.030 R 19FA0401 3A 00 F5 00 2E 17 7F 34
13:57:53.030 R 1CFF0873 3B 9F 00 00 14 00 FF FF
13:57:53.031 R 19FA0401 3B 80 0C 00 00 00 00 F5
13:57:53.032 R 19FA0401 3C 00 51 2C D1 33 AC 0D
13:57:53.032 R 19FA0401 3D 00 00 00 00 F5 00 3A
13:57:53.033 R 19FA0401 3E 19 36 CD 74 0E 00 00
13:57:53.034 R 19FA0401 3F 00 00 F5 FF FF FF FF
13:57:53.035 R 09F80101 06 20 50 1F 61 98 3E 03
13:57:53.035 R 19F11A01 FF FF FF FF FB 01 FF FF
13:57:53.038 R 09FD02B1 FF A5 01 1F 75 FA FF FF
13:57:53.040 R 09FD02B1 FF A5 01 1F 75 FC FF FF
13:57:53.041 R 09FD02B1 FF A8 01 7D 87 F9 FF FF
13:57:53.051 R 15FD0773 00 C0 53 7A FF 7F FF FF
13:57:53.082 R 11F80E00 40 1C 01 1B E7 96 0E 06
13:57:53.082 R 11F80E00 41 23 33 03 18 45 57 1F
13:57:53.083 R 11F80E00 42 D4 FF FF 00 00 D0 87
13:57:53.083 R 11F80E00 43 01 FF FF FF 7F C0 F8
13:57:53.084 R 11F80E00 44 FF FF FF FF FF FF FF
13:57:53.086 R 15FD0773 00 C0 53 7A FF 7F FF FF
13:57:53.109 R 09F80201 FF FC 00 00 03 00 FF FF
13:57:53.110 R 09F80101 06 20 50 1F 61 98 3E 03
13:57:53.137 R 09FD02B1 FF A5 01 39 75 FA FF FF
13:57:53.138 R 09FD02B1 FF A5 01 39 75 FC FF FF
13:57:53.139 R 09FD02B1 FF A8 01 92 87 F9 FF FF
13:57:53.210 R 0DF80501 40 2B 67 E4 50 D6 72 AC
13:57:53.211 R 0DF80501 41 19 00 BC E0 DE 49 66
13:57:53.212 R 0DF80501 42 4A 07 00 8A 96 69 55
13:57:53.213 R 0DF80501 43 63 C1 00 C0 4C 5F 02
13:57:53.213 R 0DF80501 44 00 00 00 00 23 FC 14
13:57:53.214 R 0DF80501 45 3C 00 FF 7F EE 11 00
13:57:53.215 R 0DF80501 46 00 00 FF FF FF FF FF
13:57:53.216 R 09F80101 06 20 50 1F 61 98 3E 03
13:57:53.216 R 0DF80901 E4 50 D6 72 AC 19 78 00
13:57:53.217 R 0DF50B73 00 EB 01 00 00 FF FF FF
13:57:53.222 R 11F80F00 60 1B 12 7C 13 8D 0E D6
13:57:53.222 R 11F80F00 61 97 3E 03 AB 1F 50 1F
13:57:53.223 R 11F80F00 62 D7 FF FF 00 00 00 00
13:57:53.224 R 11F80F00 63 20 FF FF 00 70 FE FF
13:57:53.237 R 09FD02B1 FF A5 01 45 75 FA FF FF
13:57:53.238 R 09FD02B1 FF A5 01 45 75 FC FF FF
13:57:53.239 R 09FD02B1 FF A8 01 9C 87 F9 FF FF
13:57:53.264 R 19F51373 80 0E FF FF FF FF FF FF
13:57:53.264 R 19F51373 81 86 85 B0 00 00 00 00
13:57:53.265 R 19F51373 82 00 FF FF FF FF FF FF
13:57:53.265 R 1DFF6773 A0 0B 3B 9F 03 00 04 B4
13:57:53.266 R 1DFF6773 A1 6E 11 19 09 09 FF FF
13:57:53.267 R 1DFF6773 C0 0B 3B 9F 03 02 04 B4
13:57:53.267 R 1DFF6773 C1 6E 11 19 09 09 FF FF
13:57:53.269 R 11F80E00 60 1C 01 C9 D4 95 0E 60
13:57:53.270 R 11F80E00 61 3C 3D 03 9E F2 4F 1F
13:57:53.270 R 11F80E00 62 D3 ED 4D 00 00 D7 87
13:57:53.271 R 11F80E00 63 00 FF FF FF 7F D0 F8
13:57:53.271 R 11F80E00 64 FF FF FF FF FF FF FF
13:57:53.312 R 09F80201 FF FC 00 00 03 00 FF FF
13:57:53.312 R 09F80101 06 20 50 1F 61 98 3E 03
13:57:53.301 R 0DF01001 FF FF E4 50 D2 76 AC 19
13:57:53.324 R 09FD02B1 FF A5 01 52 75 FA FF FF
13:57:53.325 R 09FD02B1 FF A5 01 52 75 FC FF FF
13:57:53.325 R 09FD02B1 FF A8 01 A7 87 F9 FF FF
13:57:53.359 R 1CFFF001 3B 9F 8C FF 26 1C F5 65
13:57:53.401 R 09F80101 07 20 50 1F 60 98 3E 03
13:57:53.409 R 09F50373 00 00 00 FF FF 00 FF FF
13:57:53.423 R 09FD02B1 FF A5 01 6E 75 FA FF FF
13:57:53.424 R 09FD02B1 FF A5 01 6E 75 FC FF FF
13:57:53.425 R 09FD02B1 FF A8 01 C1 87 F9 FF FF
13:57:53.471 R 11F80E00 80 1C 03 9E 61 95 0E 0A
13:57:53.472 R 11F80E00 81 8D 3D 03 D6 60 50 1F
13:57:53.473 R 11F80E00 82 D7 FF FF 00 00 4A 4C
13:57:53.473 R 11F80E00 83 09 FF FF FF 7F D5 F8
13:57:53.474 R 11F80E00 84 FF FF FF FF FF FF FF
13:57:53.502 R 09F80201 FF FC 00 00 03 00 FF FF
13:57:53.502 R 09F80101 07 20 50 1F 60 98 3E 03
13:57:53.503 R 0DF90B01 FF FC FB 01 03 00 FF FF
13:57:53.523 R 09FD02B1 FF A5 01 9C 75 FA FF FF
13:57:53.524 R 09FD02B1 FF A5 01 9C 75 FC FF FF
13:57:53.524 R 09FD02B1 FF A8 01 F0 87 F9 FF FF
13:57:53.603 R 09F80101 07 20 50 1F 60 98 3E 03
13:57:53.622 R 09FD02B1 FF A4 01 D6 75 FA FF FF
13:57:53.624 R 09FD02B1 FF A4 01 D6 75 FC FF FF
13:57:53.625 R 09FD02B1 FF A7 01 2C 88 F9 FF FF
13:57:53.657 R 09F11273 00 0E 20 FF 7F FF 7F FD
13:57:53.658 R 09F10D73 FF F8 FF FF 0C 02 FF FF
13:57:53.659 R 1CFF4F73 3B 9F 00 FF FF 0E 20 FF
13:57:53.659 R 1DEFFF73 E0 16 3B 9F F0 81 9C 81
13:57:53.660 R 1DEFFF73 E1 17 03 F0 FF 08 02 F7
13:57:53.660 R 1DEFFF73 E2 FF FF 00 00 00 01 00
13:57:53.661 R 1DEFFF73 E3 00 00 FF FF FF FF FF
13:57:53.685 R 09F50373 00 00 00 FF FF 00 FF FF
13:57:53.686 R 1CFF1A73 3B 9F 00 00 FF FF FF FF
13:57:53.704 R 09F80201 FF FC 00 00 03 00 FF FF
13:57:53.705 R 0DFE1101 C0 0E C0 63 00 00 03 00
13:57:53.705 R 0DFE1101 C1 FF FF FF FF FB 01 03
13:57:53.706 R 0DFE1101 C2 00 FF FF FF FF FF FF
13:57:53.707 R 09F80101 07 20 50 1F 60 98 3E 03
13:57:53.712 R 15FD0773 00 C0 53 7A FF 7F FF FF
13:57:53.722 R 09FD02B1 FF A4 01 07 76 FA FF FF
13:57:53.724 R 09FD02B1 FF A4 01 07 76 FC FF FF
13:57:53.724 R 09FD02B1 FF A6 01 5F 88 F9 FF FF
13:57:53.742 R 15FD0773 00 C0 53 7A FF 7F FF FF
13:57:53.766 R 11F80E00 A0 1C 01 80 8A 94 0E B9
13:57:53.767 R 11F80E00 A1 23 3B 03 1F B0 4B 1F
13:57:53.767 R 11F80E00 A2 D9 20 9C 00 00 EA 87
13:57:53.768 R 11F80E00 A3 08 14 9A 00 00 C0 F8
13:57:53.768 R 11F80E00 A4 FF FF FF FF FF FF FF
13:57:53.805 R 0DF90301 FF 7F FF FF FF 7F FF FF
13:57:53.806 R 09F80101 07 20 50 1F 60 98 3E 03
13:57:53.807 R 1DFFF001 C0 0D 3B 9F 90 FF FF FF
13:57:53.807 R 1DFFF001 C1 FF FF FF FF FF 12 01
13:57:53.821 R 09FD02B1 FF A3 01 1D 76 FA FF FF
13:57:53.823 R 09FD02B1 FF A3 01 1D 76 FC FF FF
13:57:53.824 R 09FD02B1 FF A6 01 79 88 F9 FF FF
13:57:53.863 R 1DEFFF73 00 16 3B 9F F0 81 90 00
13:57:53.863 R 1DEFFF73 01 05 01 00 00 49 02 F7
13:57:53.864 R 1DEFFF73 02 FF FF 00 00 00 01 00
13:57:53.866 R 1DEFFF73 03 00 00 FF FF FF FF FF
13:57:53.907 R 09F80201 FF FC 00 00 03 00 FF FF
13:57:53.907 R 09F80101 07 20 50 1F 60 98 3E 03
13:57:53.908 R 19FA0301 00 DB 3C 00 5A 00 3E 00
13:57:53.909 R 19FA0601 40 0F 67 3C 00 FF FF FF
13:57:53.910 R 19FA0601 41 FF FF FF FF FF FF FF
13:57:53.910 R 19FA0601 42 FF FF FF FF FF FF FF
13:57:53.911 R 19FA0B01 40 0F 67 05 00 FF FF FF
13:57:53.912 R 19FA0B01 41 FF FF FF FF FF FF FF
13:57:53.912 R 19FA0B01 42 FF FF FF FF FF FF FF
13:57:53.921 R 09FD02B1 FF A3 01 17 76 FA FF FF
13:57:53.923 R 09FD02B1 FF A3 01 17 76 FC FF FF
13:57:53.924 R 09FD02B1 FF A6 01 77 88 F9 FF FF
13:57:53.990 R 09F11273 00 0E 20 FF 7F FF 7F FD
13:57:53.991 R 09F10D73 FF F8 FF FF 0C 02 FF FF
13:57:53.991 R 1CFF0873 3B 9F 00 00 14 00 FF FF
13:57:53.992 R 1CFF4F73 3B 9F 00 FF FF 0E 20 FF
13:57:53.992 R 1CFF5073 3B 9F 00 FF FF C9 22 FF
13:57:53.993 R 1DEFFF73 20 16 3B 9F F0 81 84 86
13:57:53.994 R 1DEFFF73 21 17 66 42 00 03 00 06
13:57:53.994 R 1DEFFF73 22 FF FF 00 00 00 01 00
13:57:53.995 R 1DEFFF73 23 00 00 FF FF FF FF FF
13:57:54.008 R 19FA0401 40 DB 67 FF 12 05 FF 1D
13:57:54.009 R 19FA0401 41 E5 CD A0 0F 00 00 00
13:57:54.010 R 19FA0401 42 00 F5 07 97 29 22 33
13:57:54.010 R 19FA0401 43 10 0E 00 00 00 00 F5
13:57:54.011 R 19FA0401 44 09 C5 13 AD 3C 74 0E
13:57:54.012 R 19FA0401 45 00 00 00 00 F5 0B 5D
13:57:54.013 R 19FA0401 46 10 AC 96 48 0D 00 00
13:57:54.013 R 19FA0401 47 00 00 F5 14 0B 11 1F
13:57:54.014 R 19FA0401 48 BA 74 0E 00 00 00 00
13:57:54.015 R 19FA0401 49 F5 15 73 32 66 A8 A0
13:57:54.016 R 19FA0401 4A 0F 00 00 00 00 F5 1E
13:57:54.016 R 19FA0401 4B FF 2C 66 7B 04 10 00
13:57:54.017 R 19FA0401 4C 00 00 00 F5 44 80 16
13:57:54.018 R 19FA0401 4D B9 3E AC 0D 00 00 00
13:57:54.018 R 19FA0401 4E 00 F5 45 73 32 F4 0C
13:57:54.019 R 1CFF7400 3B 9F FD 00 00 FF FF FF
13:57:54.020 R 19FA0401 4F A0 0F 00 00 00 00 F5
13:57:54.020 R 09FD02B1 FF A3 01 08 76 FA FF FF
13:57:54.021 R 09FD02B1 FF A3 01 08 76 FC FF FF
13:57:54.021 R 19FA0401 50 46 DD 17 2B CB 04 10
13:57:54.022 R 09FD02B1 FF A5 01 6A 88 F9 FF FF
13:57:54.022 R 19FA0401 51 00 00 00 00 F5 4E FF
13:57:54.023 R 19FA0401 52 1D D1 24 A0 0F 00 00
13:57:54.024 R 19FA0401 53 00 00 F5 31 74 14 66
13:57:54.024 R 19FA0401 54 7B 80 0C 00 00 00 00
13:57:54.025 R 19FA0401 55 F5 00 A2 3A 59 D3 D8
13:57:54.026 R 19FA0401 56 0E 00 00 00 00 F5 00
13:57:54.027 R 19FA0401 57 39 28 FD B3 48 0D 00
13:57:54.027 R 19FA0401 58 00 00 00 F5 00 BA 11
13:57:54.028 R 19FA0401 59 66 8A 80 0C 00 00 00
13:57:54.029 R 19FA0401 5A 00 F5 00 2E 17 7F 34
13:57:54.029 R 19FA0401 5B 1C 0C 00 00 00 00 F5
13:57:54.030 R 19FA0401 5C 00 51 2C D1 33 48 0D
13:57:54.031 R 19FA0401 5D 00 00 00 00 F5 00 3A
13:57:54.031 R 19FA0401 5E 19 36 CD 74 0E 00 00
13:57:54.032 R 19FA0401 5F 00 00 F5 FF FF FF FF
13:57:54.033 R 09F80101 07 20 50 1F 60 98 3E 03
13:57:54.034 R 19F11A01 FF FF FF FF FB 01 FF FF
13:57:54.035 R 19FB1200 60 23 18 31 54 8C 0E 24
13:57:54.036 R 19FB1200 61 53 4D 54 45 27 5C 53
13:57:54.036 R 19FB1200 62 50 49 35 35 35 39 40
13:57:54.037 R 19FB1200 63 82 00 28 00 14 00 82
13:57:54.037 R 19FB1200 64 00 00 00 00 00 03 E0
13:57:54.038 R 19FB1200 65 FF FF FF FF FF FF FF
13:57:54.038 R 1DFF7700 60 1C 3B 9F 18 31 54 8C
13:57:54.039 R 1DFF7700 61 0E 01 24 53 4D 54 45
13:57:54.040 R 1DFF7700 62 27 5C 53 50 49 35 35
13:57:54.040 R 1DEFFF73 40 16 3B 9F F0 81 90 00
13:57:54.041 R 1DFF7700 63 35 39 40 82 00 A0 C1
13:57:54.041 R 1DEFFF73 41 03 66 42 00 03 00 06
13:57:54.042 R 1DFF7700 64 FF FF FF FF FF FF FF
13:57:54.042 R 1DEFFF73 42 FE 01 00 00 00 01 00
13:57:54.043 R 1DEFFF73 43 00 00 FF FF FF FF FF
13:57:54.087 R 11F80E00 C0 1C 01 CA 71 96 0E B0
13:57:54.088 R 11F80E00 C1 37 3D 03 AA F0 4F 1F
13:57:54.089 R 11F80E00 C2 D8 00 00 00 00 E4 56
13:57:54.089 R 11F80E00 C3 08 FF FF FF 7F C0 F8
13:57:54.090 R 11F80E00 C4 FF FF FF FF FF FF FF
13:57:54.113 R 09F80201 FF FC 00 00 03 00 FF FF
13:57:54.113 R 09F80101 08 20 50 1F 60 98 3E 03
13:57:54.119 R 09FD02B1 FF A2 01 05 76 FA FF FF
13:57:54.121 R 09FD02B1 FF A2 01 05 76 FC FF FF
13:57:54.122 R 09FD02B1 FF A5 01 6F 88 F9 FF FF
13:57:54.145 R 19FB1200 80 23 18 B6 33 8B 0E 00
13:57:54.146 R 19FB1200 81 00 00 00 00 00 00 00
13:57:54.147 R 19FB1200 82 00 FF FF FF FF 99 51
13:57:54.147 R 19FB1200 83 31 00 00 00 00 00 00
13:57:54.148 R 19FB1200 84 00 00 00 00 00 93 E1
13:57:54.148 R 19FB1200 85 FF FF FF FF FF FF FF
13:57:54.149 R 1DFF7700 80 1C 3B 9F 18 B6 33 8B
13:57:54.150 R 1DFF7700 81 0E 01 00 00 00 00 00
13:57:54.150 R 1DFF7700 82 00 00 00 00 FF FF FF
13:57:54.151 R 1DFF7700 83 FF 99 51 E4 5F 00 E0
13:57:54.151 R 1DFF7700 84 FF FF FF FF FF FF FF
13:57:54.211 R 0DF50B73 00 EE 01 00 00 FF FF FF
13:57:54.214 R 11F80F00 80 1B 12 7C 13 8D 0E D6
13:57:54.215 R 11F80F00 81 97 3E 03 AB 1F 50 1F
13:57:54.215 R 11F80F00 82 DB FF FF 00 00 00 00
13:57:54.216 R 0DF80501 60 2B 68 E4 50 D8 9D AC
13:57:54.217 R 11F80F00 83 20 FF FF 00 70 FE FF
13:57:54.217 R 0DF80501 61 19 00 50 16 56 4A 66
13:57:54.218 R 0DF80501 62 4A 07 00 F6 60 F2 54
13:57:54.218 R 0DF80501 63 63 C1 00 C0 4C 5F 02
13:57:54.219 R 09FD02B1 FF A2 01 21 76 FA FF FF
13:57:54.220 R 09FD02B1 FF A2 01 21 76 FC FF FF
13:57:54.220 R 0DF80501 64 00 00 00 00 23 FC 14
13:57:54.221 R 09FD02B1 FF A5 01 90 88 F9 FF FF
13:57:54.221 R 0DF80501 65 3C 00 FF 7F EE 11 00
13:57:54.222 R 0DF80501 66 00 00 FF FF FF FF FF
13:57:54.223 R 09F80101 08 20 50 1F 5F 98 3E 03
13:57:54.224 R 0DF80901 E4 50 D8 9D AC 19 78 00
13:57:54.255 R 19F51373 60 0E FF FF FF FF FF FF
13:57:54.256 R 19F51373 61 86 85 B0 00 00 00 00
13:57:54.257 R 19F51373 62 00 FF FF FF FF FF FF
13:57:54.257 R 1DFF6773 80 0B 3B 9F 03 00 04 B4
13:57:54.258 R 1DFF6773 81 6E 11 19 09 09 FF FF
13:57:54.259 R 1DFF6773 A0 0B 3B 9F 03 02 04 B4
13:57:54.259 R 1DFF6773 A1 6E 11 19 09 09 FF FF
13:57:54.317 R 09F80201 FF FC 00 00 03 00 FF FF
13:57:54.318 R 09F80101 08 20 50 1F 5F 98 3E 03
13:57:54.318 R 09FD02B1 FF A1 01 3E 76 FA FF FF
13:57:54.319 R 09FD02B1 FF A1 01 3E 76 FC FF FF
13:57:54.319 R 09FD02B1 FF A5 01 90 88 F9 FF FF
13:57:54.300 R 0DF01001 FF FF E4 50 D8 9D AC 19
13:57:54.350 R 1CFFF001 3B 9F 8C FF 1B 1C 15 66
13:57:54.398 R 09FD02B1 FF A1 01 43 76 FA FF FF
13:57:54.398 R 09F80101 08 20 50 1F 5F 98 3E 03
13:57:54.399 R 09FD02B1 FF A1 01 43 76 FC FF FF
13:57:54.399 R 09FD02B1 FF A4 01 BF 88 F9 FF FF
13:57:54.419 R 09F50373 00 00 00 FF FF 00 FF FF
13:57:54.459 R 1CFF1A73 3B 9F 00 00 FF FF FF FF
13:57:54.459 R 09F50373 00 00 00 FF FF 00 FF FF
13:57:54.469 R 11F80E00 E0 1C 03 C2 D3 8C 0E 8B
13:57:54.470 R 11F80E00 E1 97 41 03 7A E6 52 1F
13:57:54.470 R 11F80E00 E2 DA 3F 2F 38 00 4A 47
13:57:54.471 R 11F80E00 E3 01 FF FF FF 7F C5 F8
13:57:54.471 R 11F80E00 E4 FF FF FF FF FF FF FF
13:57:54.497 R 09FD02B1 FF A1 01 25 76 FA FF FF
13:57:54.499 R 09FD02B1 FF A1 01 25 76 FC FF FF
13:57:54.499 R 09F80201 FF FC 00 00 03 00 FF FF
13:57:54.500 R 09FD02B1 FF A4 01 BF 88 F9 FF FF
13:57:54.501 R 09F80101 08 20 50 1F 5F 98 3E 03
13:57:54.501 R 0DF90B01 FF FC FB 01 03 00 FF FF
13:57:54.545 R 09F11273 00 66 20 FF 7F FF 7F FD
13:57:54.546 R 09F10D73 FF F8 FF FF 0C 02 FF FF
13:57:54.547 R 1CFF4F73 3B 9F 00 FF FF 66 20 FF
13:57:54.547 R 1DEFFF73 C0 16 3B 9F F0 81 9C C1
13:57:54.548 R 1DEFFF73 C1 17 03 00 00 49 02 F7
13:57:54.548 R 1DEFFF73 C2 FF FF 00 00 00 01 00
13:57:54.549 R 1DEFFF73 C3 00 00 FF FF FF FF FF
13:57:54.596 R 09FD02B1 FF A0 01 EF 75 FA FF FF
13:57:54.598 R 09FD02B1 FF A0 01 EF 75 FC FF FF
13:57:54.599 R 09FD02B1 FF A3 01 76 88 F9 FF FF
13:57:54.600 R 09F80101 09 20 50 1F 5F 98 3E 03
13:57:54.605 R 11F80F00 A0 1B 12 43 10 95 0E 1D
13:57:54.605 R 11F80F00 A1 EF 34 03 77 E6 53 1F
13:57:54.606 R 11F80F00 A2 D8 30 E1 DD 00 06 00
13:57:54.606 R 11F80F00 A3 06 FF FF 00 74 FF FF
13:57:54.696 R 09FD02B1 FF A0 01 EF 75 FA FF FF
13:57:54.696 R 09FD02B1 FF A0 01 EF 75 FC FF FF
13:57:54.697 R 09FD02B1 FF A3 01 76 88 F9 FF FF
13:57:54.701 R 09F80201 FF FC 00 00 03 00 FF FF
13:57:54.701 R 0DFE1101 E0 0E C0 64 00 00 03 00
13:57:54.702 R 0DFE1101 E1 FF FF FF FF FB 01 03
13:57:54.703 R 0DFE1101 E2 00 FF FF FF FF FF FF
13:57:54.703 R 09F80101 09 20 50 1F 5F 98 3E 03
13:57:54.730 R 15FD0773 00 C0 53 7A FF 7F FF FF
13:57:54.764 R 11F80F00 C0 1B 12 F5 37 8E 0E 41
13:57:54.764 R 11F80F00 C1 53 2E 03 87 FB 56 1F
13:57:54.765 R 11F80F00 C2 D8 07 EF 96 01 67 C2
13:57:54.765 R 11F80F00 C3 08 FF FF 00 70 FE FF
13:57:54.795 R 09FD02B1 FF 9F 01 AA 75 FA FF FF
13:57:54.797 R 09FD02B1 FF 9F 01 AA 75 FC FF FF
13:57:54.798 R 09FD02B1 FF A2 01 3E 88 F9 FF FF
13:57:54.802 R 0DF90301 FF 7F FF FF FF 7F FF FF
13:57:54.802 R 09F80101 09 20 50 1F 5F 98 3E 03
13:57:54.803 R 1DFFF001 E0 0D 3B 9F 90 FF FF FF
13:57:54.804 R 1DFFF001 E1 FF FF FF FF FF 14 01
13:57:54.844 R 11F80E00 00 1C 01 18 E6 96 0E 85
13:57:54.845 R 11F80E00 01 26 3B 03 BC AC 4B 1F
13:57:54.845 R 11F80E00 02 D9 DF C6 00 00 D9 08
13:57:54.846 R 11F80E00 03 08 C5 22 00 00 D0 F8
13:57:54.846 R 11F80E00 04 FF FF FF FF FF FF FF
13:57:54.850 R 15FD0773 00 C0 53 7A FF 7F FF FF
13:57:54.871 R 11F80E00 20 1C 03 50 53 8F 0E DB
13:57:54.871 R 11F80E00 21 79 3B 03 26 D3 4B 1F
13:57:54.872 R 11F80E00 22 D9 7E 52 05 00 A0 0F
13:57:54.873 R 11F80E00 23 00 7D 9D CE FF C0 F8
13:57:54.873 R 11F80E00 24 FF FF FF FF FF FF FF
13:57:54.894 R 09FD02B1 FF 9F 01 AA 75 FA FF FF
13:57:54.895 R 09FD02B1 FF 9F 01 AA 75 FC FF FF
13:57:54.896 R 09FD02B1 FF A2 01 3E 88 F9 FF FF
13:57:54.902 R 09F80201 FF FC 00 00 03 00 FF FF
13:57:54.903 R 09F80101 09 20 50 1F 5F 98 3E 03
13:57:54.904 R 19FA0301 00 DB 3C 00 5A 00 3E 00
13:57:54.904 R 19FA0601 60 0F 68 3C 00 FF FF FF
13:57:54.905 R 19FA0601 61 FF FF FF FF FF FF FF
13:57:54.906 R 19FA0601 62 FF FF FF FF FF FF FF
13:57:54.906 R 19FA0B01 60 0F 68 05 00 FF FF FF
13:57:54.907 R 19FA0B01 61 FF FF FF FF FF FF FF
13:57:54.908 R 19FA0B01 62 FF FF FF FF FF FF FF
13:57:54.994 R 09FD02B1 FF 9E 01 E1 75 FA FF FF
13:57:54.996 R 09FD02B1 FF 9E 01 E1 75 FC FF FF
13:57:54.997 R 09FD02B1 FF A1 01 82 88 F9 FF FF
13:57:55.001 R 1CFF4F73 3B 9F 00 FF FF 0E 20 FF
13:57:55.001 R 1CFF5073 3B 9F 00 FF FF C9 22 FF
13:57:55.002 R 1DEFFF73 E0 16 3B 9F F0 81 84 86
13:57:55.003 R 1DEFFF73 E1 17 66 42 00 03 00 06
13:57:55.003 R 1DEFFF73 E2 00 00 00 00 00 01 00
13:57:55.004 R 19FA0401 60 DB 68 FF 12 05 FF 1D
13:57:55.004 R 1DEFFF73 E3 00 00 FF FF FF FF FF
13:57:55.005 R 19FA0401 61 E5 CD A0 0F 00 00 00
13:57:55.006 R 09F11273 00 0E 20 FF 7F FF 7F FD
13:57:55.006 R 19FA0401 62 00 F5 07 97 29 22 33
13:57:55.007 R 09F10D73 FF F8 FF FF 0C 02 FF FF
13:57:55.007 R 19FA0401 63 10 0E 00 00 00 00 F5
13:57:55.008 R 1CFF0873 3B 9F 00 00 14 00 FF FF
13:57:55.008 R 19FA0401 64 09 C5 13 AD 3C 74 0E
13:57:55.009 R 19FA0401 65 00 00 00 00 F5 0B 5D
13:57:55.010 R 19FA0401 66 10 AC 96 E4 0C 00 00
13:57:55.010 R 19FA0401 67 00 00 F5 14 0B 11 1F
13:57:55.011 R 19FA0401 68 BA 74 0E 00 00 00 00
13:57:55.012 R 19FA0401 69 F5 15 73 32 66 A8 3C
13:57:55.012 R 19FA0401 6A 0F 00 00 00 00 F5 1E
13:57:55.013 R 19FA0401 6B FF 2C 66 7B 04 10 00
13:57:55.014 R 19FA0401 6C 00 00 00 F5 44 80 16
13:57:55.014 R 19FA0401 6D B9 3E AC 0D 00 00 00
13:57:55.015 R 19FA0401 6E 00 F5 45 73 32 F4 0C
13:57:55.015 R 19FA0401 6F A0 0F 00 00 00 00 F5
13:57:55.016 R 19FA0401 70 46 DD 17 2B CB A0 0F
13:57:55.017 R 19FA0401 71 00 00 00 00 F5 4E FF
13:57:55.017 R 19FA0401 72 1D D1 24 A0 0F 00 00
13:57:55.018 R 19FA0401 73 00 00 F5 31 74 14 66
13:57:55.019 R 19FA0401 74 7B 80 0C 00 00 00 00
13:57:55.019 R 19FA0401 75 F5 00 A2 3A 59 D3 74
13:57:55.020 R 19FA0401 76 0E 00 00 00 00 F5 00
13:57:55.021 R 19FA0401 77 39 28 FD B3 48 0D 00
13:57:55.021 R 19FA0401 78 00 00 00 F5 00 BA 11
13:57:55.022 R 19FA0401 79 66 8A 80 0C 00 00 00
13:57:55.023 R 19FA0401 7A 00 F5 00 2E 17 7F 34
13:57:55.023 R 19FA0401 7B 1C 0C 00 00 00 00 F5
13:57:55.024 R 19FA0401 7C 00 51 2C D1 33 E4 0C
13:57:55.024 R 19FA0401 7D 00 00 00 00 F5 00 3A
13:57:55.025 R 19FA0401 7E 19 36 CD 74 0E 00 00
13:57:55.026 R 19FA0401 7F 00 00 F5 FF FF FF FF
13:57:55.027 R 09F80101 09 20 50 1F 5E 98 3E 03
13:57:55.027 R 19F11A01 FF FF FF FF FB 01 FF FF
13:57:55.032 R 11F80E00 40 1C 03 AE D1 97 0E CE
13:57:55.032 R 11F80E00 41 96 3D 03 B2 74 50 1F
13:57:55.033 R 11F80E00 42 DF 00 00 00 00 EA 4D
13:57:55.033 R 11F80E00 43 09 FF FF FF 7F C5 F8
13:57:55.034 R 11F80E00 44 FF FF FF FF FF FF FF
13:57:55.058 R 11F80E00 60 1C 01 62 4C 96 0E 09
13:57:55.059 R 11F80E00 61 6A 28 03 1B 92 45 1F
13:57:55.059 R 11F80E00 62 DF 2C A4 53 01 18 52
13:57:55.060 R 11F80E00 63 01 FF FF FF 7F CF F8
13:57:55.061 R 11F80E00 64 FF FF FF FF FF FF FF
13:57:55.093 R 09FD02B1 FF 9E 01 E1 75 FA FF FF
13:57:55.094 R 09FD02B1 FF 9E 01 E1 75 FC FF FF
13:57:55.095 R 09FD02B1 FF A1 01 82 88 F9 FF FF
13:57:55.104 R 09F80201 FF FC 00 00 03 00 FF FF
13:57:55.105 R 09F80101 09 20 50 1F 5E 98 3E 03
13:57:55.112 R 11F80F00 E0 1B 12 9D FF 90 0E C7
13:57:55.112 R 11F80F00 E1 F7 27 03 FE 55 5A 1F
13:57:55.113 R 11F80F00 E2 DF 39 58 4E 01 1D 08
13:57:55.114 R 11F80F00 E3 09 FF FF 00 70 FE FF
13:57:55.193 R 09FD02B1 FF 9D 01 22 76 FA FF FF
13:57:55.193 R 09FD02B1 FF 9D 01 22 76 FC FF FF
13:57:55.194 R 09FD02B1 FF A0 01 B0 88 F9 FF FF
13:57:55.195 R 0DF50B73 00 EE 01 00 00 FF FF FF
13:57:55.199 R 11F80F00 00 1B 12 7C 13 8D 0E D6
13:57:55.199 R 11F80F00 01 97 3E 03 AB 1F 50 1F
13:57:55.200 R 11F80F00 02 DF FF FF 05 00 00 00
13:57:55.200 R 11F80F00 03 20 FF FF 00 70 FE FF
13:57:55.205 R 0DF80501 80 2B 69 E4 50 E8 C4 AC
13:57:55.206 R 0DF80501 81 19 00 E4 4B CD 4A 66
13:57:55.206 R 0DF80501 82 4A 07 00 2C C6 B6 54
13:57:55.207 R 0DF80501 83 63 C1 00 C0 4C 5F 02
13:57:55.208 R 0DF80501 84 00 00 00 00 23 FC 14
13:57:55.208 R 0DF80501 85 3C 00 FF 7F EE 11 00
13:57:55.209 R 0DF80501 86 00 00 FF FF FF FF FF
13:57:55.210 R 09F80101 0A 20 50 1F 5E 98 3E 03
13:57:55.211 R 0DF80901 E4 50 E8 C4 AC 19 78 00
13:57:55.239 R 19F51373 00 0E FF FF FF FF FF FF
13:57:55.239 R 19F51373 01 86 85 B0 00 00 00 00
13:57:55.240 R 19F51373 02 00 FF FF FF FF FF FF
13:57:55.241 R 1DFF6773 20 0B 3B 9F 03 00 04 B4
13:57:55.241 R 1DFF6773 21 6E 11 19 09 09 FF FF
13:57:55.242 R 1DFF6773 40 0B 3B 9F 03 02 04 B4
13:57:55.243 R 1DFF6773 41 6E 11 19 09 09 FF FF
13:57:55.292 R 09FD02B1 FF 9D 01 22 76 FA FF FF
13:57:55.294 R 09FD02B1 FF 9D 01 22 76 FC FF FF
13:57:55.295 R 09FD02B1 FF 9F 01 CE 88 F9 FF FF
13:57:55.306 R 09F80201 FF FC 00 00 03 00 FF FF
13:57:55.307 R 09F80101 0A 20 50 1F 5E 98 3E 03
13:57:55.300 R 0DF01001 FF FF E4 50 E8 C4 AC 19
13:57:55.334 R 1CFFF001 3B 9F 8C FF 16 1C 22 66
13:57:55.384 R 09FD02B1 FF 9C 01 1B 76 FA FF FF
13:57:55.385 R 09FD02B1 FF 9C 01 1B 76 FC FF FF
13:57:55.386 R 09FD02B1 FF 9F 01 CE 88 F9 FF FF
13:57:55.400 R 09F80101 0A 20 50 1F 5E 98 3E 03
13:57:55.418 R 09F50373 00 00 00 FF FF 00 FF FF
13:57:55.484 R 09FD02B1 FF 9C 01 F6 75 FA FF FF
13:57:55.486 R 09FD02B1 FF 9C 01 F6 75 FC FF FF
13:57:55.486 R 09FD02B1 FF 9E 01 AE 88 F9 FF FF
13:57:55.500 R 09F80201 FF FC 00 00 03 00 FF FF
13:57:55.501 R 09F80101 0A 20 50 1F 5E 98 3E 03
13:57:55.502 R 09F11273 00 66 20 FF 7F FF 7F FD
13:57:55.502 R 0DF90B01 FF FC FB 01 03 00 FF FF
13:57:55.503 R 09F10D73 FF F8 FF FF 0C 02 FF FF
13:57:55.503 R 1CFF4F73 3B 9F 00 FF FF 66 20 FF
13:57:55.504 R 1DEFFF73 60 16 3B 9F F0 81 9C C1
13:57:55.505 R 1DEFFF73 61 17 03 FB 01 03 00 F7
13:57:55.505 R 1DEFFF73 62 FF FF 00 00 00 01 00
13:57:55.507 R 1DEFFF73 63 00 00 FF FF FF FF FF
13:57:55.508 R 11F80F00 20 1B 12 D9 8A 03 0E 13
13:57:55.509 R 11F80F00 21 42 27 03 AE 8D 4B 1F
13:57:55.509 R 11F80F00 22 DD 6B B5 15 01 06 00
13:57:55.510 R 11F80F00 23 0E FF FF 00 2C FF FF
13:57:55.582 R 09F50373 00 00 00 FF FF 00 FF FF
13:57:55.583 R 1CFF1A73 3B 9F 00 00 FF FF FF FF
13:57:55.584 R 09FD02B1 FF 9B 01 BF 75 FA FF FF
13:57:55.584 R 09FD02B1 FF 9B 01 BF 75 FC FF FF
13:57:55.585 R 09FD02B1 FF 9D 01 7D 88 F9 FF FF
13:57:55.601 R 09F80101 0A 20 50 1F 5E 98 3E 03
13:57:55.607 R 15FD0773 00 C0 53 7A FF 7F FF FF
13:57:55.642 R 15FD0773 00 C0 53 7A FF 7F FF FF
13:57:55.683 R 09FD02B1 FF 9A 01 8A 75 FA FF FF
13:57:55.684 R 09FD02B1 FF 9A 01 8A 75 FC FF FF
13:57:55.684 R 09FD02B1 FF 9C 01 4D 88 F9 FF FF
13:57:55.702 R 09F80201 FF FC 00 00 03 00 FF FF
13:57:55.703 R 0DFE1101 00 0E C0 65 00 00 03 00
13:57:55.703 R 0DFE1101 01 FF FF FF FF FB 01 03
13:57:55.704 R 0DFE1101 02 00 FF FF FF FF FF FF
13:57:55.705 R 09F80101 0A 20 50 1F 5E 98 3E 03
13:57:55.755 R 1DEFFF73 80 16 3B 9F F0 81 86 41
13:57:55.756 R 1DEFFF73 81 05 FA 00 00 49 00 F7
13:57:55.757 R 1DEFFF73 82 FF FF 00 00 00 01 00
13:57:55.757 R 1DEFFF73 83 00 00 FF FF FF FF FF
13:57:55.782 R 09FD02B1 FF 99 01 60 75 FA FF FF
13:57:55.783 R 09FD02B1 FF 99 01 60 75 FC FF FF
13:57:55.783 R 09FD02B1 FF 9C 01 28 88 F9 FF FF
13:57:55.803 R 0DF90301 FF 7F FF FF FF 7F FF FF
13:57:55.804 R 09F80101 0A 20 50 1F 5E 98 3E 03
13:57:55.804 R 1DFFF001 00 0D 3B 9F 90 FF FF FF
13:57:55.805 R 1DFFF001 01 FF FF FF FF FF 14 01
13:57:55.832 R 09F11273 00 BD 20 FF 7F FF 7F FD
13:57:55.832 R 09F10D73 FF F8 FF FF 0C 02 FF FF
13:57:55.833 R 1CFF0873 3B 9F 00 00 14 00 FF FF
13:57:55.834 R 1CFF4F73 3B 9F 00 FF FF BD 20 FF
13:57:55.834 R 1CFF5073 3B 9F 00 FF FF 1A 22 FF
13:57:55.835 R 1DEFFF73 A0 16 3B 9F F0 81 84 06
13:57:55.835 R 1DEFFF73 A1 18 64 42 00 03 00 06
13:57:55.836 R 1DEFFF73 A2 00 FF 00 00 00 01 00
13:57:55.837 R 1DEFFF73 A3 00 00 FF FF FF FF FF
13:57:55.856 R 11F80E00 80 1C 01 E9 13 95 0E 6E
13:57:55.856 R 11F80E00 81 B5 2E 03 A8 A8 49 1F
13:57:55.857 R 11F80E00 82 DF D4 A0 6D 01 FF 40
13:57:55.857 R 11F80E00 83 01 FF FF FF 7F D5 F8
13:57:55.858 R 11F80E00 84 FF FF FF FF FF FF FF
13:57:55.882 R 09FD02B1 FF 98 01 46 75 FA FF FF
13:57:55.882 R 09FD02B1 FF 98 01 46 75 FC FF FF
13:57:55.883 R 09FD02B1 FF 9B 01 14 88 F9 FF FF
13:57:55.904 R 09F80201 FF FC 00 00 03 00 FF FF
13:57:55.905 R 09F80101 0B 20 50 1F 5D 98 3E 03
13:57:55.905 R 19FA0301 00 DB 3C 00 5A 00 3E 00
13:57:55.906 R 19FA0601 80 0F 69 3C 00 FF FF FF
13:57:55.907 R 19FA0601 81 FF FF FF FF FF FF FF
13:57:55.907 R 19FA0601 82 FF FF FF FF FF FF FF
13:57:55.908 R 19FA0B01 80 0F 69 06 00 FF FF FF
13:57:55.910 R 19FA0B01 81 FF FF FF FF FF FF FF
13:57:55.911 R 19FA0B01 82 FF FF FF FF FF FF FF
13:57:55.981 R 09FD02B1 FF 98 01 3C 75 FA FF FF
13:57:55.982 R 09FD02B1 FF 98 01 3C 75 FC FF FF
13:57:55.982 R 09FD02B1 FF 9B 01 0F 88 F9 FF FF
13:57:56.005 R 19FA0401 80 DB 69 FF 12 05 FF 1D
13:57:56.006 R 19FA0401 81 E5 CD 04 10 00 00 00
13:57:56.007 R 19FA0401 82 00 F5 07 97 29 22 33
13:57:56.008 R 19FA0401 83 10 0E 00 00 00 00 F5
13:57:56.008 R 19FA0401 84 09 C5 13 AD 3C 74 0E
13:57:56.009 R 19FA0401 85 00 00 00 00 F5 0B 5D
13:57:56.010 R 19FA0401 86 10 AC 96 E4 0C 00 00
13:57:56.010 R 19FA0401 87 00 00 F5 14 0B 11 1F
13:57:56.011 R 19FA0401 88 BA D8 0E 00 00 00 00
13:57:56.012 R 19FA0401 89 F5 15 73 32 66 A8 3C
13:57:56.012 R 19FA0401 8A 0F 00 00 00 00 F5 1E
13:57:56.014 R 19FA0401 8B FF 2C 66 7B 04 10 00
13:57:56.014 R 19FA0401 8C 00 00 00 F5 44 80 16
13:57:56.015 R 19FA0401 8D B9 3E 48 0D 00 00 00
13:57:56.016 R 19FA0401 8E 00 F5 45 73 32 F4 0C
13:57:56.016 R 19FA0401 8F 04 10 00 00 00 00 F5
13:57:56.017 R 19FA0401 90 46 DD 17 2B CB A0 0F
13:57:56.018 R 19FA0401 91 00 00 00 00 F5 4E FF
13:57:56.019 R 19FA0401 92 1D D1 24 A0 0F 00 00
13:57:56.019 R 19FA0401 93 00 00 F5 31 74 14 66
13:57:56.020 R 19FA0401 94 7B 1C 0C 00 00 00 00
13:57:56.021 R 19FA0401 95 F5 00 A2 3A 59 D3 74
13:57:56.022 R 19FA0401 96 0E 00 00 00 00 F5 00
13:57:56.023 R 19FA0401 97 39 28 FD B3 AC 0D 00
13:57:56.023 R 19FA0401 98 00 00 00 F5 00 BA 11
13:57:56.024 R 19FA0401 99 66 8A 80 0C 00 00 00
13:57:56.025 R 19FA0401 9A 00 F5 00 2E 17 7F 34
13:57:56.025 R 19FA0401 9B 1C 0C 00 00 00 00 F5
13:57:56.026 R 19FA0401 9C 00 51 2C D1 33 48 0D
13:57:56.027 R 19FA0401 9D 00 00 00 00 F5 00 3A
13:57:56.028 R 19FA0401 9E 19 36 CD 74 0E 00 00
13:57:56.028 R 19FA0401 9F 00 00 F5 FF FF FF FF
13:57:56.029 R 09F80101 0B 20 50 1F 5D 98 3E 03
13:57:56.030 R 19F11A01 FF FF FF FF FB 01 FF FF
13:57:56.069 R 11F80E00 A0 1C 01 90 2A 8B 0E 86
13:57:56.070 R 11F80E00 A1 7C 3B 03 C4 DA 4B 1F
13:57:56.070 R 11F80E00 A2 E3 FF FF 05 00 E4 56
13:57:56.071 R 11F80E00 A3 08 FF FF FF 7F C0 F8
13:57:56.071 R 11F80E00 A4 FF FF FF FF FF FF FF
13:57:56.080 R 09FD02B1 FF 97 01 39 75 FA FF FF
13:57:56.081 R 09FD02B1 FF 97 01 39 75 FC FF FF
13:57:56.082 R 09FD02B1 FF 9A 01 0E 88 F9 FF FF
13:57:56.107 R 09F80201 FF FC 00 00 03 00 FF FF
13:57:56.108 R 09F80101 0B 20 50 1F 5D 98 3E 03
13:57:56.149 R 11F80E00 C0 1C 01 2C 37 95 0E 05
13:57:56.150 R 11F80E00 C1 DE 3E 03 17 F2 5C 1F
13:57:56.150 R 11F80E00 C2 D9 FC D4 96 01 E4 56
13:57:56.151 R 11F80E00 C3 08 B6 D4 00 00 D0 F8
13:57:56.152 R 11F80E00 C4 FF FF FF FF FF FF FF
13:57:56.180 R 09FD02B1 FF 97 01 30 75 FA FF FF
13:57:56.180 R 09FD02B1 FF 97 01 30 75 FC FF FF
13:57:56.181 R 09FD02B1 FF 99 01 0B 88 F9 FF FF
13:57:56.189 R 0DF50B73 00 F4 01 00 00 FF FF FF
13:57:56.196 R 11F80F00 40 1B 12 7C 13 8D 0E D6
13:57:56.196 R 11F80F00 41 97 3E 03 AB 1F 50 1F
13:57:56.197 R 11F80F00 42 E3 FF FF 00 00 00 00
13:57:56.198 R 11F80F00 43 20 FF FF 00 70 FE FF
13:57:56.198 R 1CFF0800 3B 9F FF 00 71 04 FF FF
13:57:56.206 R 1DEFFF73 C0 16 3B 9F F0 81 90 00
13:57:56.206 R 1DEFFF73 C1 03 A4 00 00 03 00 06
13:57:56.207 R 1DEFFF73 C2 F4 01 00 00 00 01 00
13:57:56.208 R 0DF80501 A0 2B 6A E4 50 10 E8 AC
13:57:56.209 R 1DEFFF73 C3 00 00 FF FF FF FF FF
13:57:56.209 R 0DF80501 A1 19 00 AE E6 08 4B 66
13:57:56.210 R 0DF80501 A2 4A 07 00 62 2B 7B 54
13:57:56.211 R 0DF80501 A3 63 C1 00 C0 4C 5F 02
13:57:56.211 R 0DF80501 A4 00 00 00 00 23 FC 14
13:57:56.212 R 0DF80501 A5 3C 00 FF 7F EE 11 00
13:57:56.213 R 0DF80501 A6 00 00 FF FF FF FF FF
13:57:56.214 R 09F80101 0B 20 50 1F 5D 98 3E 03
13:57:56.214 R 0DF80901 E4 50 10 E8 AC 19 78 00
13:57:56.236 R 19F51373 E0 0E FF FF FF FF FF FF
13:57:56.236 R 19F51373 E1 86 85 B0 00 00 00 00
13:57:56.237 R 19F51373 E2 00 FF FF FF FF FF FF
13:57:56.237 R 1DFF6773 00 0B 3B 9F 03 00 04 B4
13:57:56.238 R 1DFF6773 01 6E 11 19 09 09 FF FF
13:57:56.239 R 1DFF6773 20 0B 3B 9F 03 02 04 B4
13:57:56.239 R 1DFF6773 21 6E 11 19 09 09 FF FF
13:57:56.279 R 09FD02B1 FF 96 01 21 75 FA FF FF
13:57:56.280 R 09FD02B1 FF 96 01 21 75 FC FF FF
13:57:56.280 R 09FD02B1 FF 99 01 FF 87 F9 FF FF
13:57:56.309 R 09F80201 FF FC 00 00 03 00 FF FF
13:57:56.310 R 09F80101 0B 20 50 1F 5D 98 3E 03
13:57:56.200 R 0DF01001 FF FF E4 50 10 E8 AC 19
13:57:56.233 R 1CFFF001 3B 9F 8C FF 18 1C 1D 66
13:57:56.246 R 1DEFFF73 40 16 3B 9F F0 81 9C 01
13:57:56.246 R 1DEFFF73 41 18 03 8A FF 08 02 F7
13:57:56.247 R 1DEFFF73 42 FF FF 00 00 00 01 00
13:57:56.248 R 1DEFFF73 43 00 00 FF FF FF FF FF
13:57:56.248 R 09F11273 00 BD 20 FF 7F FF 7F FD
13:57:56.249 R 09F10D73 FF F8 FF FF 0C 02 FF FF
13:57:56.250 R 1CFF4F73 3B 9F 00 FF FF BD 20 FF
13:57:56.268 R 09FD02B1 FF 96 01 06 75 FA FF FF
13:57:56.268 R 09FD02B1 FF 96 01 06 75 FC FF FF
13:57:56.269 R 09FD02B1 FF 98 01 E6 87 F9 FF FF
13:57:56.270 R 09F50373 00 00 00 FF FF 00 FF FF
13:57:56.299 R 09F80101 0C 20 50 1F 5D 98 3E 03
13:57:56.319 R 1CFF1A73 3B 9F 00 00 FF FF FF FF
13:57:56.320 R 09F50373 00 00 00 FF FF 00 FF FF
13:57:56.360 R 11F80E00 E0 1C 01 20 38 95 0E 75
13:57:56.360 R 11F80E00 E1 25 3D 03 92 A9 4F 1F
13:57:56.361 R 11F80E00 E2 E3 FF FF 00 00 50 08
13:57:56.361 R 11F80E00 E3 01 FF FF FF 7F D0 F8
13:57:56.362 R 11F80E00 E4 FF FF FF FF FF FF FF
13:57:56.367 R 09FD02B1 FF 95 01 DC 74 FA FF FF
13:57:56.368 R 09FD02B1 FF 95 01 DC 74 FC FF FF
13:57:56.368 R 09FD02B1 FF 98 01 C1 87 F9 FF FF
13:57:56.400 R 09F80201 FF FC 00 00 03 00 FF FF
13:57:56.401 R 09F80101 0C 20 50 1F 5D 98 3E 03
13:57:56.401 R 0DF90B01 FF FC FB 01 03 00 FF FF
13:57:56.430 R 15FD0773 00 C0 53 7A FF 7F FF FF
13:57:56.461 R 15FD0773 00 C0 53 7A FF 7F FF FF
13:57:56.466 R 09FD02B1 FF 94 01 AA 74 FA FF FF
13:57:56.468 R 09FD02B1 FF 94 01 AA 74 FC FF FF
13:57:56.469 R 09FD02B1 FF 97 01 92 87 F9 FF FF
13:57:56.501 R 09F80101 0C 20 50 1F 5D 98 3E 03
13:57:56.566 R 09FD02B1 FF 93 01 75 74 FA FF FF
13:57:56.567 R 09FD02B1 FF 93 01 75 74 FC FF FF
13:57:56.567 R 09FD02B1 FF 96 01 60 87 F9 FF FF
13:57:56.602 R 09F80201 FF FC 00 00 03 00 FF FF
13:57:56.602 R 0DFE1101 20 0E C0 66 00 00 03 00
13:57:56.603 R 0DFE1101 21 FF FF FF FF FB 01 03
13:57:56.604 R 0DFE1101 22 00 FF FF FF FF FF FF
13:57:56.604 R 09F80101 0C 20 50 1F 5D 98 3E 03
13:57:56.665 R 09FD02B1 FF 93 01 45 74 FA FF FF
13:57:56.666 R 09FD02B1 FF 93 01 45 74 FC FF FF
13:57:56.667 R 09FD02B1 FF 95 01 35 87 F9 FF FF
13:57:56.687 R 19FB1200 A0 23 18 B6 33 8B 0E 24
13:57:56.687 R 19FB1200 A1 4F 4E 57 41 40 40 40
13:57:56.688 R 19FB1200 A2 50 49 35 32 37 36 40
13:57:56.688 R 19FB1200 A3 78 00 14 00 0A 00 6E
13:57:56.689 R 19FB1200 A4 00 00 00 00 00 03 E0
13:57:56.690 R 19FB1200 A5 FF FF FF FF FF FF FF
13:57:56.690 R 1DFF7700 A0 1C 3B 9F 18 B6 33 8B
13:57:56.691 R 1DFF7700 A1 0E 01 24 4F 4E 57 41
13:57:56.691 R 1DFF7700 A2 40 40 40 50 49 35 32
13:57:56.692 R 1DFF7700 A3 37 36 40 41 10 60 C1
13:57:56.692 R 1DFF7700 A4 FF FF FF FF FF FF FF
13:57:56.703 R 0DF90301 FF 7F FF FF FF 7F FF FF
13:57:56.703 R 09F80101 0C 20 50 1F 5C 98 3E 03
13:57:56.704 R 1DFFF001 20 0D 3B 9F 90 FF FF FF
13:57:56.705 R 1DFFF001 21 FF FF FF FF FF 13 01
13:57:56.765 R 09FD02B1 FF 92 01 21 74 FA FF FF
13:57:56.766 R 09FD02B1 FF 92 01 21 74 FC FF FF
13:57:56.767 R 09FD02B1 FF 95 01 14 87 F9 FF FF
13:57:56.782 R 1CFF4F73 3B 9F 00 FF FF BD 20 FF
13:57:56.782 R 1CFF5073 3B 9F 00 FF FF 1A 22 FF
13:57:56.783 R 1DEFFF73 60 16 3B 9F F0 81 84 06
13:57:56.783 R 1DEFFF73 61 18 64 42 00 03 00 06
13:57:56.784 R 1DEFFF73 62 FF FF 00 00 00 01 00
13:57:56.784 R 1DEFFF73 63 00 00 FF FF FF FF FF
13:57:56.785 R 09F11273 00 BD 20 FF 7F FF 7F FD
13:57:56.786 R 09F10D73 FF F8 FF FF 0C 02 FF FF
13:57:56.786 R 1CFF0873 3B 9F 00 00 14 00 FF FF
13:57:56.804 R 09F80201 FF FC 00 00 03 00 FF FF
13:57:56.805 R 09F80101 0D 20 50 1F 5C 98 3E 03
13:57:56.806 R 19FA0301 00 DB 3C 00 5A 00 3E 00
13:57:56.806 R 19FA0601 A0 0F 6A 3C 00 FF FF FF
13:57:56.807 R 19FA0601 A1 FF FF FF FF FF FF FF
13:57:56.808 R 19FA0601 A2 FF FF FF FF FF FF FF
13:57:56.808 R 19FA0B01 A0 0F 6A 06 00 FF FF FF
13:57:56.809 R 19FA0B01 A1 FF FF FF FF FF FF FF
13:57:56.810 R 19FA0B01 A2 FF FF FF FF FF FF FF
13:57:56.864 R 09FD02B1 FF 92 01 08 74 FA FF FF
13:57:56.865 R 09FD02B1 FF 92 01 08 74 FC FF FF
13:57:56.865 R 09FD02B1 FF 95 01 FE 86 F9 FF FF
13:57:56.894 R 1CFF7400 3B 9F FD 00 00 FF FF FF
13:57:56.906 R 19FA0401 A0 DB 6A FF 12 05 FF 1D
13:57:56.907 R 19FA0401 A1 E5 CD 04 10 00 00 00
13:57:56.908 R 19FA0401 A2 00 F5 07 E8 28 22 33
13:57:56.908 R 19FA0401 A3 10 0E 00 00 00 00 F5
13:57:56.909 R 19FA0401 A4 09 C5 13 AD 3C 74 0E
13:57:56.910 R 19FA0401 A5 00 00 00 00 F5 0B 5D
13:57:56.910 R 19FA0401 A6 10 AC 96 80 0C 00 00
13:57:56.911 R 19FA0401 A7 00 00 F5 14 0B 11 1F
13:57:56.912 R 19FA0401 A8 BA D8 0E 00 00 00 00
13:57:56.912 R 19FA0401 A9 F5 15 73 32 66 A8 3C
13:57:56.913 R 19FA0401 AA 0F 00 00 00 00 F5 1E
13:57:56.914 R 19FA0401 AB FF 2C 66 7B 04 10 00
13:57:56.915 R 19FA0401 AC 00 00 00 F5 44 80 16
13:57:56.915 R 19FA0401 AD B9 3E 48 0D 00 00 00
13:57:56.916 R 19FA0401 AE 00 F5 45 73 32 F4 0C
13:57:56.917 R 19FA0401 AF 04 10 00 00 00 00 F5
13:57:56.918 R 19FA0401 B0 46 DD 17 2B CB A0 0F
13:57:56.918 R 19FA0401 B1 00 00 00 00 F5 4E FF
13:57:56.919 R 19FA0401 B2 1D D1 24 A0 0F 00 00
13:57:56.920 R 19FA0401 B3 00 00 F5 31 74 14 66
13:57:56.920 R 19FA0401 B4 7B 1C 0C 00 00 00 00
13:57:56.921 R 19FA0401 B5 F5 00 A2 3A 59 D3 74
13:57:56.922 R 19FA0401 B6 0E 00 00 00 00 F5 00
13:57:56.922 R 19FA0401 B7 39 28 FD B3 AC 0D 00
13:57:56.923 R 19FA0401 B8 00 00 00 F5 00 BA 11
13:57:56.924 R 19FA0401 B9 66 8A 80 0C 00 00 00
13:57:56.924 R 19FA0401 BA 00 F5 00 2E 17 7F 34
13:57:56.925 R 19FA0401 BB 1C 0C 00 00 00 00 F5
13:57:56.926 R 19FA0401 BC 00 51 2C D1 33 48 0D
13:57:56.927 R 19FA0401 BD 00 00 00 00 F5 00 3A
13:57:56.927 R 19FA0401 BE 19 36 CD 74 0E 00 00
13:57:56.928 R 19FA0401 BF 00 00 F5 FF FF FF FF
13:57:56.929 R 09F80101 0D 20 50 1F 5C 98 3E 03
13:57:56.929 R 19F11A01 FF FF FF FF FB 01 FF FF
13:57:56.964 R 09FD02B1 FF 92 01 F0 73 FA FF FF
13:57:56.965 R 09FD02B1 FF 92 01 F0 73 FC FF FF
13:57:56.966 R 09FD02B1 FF 94 01 E9 86 F9 FF FF
13:57:57.008 R 09F80201 FF FC 00 00 03 00 FF FF
13:57:57.009 R 09F80101 0D 20 50 1F 5C 98 3E 03
13:57:57.063 R 09FD02B1 FF 92 01 D8 73 FA FF FF
13:57:57.064 R 09FD02B1 FF 92 01 D8 73 FC FF FF
13:57:57.064 R 09FD02B1 FF 94 01 D3 86 F9 FF FF
13:57:57.082 R 0DF50B73 00 EE 01 00 00 FF FF FF
13:57:57.089 R 11F80F00 60 1B 12 7C 13 8D 0E D6
13:57:57.090 R 11F80F00 61 97 3E 03 BC 1F 50 1F
13:57:57.090 R 11F80F00 62 E7 FF FF 00 00 00 00
13:57:57.091 R 11F80F00 63 20 FF FF 00 70 FE FF
13:57:57.109 R 0DF80501 C0 2B 6B E4 50 08 13 AD
13:57:57.109 R 0DF80501 C1 19 00 42 1C 80 4B 66
13:57:57.110 R 0DF80501 C2 4A 07 00 98 90 3F 54
13:57:57.111 R 0DF80501 C3 63 C1 00 60 D3 60 02
13:57:57.111 R 0DF80501 C4 00 00 00 00 23 FC 14
13:57:57.112 R 0DF80501 C5 3C 00 FF 7F EE 11 00
13:57:57.113 R 0DF80501 C6 00 00 FF FF FF FF FF
13:57:57.114 R 09F80101 0D 20 50 1F 5C 98 3E 03
13:57:57.114 R 0DF80901 E4 50 08 13 AD 19 78 00
13:57:57.128 R 19F51373 80 0E FF FF FF FF FF FF
13:57:57.129 R 19F51373 81 86 85 B0 00 00 00 00
13:57:57.129 R 19F51373 82 00 FF FF FF FF FF FF
13:57:57.130 R 1DFF6773 A0 0B 3B 9F 03 00 04 B4
13:57:57.130 R 1DFF6773 A1 6E 11 19 09 09 FF FF
13:57:57.131 R 1DFF6773 C0 0B 3B 9F 03 02 04 B4
13:57:57.132 R 1DFF6773 C1 6E 11 19 09 09 FF FF
13:57:57.162 R 09FD02B1 FF 91 01 C1 73 FA FF FF
13:57:57.163 R 09FD02B1 FF 91 01 C1 73 FC FF FF
13:57:57.164 R 09FD02B1 FF 94 01 BE 86 F9 FF FF
13:57:57.164 R 11F80E00 00 1C 01 A5 04 8E 0E 34
13:57:57.165 R 11F80E00 01 B8 3D 03 0B 54 4D 1F
13:57:57.165 R 11F80E00 02 E4 FF FF 00 00 BB 40
13:57:57.166 R 11F80E00 03 01 FF FF FF 7F C0 F8
13:57:57.166 R 11F80E00 04 FF FF FF FF FF FF FF
13:57:57.210 R 09F80201 FF FC 00 00 03 00 FF FF
13:57:57.211 R 09F80101 0D 20 50 1F 5C 98 3E 03
13:57:57.300 R 0DF01001 FF FF E4 50 08 13 AD 19
13:57:57.326 R 1CFFF001 3B 9F 8C FF 20 1C 05 66
13:57:57.335 R 1DEFFF73 E0 16 3B 9F F0 81 9C 41
13:57:57.335 R 1DEFFF73 E1 18 03 45 05 67 EB 06
13:57:57.336 R 1DEFFF73 E2 F4 01 00 00 00 01 00
13:57:57.336 R 1DEFFF73 E3 00 00 FF FF FF FF FF
13:57:57.337 R 09F11273 00 14 21 FF 7F FF 7F FD
13:57:57.338 R 09F10D73 FF F8 FF FF 0C 02 FF FF
13:57:57.338 R 1CFF4F73 3B 9F 00 FF FF 14 21 FF
13:57:57.351 R 09FD02B1 FF 91 01 AA 73 FA FF FF
13:57:57.351 R 09FD02B1 FF 91 01 AA 73 FC FF FF
13:57:57.352 R 09FD02B1 FF 94 01 AB 86 F9 FF FF
13:57:57.387 R 11F80F00 80 1B 12 EE AB 8B 0E 43
13:57:57.387 R 11F80F00 81 F5 44 03 BA 6A 5D 1F
13:57:57.388 R 11F80F00 82 E4 AD 6C 3E 01 2E 09
13:57:57.389 R 11F80F00 83 00 FF FF 00 70 FE FF
13:57:57.400 R 09F80101 0E 20 50 1F 5C 98 3E 03
13:57:57.403 R 09F50373 00 00 00 FF FF 00 FF FF
13:57:57.441 R 1CFF1A73 3B 9F 00 00 FF FF FF FF
13:57:57.442 R 09F50373 00 00 00 FF FF 00 FF FF
13:57:57.450 R 09FD02B1 FF 91 01 96 73 FA FF FF
13:57:57.452 R 09FD02B1 FF 91 01 96 73 FC FF FF
13:57:57.453 R 09FD02B1 FF 94 01 98 86 F9 FF FF
13:57:57.501 R 09F80201 FF FC 00 00 03 00 FF FF
13:57:57.502 R 09F80101 0E 20 50 1F 5C 98 3E 03
13:57:57.502 R 0DF90B01 FF FC FB 01 03 00 FF FF
13:57:57.529 R 15FD0773 00 C0 53 7A FF 7F FF FF
13:57:57.550 R 09FD02B1 FF 91 01 81 73 FA FF FF
13:57:57.551 R 09FD02B1 FF 91 01 81 73 FC FF FF
13:57:57.552 R 09FD02B1 FF 94 01 86 86 F9 FF FF
13:57:57.564 R 15FD0773 00 C0 53 7A FF 7F FF FF
13:57:57.600 R 11F80E00 20 1C 03 21 E8 8B 0E 27
13:57:57.601 R 11F80E00 21 20 3A 03 3A 4D 4B 1F
13:57:57.601 R 11F80E00 22 E7 FF FF 00 00 3A 4F
13:57:57.602 R 11F80E00 23 09 FF FF FF 7F C5 F8
13:57:57.603 R 09F80101 0E 20 50 1F 5B 98 3E 03
13:57:57.603 R 11F80E00 24 FF FF FF FF FF FF FF
13:57:57.649 R 09FD02B1 FF 91 01 6D 73 FA FF FF
13:57:57.650 R 09FD02B1 FF 91 01 6D 73 FC FF FF
13:57:57.650 R 09FD02B1 FF 94 01 75 86 F9 FF FF
13:57:57.703 R 09F80201 FF FC 00 00 03 00 FF FF
13:57:57.704 R 0DFE1101 40 0E C0 67 00 00 03 00
13:57:57.705 R 0DFE1101 41 FF FF FF FF FB 01 03
13:57:57.705 R 0DFE1101 42 00 FF FF FF FF FF FF
13:57:57.706 R 09F80101 0E 20 50 1F 5B 98 3E 03
13:57:57.748 R 09FD02B1 FF 91 01 5D 73 FA FF FF
13:57:57.749 R 09FD02B1 FF 91 01 5D 73 FC FF FF
13:57:57.750 R 09FD02B1 FF 93 01 66 86 F9 FF FF
13:57:57.763 R 11F80F00 A0 1B 12 6B 79 14 0F 1F
13:57:57.763 R 11F80F00 A1 4C 3E 03 B5 B1 4F 1F
13:57:57.764 R 11F80F00 A2 EB FF FF 00 00 06 00
13:57:57.764 R 11F80F00 A3 0E FF FF 00 74 FF FF
13:57:57.790 R 11F80F00 C0 1B 12 54 E8 8B 0E FB
13:57:57.791 R 11F80F00 C1 93 33 03 A0 5E 50 1F
13:57:57.791 R 11F80F00 C2 E7 CA 5F 9B 01 06 00
13:57:57.792 R 11F80F00 C3 06 FF FF 00 74 FF FF
13:57:57.804 R 0DF90301 FF 7F FF FF FF 7F FF FF
13:57:57.805 R 09F80101 0E 20 50 1F 5B 98 3E 03
13:57:57.806 R 1DFFF001 40 0D 3B 9F 90 FF FF FF
13:57:57.807 R 1DFFF001 41 FF FF FF FF FF 12 01
13:57:57.815 R 11F80E00 40 1C 01 B3 39 95 0E 41
13:57:57.816 R 11F80E00 41 06 3F 03 2D DD 51 1F
13:57:57.817 R 11F80E00 42 E9 CB 11 B0 01 EC 08
13:57:57.817 R 11F80E00 43 00 5C 10 00 00 C0 F8
13:57:57.818 R 11F80E00 44 FF FF FF FF FF FF FF
13:57:57.848 R 09FD02B1 FF 91 01 4C 73 FA FF FF
13:57:57.848 R 09FD02B1 FF 91 01 4C 73 FC FF FF
13:57:57.849 R 09FD02B1 FF 93 01 57 86 F9 FF FF
13:57:57.852 R 1CFF4F73 3B 9F 00 FF FF BD 20 FF
13:57:57.852 R 1CFF5073 3B 9F 00 FF FF 1A 22 FF
13:57:57.853 R 1DEFFF73 00 16 3B 9F F0 81 84 06
13:57:57.854 R 1DEFFF73 01 18 64 42 00 03 00 06
13:57:57.854 R 1DEFFF73 02 FF FF 00 00 00 01 00
13:57:57.855 R 1DEFFF73 03 00 00 FF FF FF FF FF
13:57:57.855 R 09F11273 00 BD 20 FF 7F FF 7F FD
13:57:57.856 R 09F10D73 FF F8 FF FF 0C 02 FF FF
13:57:57.857 R 1CFF0873 3B 9F 00 00 14 00 FF FF
13:57:57.906 R 09F80201 FF FC 00 00 03 00 FF FF
13:57:57.907 R 09F80101 0F 20 50 1F 5B 98 3E 03
13:57:57.907 R 19FA0301 00 DB 3C 00 5A 00 3E 00
13:57:57.908 R 19FA0601 C0 0F 6B 3C 00 FF FF FF
13:57:57.909 R 19FA0601 C1 FF FF FF FF FF FF FF
13:57:57.909 R 19FA0601 C2 FF FF FF FF FF FF FF
13:57:57.910 R 19FA0B01 C0 0F 6B 07 00 FF FF FF
13:57:57.911 R 19FA0B01 C1 FF FF FF FF FF FF FF
13:57:57.912 R 19FA0B01 C2 FF FF FF FF FF FF FF
13:57:57.947 R 09FD02B1 FF 91 01 3F 73 FA FF FF
13:57:57.948 R 09FD02B1 FF 91 01 3F 73 FC FF FF
13:57:57.948 R 09FD02B1 FF 93 01 4C 86 F9 FF FF
13:57:58.004 R 11F80F00 E0 1B 12 0D 1F 98 0E 0C
13:57:58.004 R 11F80F00 E1 01 45 03 4B 57 5A 1F
13:57:58.005 R 11F80F00 E2 EB 88 BA 53 01 06 00
13:57:58.005 R 11F80F00 E3 0E FF FF 00 74 FF FF
13:57:58.008 R 19FA0401 C0 DB 6B FF 12 05 FF 1D
13:57:58.008 R 19FA0401 C1 E5 CD 04 10 00 00 00
13:57:58.009 R 19FA0401 C2 00 F5 07 E8 28 22 33
13:57:58.010 R 19FA0401 C3 AC 0D 00 00 00 00 F5
13:57:58.010 R 19FA0401 C4 09 C5 13 AD 3C D8 0E
13:57:58.011 R 19FA0401 C5 00 00 00 00 F5 0B 5D
13:57:58.012 R 19FA0401 C6 10 AC 96 1C 0C 00 00
13:57:58.012 R 19FA0401 C7 00 00 F5 14 0B 11 1F
13:57:58.013 R 19FA0401 C8 BA D8 0E 00 00 00 00
13:57:58.014 R 19FA0401 C9 F5 15 73 32 B7 A7 3C
13:57:58.015 R 19FA0401 CA 0F 00 00 00 00 F5 1E
13:57:58.015 R 19FA0401 CB FF 2C 66 7B 04 10 00
13:57:58.016 R 19FA0401 CC 00 00 00 F5 44 80 16
13:57:58.017 R 19FA0401 CD B9 3E 48 0D 00 00 00
13:57:58.017 R 19FA0401 CE 00 F5 45 73 32 F4 0C
13:57:58.018 R 19FA0401 CF A0 0F 00 00 00 00 F5
13:57:58.019 R 19FA0401 D0 46 DD 17 2B CB A0 0F
13:57:58.019 R 19FA0401 D1 00 00 00 00 F5 4E FF
13:57:58.020 R 19FA0401 D2 1D D1 24 A0 0F 00 00
13:57:58.021 R 19FA0401 D3 00 00 F5 31 74 14 66
13:57:58.021 R 19FA0401 D4 7B 1C 0C 00 00 00 00
13:57:58.022 R 19FA0401 D5 F5 00 A2 3A 59 D3 74
13:57:58.023 R 19FA0401 D6 0E 00 00 00 00 F5 00
13:57:58.023 R 19FA0401 D7 39 28 FD B3 AC 0D 00
13:57:58.024 R 19FA0401 D8 00 00 00 F5 00 BA 11
13:57:58.025 R 19FA0401 D9 66 8A 80 0C 00 00 00
13:57:58.025 R 19FA0401 DA 00 F5 00 2E 17 7F 34
13:57:58.026 R 19FA0401 DB 1C 0C 00 00 00 00 F5
13:57:58.027 R 19FA0401 DC 00 51 2C D1 33 E4 0C
13:57:58.028 R 19FA0401 DD 00 00 00 00 F5 00 3A
13:57:58.028 R 19FA0401 DE 19 36 CD 74 0E 00 00
13:57:58.029 R 19FA0401 DF 00 00 F5 FF FF FF FF
13:57:58.030 R 09F80101 0F 20 50 1F 5B 98 3E 03
13:57:58.030 R 19F11A01 FF FF FF FF FB 01 FF FF
13:57:58.047 R 09FD02B1 FF 91 01 3C 73 FA FF FF
13:57:58.048 R 09FD02B1 FF 91 01 3C 73 FC FF FF
13:57:58.049 R 09FD02B1 FF 94 01 48 86 F9 FF FF
13:57:58.082 R 11F80E00 60 1C 01 B4 D6 95 0E FB
13:57:58.083 R 11F80E00 61 3E 3D 03 2A EF 4F 1F
13:57:58.084 R 11F80E00 62 E8 FF FF 00 00 CC 08
13:57:58.084 R 11F80E00 63 00 FF FF FF 7F C0 F8
13:57:58.085 R 11F80E00 64 FF FF FF FF FF FF FF
13:57:58.110 R 09F80201 FF FC 00 00 03 00 FF FF
13:57:58.110 R 09F80101 0F 20 50 1F 5B 98 3E 03
13:57:58.146 R 09FD02B1 FF 91 01 3F 73 FA FF FF
13:57:58.147 R 09FD02B1 FF 91 01 3F 73 FC FF FF
13:57:58.147 R 09FD02B1 FF 94 01 4F 86 F9 FF FF
13:57:58.175 R 0DF50B73 00 EB 01 00 00 FF FF FF
13:57:58.182 R 11F80F00 00 1B 12 7C 13 8D 0E D6
13:57:58.183 R 11F80F00 01 97 3E 03 BC 1F 50 1F
13:57:58.184 R 11F80F00 02 EB FF FF 00 00 00 00
13:57:58.184 R 11F80F00 03 20 FF FF 00 70 FE FF
13:57:58.211 R 0DF80501 E0 2B 6C E4 50 18 3A AD
13:57:58.212 R 0DF80501 E1 19 00 D6 51 F7 4B 66
13:57:58.212 R 0DF80501 E2 4A 07 00 CE F5 03 54
13:57:58.213 R 0DF80501 E3 63 C1 00 60 D3 60 02
13:57:58.214 R 0DF80501 E4 00 00 00 00 23 FC 14
13:57:58.214 R 0DF80501 E5 3C 00 FF 7F EE 11 00
13:57:58.215 R 0DF80501 E6 00 00 FF FF FF FF FF
13:57:58.216 R 09F80101 0F 20 50 1F 5B 98 3E 03
13:57:58.216 R 0DF80901 E4 50 18 3A AD 19 78 00
13:57:58.220 R 19F51373 20 0E FF FF FF FF FF FF
13:57:58.220 R 19F51373 21 86 85 B0 00 00 00 00
13:57:58.221 R 19F51373 22 00 FF FF FF FF FF FF
13:57:58.221 R 1DFF6773 40 0B 3B 9F 03 00 04 B4
13:57:58.222 R 1DFF6773 41 6E 11 19 09 09 FF FF
13:57:58.223 R 1DFF6773 60 0B 3B 9F 03 02 04 B4
13:57:58.223 R 1DFF6773 61 6E 11 19 09 09 FF FF
13:57:58.244 R 09FD02B1 FF 91 01 4E 73 FA FF FF
13:57:58.245 R 09FD02B1 FF 91 01 4E 73 FC FF FF
13:57:58.246 R 09FD02B1 FF 94 01 5F 86 F9 FF FF
13:57:58.311 R 09F80201 FF FC 00 00 03 00 FF FF
13:57:58.312 R 09F80101 0F 20 50 1F 5B 98 3E 03
13:57:58.300 R 0DF01001 FF FF E4 50 18 3A AD 19
13:57:58.320 R 1CFFF001 3B 9F 8C FF 26 1C F5 65
13:57:58.332 R 09FD02B1 FF 91 01 63 73 FA FF FF
13:57:58.333 R 09FD02B1 FF 91 01 63 73 FC FF FF
13:57:58.333 R 09FD02B1 FF 93 01 74 86 F9 FF FF
13:57:58.343 R 1DEFFF73 80 16 3B 9F F0 81 9C 41
13:57:58.344 R 1DEFFF73 81 18 03 45 05 67 EB 06
13:57:58.344 R 1DEFFF73 82 F4 01 00 00 00 01 00
13:57:58.345 R 1DEFFF73 83 00 00 FF FF FF FF FF
13:57:58.346 R 09F11273 00 14 21 FF 7F FF 7F FD
13:57:58.346 R 09F10D73 FF F8 FF FF 0C 02 FF FF
13:57:58.347 R 1CFF4F73 3B 9F 00 FF FF 14 21 FF
13:57:58.359 R 1DEFFF73 A0 16 3B 9F F0 81 90 00
13:57:58.360 R 1DEFFF73 A1 03 03 45 05 67 EB 06
13:57:58.361 R 1DEFFF73 A2 F4 01 00 00 00 01 00
13:57:58.361 R 1DEFFF73 A3 00 00 FF FF FF FF FF
13:57:58.391 R 11F80E00 80 1C 03 50 53 8F 0E 1D
13:57:58.391 R 11F80E00 81 7A 3B 03 04 D3 4B 1F
13:57:58.392 R 11F80E00 82 E5 67 4E 0A 00 21 0F
13:57:58.392 R 11F80E00 83 08 7D 9D F6 FF C0 F8
13:57:58.393 R 11F80E00 84 FF FF FF FF FF FF FF
13:57:58.400 R 09F80101 10 20 50 1F 5B 98 3E 03
13:57:58.401 R 09F50373 00 00 00 FF FF 00 FF FF
13:57:58.431 R 09FD02B1 FF 91 01 73 73 FA FF FF
13:57:58.432 R 09FD02B1 FF 91 01 73 73 FC FF FF
13:57:58.432 R 09FD02B1 FF 93 01 86 86 F9 FF FF
13:57:58.438 R 1CFF1A73 3B 9F 00 00 FF FF FF FF
13:57:58.439 R 09F50373 00 00 00 FF FF 00 FF FF
13:57:58.446 R 19FB0200 80 4C 05 8D D5 95 0E 00
13:57:58.446 R 19FB0200 81 00 00 00 50 45 35 31
13:57:58.447 R 19FB0200 82 33 37 40 47 52 4F 56
13:57:58.447 R 19FB0200 83 41 40 40 40 40 40 40
13:57:58.448 R 19FB0200 84 40 40 40 40 40 40 40
13:57:58.449 R 19FB0200 85 40 40 4F 4A 06 78 00
13:57:58.449 R 19FB0200 86 46 00 D2 05 E5 50 40
13:57:58.450 R 19FB0200 87 C6 B1 0B E6 00 41 4D
13:57:58.450 R 19FB0200 88 53 54 45 52 44 41 4D
13:57:58.451 R 19FB0200 89 20 43 45 4E 54 52 41
13:57:58.451 R 19FB0200 8A 41 4C 40 40 3E E1 FF
13:57:58.464 R 15FD0773 00 C0 53 7A FF 7F FF FF
13:57:58.472 R 11F80E00 A0 1C 01 91 72 96 0E 49
13:57:58.473 R 11F80E00 A1 97 41 03 FC E1 52 1F
13:57:58.473 R 11F80E00 A2 EF 32 9C 00 00 E4 56
13:57:58.474 R 11F80E00 A3 00 FF FF FF 7F CF F8
13:57:58.474 R 11F80E00 A4 FF FF FF FF FF FF FF
13:57:58.489 R 15FD0773 00 C0 53 7A FF 7F FF FF
13:57:58.501 R 09F80201 FF FC 00 00 03 00 FF FF
13:57:58.501 R 09F80101 10 20 50 1F 5A 98 3E 03
13:57:58.502 R 0DF90B01 FF FC FB 01 03 00 FF FF
13:57:58.531 R 09FD02B1 FF 90 01 83 73 FA FF FF
13:57:58.532 R 09FD02B1 FF 90 01 83 73 FC FF FF
13:57:58.533 R 09FD02B1 FF 93 01 95 86 F9 FF FF
13:57:58.602 R 09F80101 10 20 50 1F 5A 98 3E 03
13:57:58.630 R 09FD02B1 FF 90 01 91 73 FA FF FF
13:57:58.631 R 09FD02B1 FF 90 01 91 73 FC FF FF
13:57:58.631 R 09FD02B1 FF 93 01 A4 86 F9 FF FF
13:57:58.703 R 09F80201 FF FC 00 00 03 00 FF FF
13:57:58.704 R 0DFE1101 60 0E C0 68 00 00 03 00
13:57:58.704 R 0DFE1101 61 FF FF FF FF FB 01 03
13:57:58.705 R 0DFE1101 62 00 FF FF FF FF FF FF
13:57:58.706 R 09F80101 10 20 50 1F 5A 98 3E 03
13:57:58.729 R 09FD02B1 FF 91 01 A0 73 FA FF FF
13:57:58.730 R 09FD02B1 FF 91 01 A0 73 FC FF FF
13:57:58.731 R 09FD02B1 FF 93 01 B3 86 F9 FF FF
13:57:58.804 R 0DF90301 FF 7F FF FF FF 7F FF FF
13:57:58.805 R 09F80101 10 20 50 1F 5A 98 3E 03
13:57:58.806 R 1DFFF001 60 0D 3B 9F 90 FF FF FF
13:57:58.806 R 1DFFF001 61 FF FF FF FF FF 11 01
13:57:58.829 R 09FD02B1 FF 91 01 A6 73 FA FF FF
13:57:58.830 R 09FD02B1 FF 91 01 A6 73 FC FF FF
13:57:58.830 R 09FD02B1 FF 94 01 BA 86 F9 FF FF
13:57:58.871 R 1CFF4F73 3B 9F 00 FF FF BD 20 FF
13:57:58.871 R 1CFF5073 3B 9F 00 FF FF 1A 22 FF
13:57:58.872 R 1DEFFF73 C0 16 3B 9F F0 81 84 06
13:57:58.873 R 1DEFFF73 C1 18 64 42 00 03 00 06
13:57:58.873 R 1DEFFF73 C2 FF FF 00 00 00 01 00
13:57:58.875 R 1DEFFF73 C3 00 00 FF FF FF FF FF
13:57:58.875 R 09F11273 00 BD 20 FF 7F FF 7F FD
13:57:58.876 R 09F10D73 FF F8 FF FF 0C 02 FF FF
13:57:58.877 R 1CFF0873 3B 9F 00 00 14 00 FF FF
13:57:58.886 R 11F80F00 20 1B 12 0A 1C A0 0C C6
13:57:58.887 R 11F80F00 21 CA 2F 03 A0 7D 4F 1F
13:57:58.887 R 11F80F00 22 63 1F BD 06 01 06 00
13:57:58.888 R 11F80F00 23 06 FF FF 00 74 FF FF
13:57:58.906 R 09F80201 FF FC 00 00 03 00 FF FF
13:57:58.907 R 09F80101 11 20 50 1F 5A 98 3E 03
13:57:58.907 R 19FA0301 00 DB 3C 00 5A 00 3E 00
13:57:58.908 R 19FA0601 E0 0F 6C 3C 00 FF FF FF
13:57:58.909 R 19FA0601 E1 FF FF FF FF FF FF FF
13:57:58.909 R 19FA0601 E2 FF FF FF FF FF FF FF
13:57:58.910 R 19FA0B01 E0 0F 6C 06 00 FF FF FF
13:57:58.911 R 19FA0B01 E1 FF FF FF FF FF FF FF
13:57:58.912 R 19FA0B01 E2 FF FF FF FF FF FF FF
13:57:58.928 R 09FD02B1 FF 91 01 A1 73 FA FF FF
13:57:58.929 R 09FD02B1 FF 91 01 A1 73 FC FF FF
13:57:58.929 R 09FD02B1 FF 94 01 B5 86 F9 FF FF
13:57:58.956 R 11F80F00 40 1B 12 CF AC 95 0E E3
13:57:58.956 R 11F80F00 41 B1 37 03 FB FA 4C 1F
13:57:58.957 R 11F80F00 42 EF C8 CE 44 01 06 00
13:57:58.957 R 11F80F00 43 0E FF FF 00 74 FF FF
13:57:59.007 R 11F80E00 C0 1C 01 EC 9B 94 0E 09
13:57:59.007 R 11F80E00 C1 E1 3C 03 1C 46 4D 1F
13:57:59.008 R 11F80E00 C2 EF 17 07 8C 01 40 40
13:57:59.009 R 11F80E00 C3 01 FF FF FF 7F C0 F8
13:57:59.009 R 11F80E00 C4 FF FF FF FF FF FF FF
13:57:59.010 R 19FA0401 E0 DB 6C FF 12 05 FF 1D
13:57:59.010 R 19FA0401 E1 E5 CD 04 10 00 00 00
13:57:59.011 R 19FA0401 E2 00 F5 07 E8 28 22 33
13:57:59.012 R 19FA0401 E3 AC 0D 00 00 00 00 F5
13:57:59.012 R 19FA0401 E4 09 C5 13 AD 3C D8 0E
13:57:59.013 R 19FA0401 E5 00 00 00 00 F5 0B 5D
13:57:59.014 R 19FA0401 E6 10 AC 96 80 0C 00 00
13:57:59.015 R 19FA0401 E7 00 00 F5 14 0B 11 1F
13:57:59.015 R 19FA0401 E8 BA D8 0E 00 00 00 00
13:57:59.016 R 19FA0401 E9 F5 15 73 32 B7 A7 3C
13:57:59.017 R 19FA0401 EA 0F 00 00 00 00 F5 1E
13:57:59.017 R 19FA0401 EB FF 2C 66 7B 04 10 00
13:57:59.018 R 19FA0401 EC 00 00 00 F5 44 80 16
13:57:59.019 R 19FA0401 ED B9 3E E4 0C 00 00 00
13:57:59.019 R 19FA0401 EE 00 F5 45 73 32 F4 0C
13:57:59.020 R 19FA0401 EF A0 0F 00 00 00 00 F5
13:57:59.021 R 19FA0401 F0 46 DD 17 2B CB A0 0F
13:57:59.022 R 19FA0401 F1 00 00 00 00 F5 4E FF
13:57:59.022 R 19FA0401 F2 1D D1 24 A0 0F 00 00
13:57:59.023 R 19FA0401 F3 00 00 F5 31 74 14 66
13:57:59.024 R 19FA0401 F4 7B 80 0C 00 00 00 00
13:57:59.024 R 19FA0401 F5 F5 00 A2 3A 59 D3 74
13:57:59.025 R 19FA0401 F6 0E 00 00 00 00 F5 00
13:57:59.026 R 19FA0401 F7 39 28 FD B3 AC 0D 00
13:57:59.026 R 19FA0401 F8 00 00 00 F5 00 BA 11
13:57:59.027 R 19FA0401 F9 66 8A 80 0C 00 00 00
13:57:59.028 R 09FD02B1 FF 91 01 94 73 FA FF FF
13:57:59.028 R 09FD02B1 FF 91 01 94 73 FC FF FF
13:57:59.029 R 09FD02B1 FF 94 01 A8 86 F9 FF FF
13:57:59.029 R 19FA0401 FA 00 F5 00 2E 17 7F 34
13:57:59.030 R 19FA0401 FB 80 0C 00 00 00 00 F5
13:57:59.031 R 19FA0401 FC 00 51 2C D1 33 E4 0C
13:57:59.031 R 19FA0401 FD 00 00 00 00 F5 00 3A
13:57:59.032 R 19FA0401 FE 19 36 CD 74 0E 00 00
13:57:59.033 R 19FA0401 FF 00 00 F5 FF FF FF FF
13:57:59.034 R 09F80101 11 20 50 1F 5A 98 3E 03
13:57:59.034 R 19F11A01 FF FF FF FF FB 01 FF FF
13:57:59.109 R 09F80201 FF FC 00 00 03 00 FF FF
13:57:59.110 R 09F80101 11 20 50 1F 5A 98 3E 03
13:57:59.114 R 11F80F00 60 1B 12 96 A7 AA 0E A8
13:57:59.114 R 11F80F00 61 E7 2B 03 CD BE 48 1F
13:57:59.115 R 11F80F00 62 EC D0 36 B9 00 E2 08
13:57:59.116 R 11F80F00 63 00 FF FF 00 70 FE FF
13:57:59.127 R 09FD02B1 FF 91 01 8A 73 FA FF FF
13:57:59.128 R 09FD02B1 FF 91 01 8A 73 FC FF FF
13:57:59.128 R 09FD02B1 FF 94 01 9D 86 F9 FF FF
13:57:59.140 R 19FB1200 C0 23 18 84 E0 9D 0C 25
13:57:59.141 R 19FB1200 C1 53 4D 54 44 5E 44 5A
13:57:59.141 R 19FB1200 C2 44 46 36 33 31 32 40
13:57:59.142 R 19FB1200 C3 8C 00 28 00 14 00 3C
13:57:59.143 R 19FB1200 C4 00 00 00 00 00 F3 E1
13:57:59.143 R 19FB1200 C5 FF FF FF FF FF FF FF
13:57:59.144 R 1DFF7700 C0 1C 3B 9F 18 84 E0 9D
13:57:59.144 R 1DFF7700 C1 0C 01 25 53 4D 54 44
13:57:59.145 R 1DFF7700 C2 5E 44 5A 44 46 36 33
13:57:59.145 R 1DFF7700 C3 31 32 40 82 80 C0 C0
13:57:59.146 R 1DFF7700 C4 FF FF FF FF FF FF FF
13:57:59.165 R 0DF50B73 00 EB 01 00 00 FF FF FF
13:57:59.174 R 11F80F00 80 1B 12 7C 13 8D 0E D6
13:57:59.174 R 11F80F00 81 97 3E 03 BC 1F 50 1F
13:57:59.175 R 11F80F00 82 EF FF FF 00 00 00 00
13:57:59.176 R 11F80F00 83 20 FF FF 00 70 FE FF
13:57:59.194 R 11F80E00 E0 1C 01 28 91 76 0C 7F
13:57:59.195 R 11F80E00 E1 13 4F 03 FE 3C 5A 1F
13:57:59.195 R 11F80E00 E2 EC 00 00 00 00 B7 08
13:57:59.196 R 11F80E00 E3 09 FF FF FF 7F C0 F8
13:57:59.197 R 11F80E00 E4 FF FF FF FF FF FF FF
13:57:59.210 R 0DF80501 00 2B 6D E4 50 28 61 AD
13:57:59.211 R 0DF80501 01 19 00 6A 87 6E 4C 66
13:57:59.211 R 19F51373 E0 0E FF FF FF FF FF FF
13:57:59.212 R 0DF80501 02 4A 07 00 04 5B C8 53
13:57:59.212 R 19F51373 E1 86 85 B0 00 00 00 00
13:57:59.213 R 0DF80501 03 63 C1 00 60 D3 60 02
13:57:59.214 R 19F51373 E2 00 FF FF FF FF FF FF
13:57:59.214 R 0DF80501 04 00 00 00 00 23 FC 14
13:57:59.215 R 1DFF6773 00 0B 3B 9F 03 00 04 B4
13:57:59.215 R 0DF80501 05 3C 00 FF 7F EE 11 00
13:57:59.216 R 1DFF6773 01 6E 11 19 09 09 FF FF
13:57:59.217 R 0DF80501 06 00 00 FF FF FF FF FF
13:57:59.218 R 09F80101 11 20 50 1F 5A 98 3E 03
13:57:59.218 R 1DFF6773 20 0B 3B 9F 03 02 04 B4
13:57:59.218 R 0DF80901 E4 50 28 61 AD 19 78 00
13:57:59.219 R 1DFF6773 21 6E 11 19 09 09 FF FF
13:57:59.226 R 09FD02B1 FF 91 01 87 73 FA FF FF
13:57:59.227 R 09FD02B1 FF 91 01 87 73 FC FF FF
13:57:59.228 R 09FD02B1 FF 94 01 99 86 F9 FF FF
13:57:59.300 R 1CFFFF01 4F 9A 00 F5 FF FF FF FF
13:57:59.311 R 09F80201 FF FC 00 00 03 00 FF FF
13:57:59.319 R 09F80101 12 20 50 1F 5A 98 3E 03
13:57:59.437 R 0DF01001 FF FF E4 50 82 66 AD 19
13:57:59.443 R 09FD02B1 FF 92 01 90 73 FA FF FF
13:57:59.444 R 09FD02B1 FF 92 01 90 73 FC FF FF
13:57:59.444 R 09FD02B1 FF 94 01 A2 86 F9 FF FF
13:57:59.446 R 1CFFF001 3B 9F 8C FF 2B 1C E5 65
13:57:59.492 R 1DEFFF73 40 16 3B 9F F0 81 9C 41
13:57:59.493 R 1DEFFF73 41 18 03 45 05 67 EB F7
13:57:59.493 R 1DEFFF73 42 FF FF 00 00 00 01 00
13:57:59.494 R 1DEFFF73 43 00 00 FF FF FF FF FF
13:57:59.495 R 09F11273 00 14 21 FF 7F FF 7F FD
13:57:59.495 R 09F10D73 FF F8 FF FF 0C 02 FF FF
13:57:59.496 R 1CFF4F73 3B 9F 00 FF FF 14 21 FF
13:57:59.531 R 09F50373 00 00 00 FF FF 00 FF FF
13:57:59.537 R 09F80101 12 20 50 1F 5A 98 3E 03
13:57:59.542 R 09FD02B1 FF 92 01 A9 73 FA FF FF
13:57:59.543 R 09FD02B1 FF 92 01 A9 73 FC FF FF
13:57:59.543 R 09FD02B1 FF 94 01 B7 86 F9 FF FF
13:57:59.554 R 11F80F00 A0 1B 12 00 AC 97 0E CF
13:57:59.554 R 11F80F00 A1 1E 3E 03 20 A3 4F 1F
13:57:59.555 R 11F80F00 A2 E8 32 84 29 00 06 00
13:57:59.556 R 11F80F00 A3 06 FF FF 00 74 FF FF
13:57:59.569 R 1CFF1A73 3B 9F 00 00 FF FF FF FF
13:57:59.569 R 09F50373 00 00 00 FF FF 00 FF FF
13:57:59.601 R 15FD0773 00 C0 53 7A FF 7F FF FF
13:57:59.638 R 09F80201 FF FC 00 00 03 00 FF FF
13:57:59.639 R 09F80101 12 20 50 1F 5A 98 3E 03
13:57:59.639 R 0DF90B01 FF FC FB 01 03 00 FF FF
13:57:59.642 R 09FD02B1 FF 91 01 C7 73 FA FF FF
13:57:59.642 R 09FD02B1 FF 91 01 C7 73 FC FF FF
13:57:59.643 R 09FD02B1 FF 94 01 D3 86 F9 FF FF
13:57:59.727 R 15FD0773 00 C0 53 7A FF 7F FF FF
13:57:59.739 R 09F80101 12 20 50 1F 59 98 3E 03
13:57:59.741 R 09FD02B1 FF 91 01 E3 73 FA FF FF
13:57:59.742 R 09FD02B1 FF 91 01 E3 73 FC FF FF
13:57:59.742 R 09FD02B1 FF 94 01 EE 86 F9 FF FF
13:57:59.811 R 1DEFFF73 60 16 3B 9F F0 81 86 41
13:57:59.812 R 1DEFFF73 61 05 FA FB 01 03 00 F7
13:57:59.812 R 1DEFFF73 62 FF FF 00 00 00 01 00
13:57:59.813 R 1DEFFF73 63 00 00 FF FF FF FF FF
13:57:59.840 R 09F80201 FF FC 00 00 03 00 FF FF
13:57:59.840 R 0DFE1101 80 0E C0 69 00 00 03 00
13:57:59.841 R 0DFE1101 81 FF FF FF FF FB 01 03
13:57:59.842 R 09FD02B1 FF 91 01 FC 73 FA FF FF
13:57:59.842 R 09FD02B1 FF 91 01 FC 73 FC FF FF
13:57:59.843 R 0DFE1101 82 00 FF FF FF FF FF FF
13:57:59.843 R 09FD02B1 FF 94 01 03 87 F9 FF FF
13:57:59.844 R 09F80101 12 20 50 1F 59 98 3E 03
13:57:59.927 R 15FB0500 20 18 08 8D D5 95 0E 03
13:57:59.927 R 15FB0500 21 80 00 32 0A C3 2C F1
13:57:59.928 R 15FB0500 22 D7 4E 79 32 28 D5 00
13:57:59.929 R 15FB0500 23 E0 1C D7 00 FF FF FF
13:57:59.940 R 1DF011B0 60 EA 75 FF FF FF FF FF
13:57:59.940 R 1DF011B1 60 EA 75 FF FF FF FF FF
13:57:59.941 R 09FD02B1 FF 91 01 0E 74 FA FF FF
13:57:59.941 R 09FD02B1 FF 91 01 0E 74 FC FF FF
13:57:59.942 R 0DF90301 FF 7F FF FF FF 7F FF FF
13:57:59.943 R 09FD02B1 FF 94 01 10 87 F9 FF FF
13:57:59.943 R 09F80101 13 20 50 1F 59 98 3E 03
13:57:59.944 R 1DFFF001 80 0D 3B 9F 90 FF FF FF
13:57:59.945 R 1DFFF001 81 FF FF FF FF FF 10 01
13:57:59.954 R 11F80F00 C0 1B 12 78 FD 96 0C 22
13:57:59.955 R 11F80F00 C1 73 49 03 B6 46 58 1F
13:57:59.955 R 11F80F00 C2 EC 89 75 06 01 03 00
13:57:59.956 R 11F80F00 C3 09 FF FF 00 00 FE FF
13:57:59.977 R 09F11273 00 BD 20 FF 7F FF 7F FD
13:57:59.978 R 09F10D73 FF F8 FF FF 0C 02 FF FF
13:57:59.980 R 1CFF0873 3B 9F 00 00 14 00 FF FF
13:57:59.980 R 1CFF4F73 3B 9F 00 FF FF BD 20 FF
13:57:59.981 R 1CFF5073 3B 9F 00 FF FF 6C 21 FF
13:57:59.981 R 1DEFFF73 80 16 3B 9F F0 81 84 06
13:57:59.982 R 1DEFFF73 81 18 62 42 00 03 00 06
13:57:59.984 R 1DEFFF73 82 00 00 00 00 00 01 00
13:57:59.984 R 1DEFFF73 83 00 00 FF FF FF FF FF
13:58:00.010 R 18EA4001 00 EE 00
13:58:00.010 T 18EEFF40 B3 AF A7 59 00 89 32 C0
13:58:00.012 R 18EA4001 16 F0 01
13:58:00.012 T 18E80140 01 FF FF FF FF 16 F0 01
13:58:00.034 R 11F80E00 00 1C 01 D7 AF 95 0E B1
13:58:00.035 R 11F80E00 01 50 49 03 3F B0 58 1F
13:58:00.035 R 11F80E00 02 03 FF 1D B5 01 16 41
13:58:00.036 R 11F80E00 03 01 FF FF FF 7F C0 F8
13:58:00.037 R 11F80E00 04 FF FF FF FF FF FF FF
13:58:00.039 R 09FD02B1 FF 91 01 0D 74 FA FF FF
13:58:00.040 R 09FD02B1 FF 91 01 0D 74 FC FF FF
13:58:00.040 R 09FD02B1 FF 94 01 0D 87 F9 FF FF
13:58:00.042 R 09F80201 FF FC 00 00 03 00 FF FF
13:58:00.043 R 09F80101 13 20 50 1F 59 98 3E 03
13:58:00.044 R 19FA0301 00 DB 3C 00 5A 00 3E 00
13:58:00.044 R 19FA0601 00 0F 6D 3C 00 FF FF FF
13:58:00.045 R 19FA0601 01 FF FF FF FF FF FF FF
13:58:00.046 R 19FA0601 02 FF FF FF FF FF FF FF
13:58:00.046 R 19FA0B01 00 0F 6D 06 00 FF FF FF
13:58:00.047 R 19FA0B01 01 FF FF FF FF FF FF FF
13:58:00.048 R 19FA0B01 02 FF FF FF FF FF FF FF
13:58:00.099 R 1CFF7400 3B 9F FD 00 00 FF FF FF
13:58:00.139 R 09FD02B1 FF 91 01 04 74 FA FF FF
13:58:00.139 R 09FD02B1 FF 91 01 04 74 FC FF FF
13:58:00.140 R 09FD02B1 FF 94 01 FF 86 F9 FF FF
13:58:00.143 R 19FA0401 00 DB 6D FF 12 05 FF 1D
13:58:00.143 R 11F80F00 E0 1B 12 9A 2F 8B 0E B3
13:58:00.144 R 11F80F00 E1 76 2B 03 3C 76 52 1F
13:58:00.144 R 11F80F00 E2 03 EB D4 D8 00 06 00
13:58:00.145 R 11F80F00 E3 0E FF FF 00 74 FF FF
13:58:00.145 R 19FA0401 01 E5 CD 04 10 00 00 00
13:58:00.146 R 19FA0401 02 00 F5 07 E8 28 22 33
13:58:00.147 R 19FA0401 03 10 0E 00 00 00 00 F5
13:58:00.147 R 19FA0401 04 09 C5 13 AD 3C D8 0E
13:58:00.148 R 19FA0401 05 00 00 00 00 F5 0B 5D
13:58:00.149 R 19FA0401 06 10 AC 96 80 0C 00 00
13:58:00.149 R 19FA0401 07 00 00 F5 14 0B 11 1F
13:58:00.150 R 19FA0401 08 BA 74 0E 00 00 00 00
13:58:00.151 R 19FA0401 09 F5 15 73 32 B7 A7 3C
13:58:00.151 R 19FA0401 0A 0F 00 00 00 00 F5 1E
13:58:00.152 R 19FA0401 0B FF 2C 66 7B 04 10 00
13:58:00.153 R 19FA0401 0C 00 00 00 F5 44 80 16
13:58:00.153 R 19FA0401 0D B9 3E E4 0C 00 00 00
13:58:00.154 R 19FA0401 0E 00 F5 45 73 32 F4 0C
13:58:00.155 R 19FA0401 0F 04 10 00 00 00 00 F5
13:58:00.155 R 19FA0401 10 46 DD 17 2B CB A0 0F
13:58:00.156 R 19FA0401 11 00 00 00 00 F5 4E FF
13:58:00.157 R 19FA0401 12 1D D1 24 A0 0F 00 00
13:58:00.157 R 19FA0401 13 00 00 F5 31 74 14 66
13:58:00.158 R 19FA0401 14 7B 1C 0C 00 00 00 00
13:58:00.159 R 19FA0401 15 F5 00 A2 3A 59 D3 74
13:58:00.159 R 19FA0401 16 0E 00 00 00 00 F5 00
13:58:00.160 R 19FA0401 17 39 28 FD B3 AC 0D 00
13:58:00.161 R 19FA0401 18 00 00 00 F5 00 BA 11
13:58:00.161 R 19FA0401 19 66 8A 80 0C 00 00 00
13:58:00.162 R 19FA0401 1A 00 F5 00 2E 17 7F 34
13:58:00.163 R 19FA0401 1B 1C 0C 00 00 00 00 F5
13:58:00.163 R 19FA0401 1C 00 51 2C D1 33 48 0D
13:58:00.164 R 19FA0401 1D 00 00 00 00 F5 00 3A
13:58:00.165 R 19FA0401 1E 19 36 CD 74 0E 00 00
13:58:00.165 R 19FA0401 1F 00 00 F5 FF FF FF FF
13:58:00.166 R 09F80101 13 20 50 1F 59 98 3E 03
13:58:00.167 R 19F11A01 FF FF FF FF FB 01 FF FF
13:58:00.170 R 11F80F00 00 1B 12 00 2D 8B 0E CF
13:58:00.170 R 11F80F00 01 56 43 03 90 EC 55 1F
13:58:00.171 R 11F80F00 02 03 E1 6F E7 00 06 00
13:58:00.172 R 11F80F00 03 06 FF FF 00 74 FF FF
13:58:00.238 R 09FD02B1 FF 91 01 FC 73 FA FF FF
13:58:00.239 R 09FD02B1 FF 91 01 FC 73 FC FF FF
13:58:00.239 R 09FD02B1 FF 94 01 F3 86 F9 FF FF
13:58:00.243 R 09F80201 FF FC 00 00 03 00 FF FF
13:58:00.244 R 09F80101 13 20 50 1F 59 98 3E 03
13:58:00.292 R 0DF50B73 00 F1 01 00 00 FF FF FF
13:58:00.295 R 11F80F00 20 1B 12 7C 13 8D 0E D6
13:58:00.296 R 11F80F00 21 97 3E 03 BC 1F 50 1F
13:58:00.296 R 11F80F00 22 03 FF FF 00 00 00 00
13:58:00.297 R 11F80F00 23 20 FF FF 00 70 FE FF
13:58:00.332 R 19F51373 A0 0E FF FF FF FF FF FF
13:58:00.333 R 19F51373 A1 86 85 B0 00 00 00 00
13:58:00.333 R 19F51373 A2 00 FF FF FF FF FF FF
13:58:00.334 R 1DFF6773 C0 0B 3B 9F 03 00 04 B4
13:58:00.335 R 1DFF6773 C1 6E 11 19 09 09 FF FF
13:58:00.335 R 1DFF6773 E0 0B 3B 9F 03 02 04 B4
13:58:00.336 R 1DFF6773 E1 6E 11 19 09 09 FF FF
13:58:00.337 R 09FD02B1 FF 91 01 FD 73 FA FF FF
13:58:00.338 R 09FD02B1 FF 91 01 FD 73 FC FF FF
13:58:00.339 R 09FD02B1 FF 94 01 F1 86 F9 FF FF
13:58:00.344 R 0DF80501 20 2B 6E E4 50 38 88 AD
13:58:00.345 R 0DF80501 21 19 00 C8 57 21 4D 66
13:58:00.346 R 0DF80501 22 4A 07 00 3A C0 8C 53
13:58:00.346 R 0DF80501 23 63 C1 00 60 D3 60 02
13:58:00.347 R 0DF80501 24 00 00 00 00 23 FC 14
13:58:00.348 R 0DF80501 25 3C 00 FF 7F EE 11 00
13:58:00.348 R 0DF80501 26 00 00 FF FF FF FF FF
13:58:00.349 R 09F80101 14 20 50 1F 59 98 3E 03
13:58:00.349 R 0DF80901 E4 50 38 88 AD 19 78 00
13:58:00.356 R 11F80F00 40 1B 12 51 3D 8B 0E E6
13:58:00.357 R 11F80F00 41 86 3F 03 7E 1A 53 1F
13:58:00.358 R 11F80F00 42 00 78 6F F6 00 06 00
13:58:00.358 R 11F80F00 43 06 FF FF 00 74 FF FF
13:58:00.431 R 1CFFF001 3B 9F 8C FF 2E 1C DD 65
13:58:00.436 R 09FD02B1 FF 91 01 0A 74 FA FF FF
13:58:00.437 R 09FD02B1 FF 91 01 0A 74 FC FF FF
13:58:00.437 R 09FD02B1 FF 94 01 F9 86 F9 FF FF
13:58:00.444 R 09F80201 FF FC 00 00 03 00 FF FF
13:58:00.445 R 09F80101 14 20 50 1F 59 98 3E 03
13:58:00.437 R 0DF01001 FF FF E4 50 92 8D AD 19
13:58:00.481 R 11F80F00 60 1B 12 9E A2 93 0C E5
13:58:00.481 R 11F80F00 61 BA 41 03 D3 02 63 1F
13:58:00.482 R 11F80F00 62 00 67 57 34 01 BB E3
13:58:00.482 R 11F80F00 63 09 FF FF 00 70 FF FF
13:58:00.527 R 09FD02B1 FF 91 01 1B 74 FA FF FF
13:58:00.528 R 09FD02B1 FF 91 01 1B 74 FC FF FF
13:58:00.529 R 09FD02B1 FF 94 01 05 87 F9 FF FF
13:58:00.537 R 09F80101 14 20 50 1F 59 98 3E 03
13:58:00.562 R 19FB1100 80 1B 18 51 3D 8B 0E 4D
13:58:00.562 R 19FB1100 81 49 54 5A 40 40 40 40
13:58:00.563 R 19FB1100 82 40 40 40 40 40 40 40
13:58:00.563 R 19FB1100 83 40 40 40 40 40 E0 FF
13:58:00.564 R 1DFF7600 80 1C 3B 9F 18 51 3D 8B
13:58:00.564 R 1DFF7600 81 0E 00 4D 49 54 5A 40
13:58:00.565 R 1DFF7600 82 40 40 40 40 40 40 40
13:58:00.565 R 1DFF7600 83 40 40 40 40 40 40 40
13:58:00.566 R 1DFF7600 84 40 FF FF FF FF FF FF
13:58:00.627 R 09FD02B1 FF 91 01 26 74 FA FF FF
13:58:00.627 R 09FD02B1 FF 91 01 26 74 FC FF FF
13:58:00.628 R 09FD02B1 FF 94 01 0D 87 F9 FF FF
13:58:00.629 R 1DEFFF73 00 16 3B 9F F0 81 9C 01
13:58:00.629 R 1DEFFF73 01 18 03 FB 01 03 00 F7
13:58:00.630 R 1DEFFF73 02 FF FF 00 00 00 01 00
13:58:00.630 R 1DEFFF73 03 00 00 FF FF FF FF FF
13:58:00.631 R 09F11273 00 BD 20 FF 7F FF 7F FD
13:58:00.632 R 09F10D73 FF F8 FF FF 0C 02 FF FF
13:58:00.632 R 1CFF4F73 3B 9F 00 FF FF BD 20 FF
13:58:00.638 R 09F80201 FF FC 00 00 03 00 FF FF
13:58:00.638 R 09F80101 14 20 50 1F 59 98 3E 03
13:58:00.639 R 0DF90B01 FF FC FB 01 03 00 FF FF
13:58:00.651 R 09F50373 00 00 00 FF FF 00 FF FF
13:58:00.664 R 1DEFFF73 20 16 3B 9F F0 81 90 00
13:58:00.665 R 1DEFFF73 21 03 00 FB 01 03 00 F7
13:58:00.665 R 1DEFFF73 22 FF FF 00 00 00 01 00
13:58:00.666 R 1DEFFF73 23 00 00 FF FF FF FF FF
13:58:00.691 R 09F50373 00 00 00 FF FF 00 FF FF
13:58:00.692 R 1CFF1A73 3B 9F 00 00 FF FF FF FF
13:58:00.718 R 15FD0773 00 C0 53 7A FF 7F FF FF
13:58:00.726 R 09FD02B1 FF 91 01 32 74 FA FF FF
13:58:00.728 R 09FD02B1 FF 91 01 32 74 FC FF FF
13:58:00.729 R 09FD02B1 FF 94 01 13 87 F9 FF FF
13:58:00.739 R 09F80101 14 20 50 1F 59 98 3E 03
13:58:00.748 R 11F80E00 20 1C 01 88 48 B2 0E 02
13:58:00.749 R 11F80E00 21 86 3D 03 96 D0 4D 1F
13:58:00.750 R 11F80E00 22 01 13 EE 05 00 CF 40
13:58:00.750 R 11F80E00 23 09 9F A3 21 00 C0 F8
13:58:00.751 R 11F80E00 24 FF FF FF FF FF FF FF
13:58:00.753 R 15FD0773 00 C0 53 7A FF 7F FF FF
13:58:00.825 R 09FD02B1 FF 91 01 42 74 FA FF FF
13:58:00.826 R 09FD02B1 FF 91 01 42 74 FC FF FF
13:58:00.827 R 09FD02B1 FF 94 01 1E 87 F9 FF FF
13:58:00.839 R 09F80201 FF FC 00 00 03 00 FF FF
13:58:00.840 R 0DFE1101 A0 0E C0 6A 00 00 03 00
13:58:00.841 R 0DFE1101 A1 FF FF FF FF FB 01 03
13:58:00.842 R 0DFE1101 A2 00 FF FF FF FF FF FF
13:58:00.842 R 09F80101 15 20 50 1F 59 98 3E 03
13:58:00.859 R 1DEFFF73 40 16 3B 9F F0 81 86 41
13:58:00.860 R 1DEFFF73 41 05 FA 00 00 49 00 F7
13:58:00.861 R 1DEFFF73 42 FF FF 00 00 00 01 00
13:58:00.862 R 1DEFFF73 43 00 00 FF FF FF FF FF
13:58:00.898 R 09F11273 00 BD 20 FF 7F FF 7F FD
13:58:00.899 R 09F10D73 FF F8 FF FF 0C 02 FF FF
13:58:00.899 R 1CFF0873 3B 9F 00 00 14 00 FF FF
13:58:00.900 R 1CFF4F73 3B 9F 00 FF FF BD 20 FF
13:58:00.901 R 1CFF5073 3B 9F 00 FF FF BD 20 FF
13:58:00.902 R 1DEFFF73 60 16 3B 9F F0 81 84 06
13:58:00.903 R 1DEFFF73 61 18 60 42 00 03 00 06
13:58:00.903 R 1DEFFF73 62 FF FF 00 00 00 01 00
13:58:00.904 R 1DEFFF73 63 00 00 FF FF FF FF FF
13:58:00.907 R 1DF01100 60 EA C7 FF FF FF FF FF
13:58:00.925 R 09FD02B1 FF 91 01 57 74 FA FF FF
13:58:00.926 R 09FD02B1 FF 91 01 57 74 FC FF FF
13:58:00.926 R 09FD02B1 FF 94 01 30 87 F9 FF FF
13:58:00.936 R 11F80E00 40 1C 03 D7 FB 95 0E 5F
13:58:00.936 R 11F80E00 41 4A 3D 03 2B 38 4E 1F
13:58:00.937 R 11F80E00 42 07 00 00 00 00 5A 4F
13:58:00.938 R 11F80E00 43 09 FF FF FF 7F C5 F8
13:58:00.938 R 11F80E00 44 FF FF FF FF FF FF FF
13:58:00.941 R 0DF90301 FF 7F FF FF FF 7F FF FF
13:58:00.941 R 09F80101 15 20 50 1F 58 98 3E 03
13:58:00.942 R 1DFFF001 A0 0D 3B 9F 90 FF FF FF
13:58:00.943 R 1DFFF001 A1 FF FF FF FF FF 10 01
13:58:01.024 R 09FD02B1 FF 91 01 73 74 FA FF FF
13:58:01.025 R 09FD02B1 FF 91 01 73 74 FC FF FF
13:58:01.026 R 09FD02B1 FF 94 01 46 87 F9 FF FF
13:58:01.042 R 09F80201 FF FC 00 00 03 00 FF FF
13:58:01.043 R 09F80101 15 20 50 1F 58 98 3E 03
13:58:01.044 R 19FA0301 00 DB 3C 00 5A 00 3E 00
13:58:01.045 R 19FA0601 20 0F 6E 3C 00 FF FF FF
13:58:01.046 R 19FA0601 21 FF FF FF FF FF FF FF
13:58:01.046 R 19FA0601 22 FF FF FF FF FF FF FF
13:58:01.047 R 19FA0B01 20 0F 6E 06 00 FF FF FF
13:58:01.048 R 19FA0B01 21 FF FF FF FF FF FF FF
13:58:01.049 R 19FA0B01 22 FF FF FF FF FF FF FF
13:58:01.123 R 11F80E00 60 1C 01 65 13 95 0E 8D
13:58:01.124 R 09FD02B1 FF 91 01 8D 74 FA FF FF
13:58:01.125 R 09FD02B1 FF 91 01 8D 74 FC FF FF
13:58:01.125 R 09FD02B1 FF 94 01 5B 87 F9 FF FF
13:58:01.126 R 11F80E00 61 91 3B 03 F0 E6 4B 1F
13:58:01.126 R 11F80E00 62 03 79 45 00 00 31 80
13:58:01.127 R 11F80E00 63 08 FF FF FF 7F C0 F8
13:58:01.127 R 11F80E00 64 FF FF FF FF FF FF FF
13:58:01.144 R 19FA0401 20 DB 6E FF 12 05 FF 1D
13:58:01.145 R 19FA0401 21 E5 CD 04 10 00 00 00
13:58:01.145 R 19FA0401 22 00 F5 07 E8 28 22 33
13:58:01.146 R 19FA0401 23 10 0E 00 00 00 00 F5
13:58:01.147 R 19FA0401 24 09 C5 13 AD 3C D8 0E
13:58:01.147 R 19FA0401 25 00 00 00 00 F5 0B 5D
13:58:01.148 R 19FA0401 26 10 AC 96 1C 0C 00 00
13:58:01.149 R 19FA0401 27 00 00 F5 14 0B 11 1F
13:58:01.150 R 19FA0401 28 BA D8 0E 00 00 00 00
13:58:01.150 R 19FA0401 29 F5 15 73 32 B7 A7 3C
13:58:01.151 R 19FA0401 2A 0F 00 00 00 00 F5 1E
13:58:01.152 R 19FA0401 2B FF 2C 66 7B 04 10 00
13:58:01.152 R 19FA0401 2C 00 00 00 F5 44 80 16
13:58:01.153 R 19FA0401 2D B9 3E E4 0C 00 00 00
13:58:01.154 R 19FA0401 2E 00 F5 45 73 32 F4 0C
13:58:01.154 R 19FA0401 2F 04 10 00 00 00 00 F5
13:58:01.155 R 19FA0401 30 46 DD 17 2B CB A0 0F
13:58:01.156 R 19FA0401 31 00 00 00 00 F5 4E FF
13:58:01.157 R 19FA0401 32 1D D1 24 A0 0F 00 00
13:58:01.157 R 19FA0401 33 00 00 F5 31 74 14 66
13:58:01.158 R 19FA0401 34 7B 1C 0C 00 00 00 00
13:58:01.159 R 19FA0401 35 F5 00 A2 3A 08 D4 74
13:58:01.160 R 19FA0401 36 0E 00 00 00 00 F5 00
13:58:01.160 R 19FA0401 37 39 28 FD B3 AC 0D 00
13:58:01.161 R 19FA0401 38 00 00 00 F5 00 BA 11
13:58:01.162 R 19FA0401 39 66 8A 1C 0C 00 00 00
13:58:01.163 R 19FA0401 3A 00 F5 00 2E 17 7F 34
13:58:01.163 R 19FA0401 3B 1C 0C 00 00 00 00 F5
13:58:01.164 R 19FA0401 3C 00 51 2C D1 33 E4 0C
13:58:01.165 R 19FA0401 3D 00 00 00 00 F5 00 3A
13:58:01.166 R 19FA0401 3E 19 36 CD D8 0E 00 00
13:58:01.166 R 19FA0401 3F 00 00 F5 FF FF FF FF
13:58:01.167 R 09F80101 15 20 50 1F 58 98 3E 03
13:58:01.168 R 19F11A01 FF FF FF FF FB 01 FF FF
13:58:01.177 R 11F80E00 80 1C 01 AE 7D 09 10 85
13:58:01.178 R 11F80E00 81 4C 3D 03 2A 4E 4F 1F
13:58:01.178 R 11F80E00 82 15 1D 02 71 00 90 C0
13:58:01.179 R 11F80E00 83 00 AE 00 00 00 C0 F8
13:58:01.179 R 11F80E00 84 FF FF FF FF FF FF FF
13:58:01.223 R 09FD02B1 FF 90 01 A6 74 FA FF FF
13:58:01.225 R 09FD02B1 FF 90 01 A6 74 FC FF FF
13:58:01.226 R 09FD02B1 FF 93 01 6E 87 F9 FF FF
13:58:01.246 R 09F80201 FF FC 00 00 03 00 FF FF
13:58:01.246 R 09F80101 16 20 50 1F 58 98 3E 03
13:58:01.257 R 11F80E00 A0 1C 01 D9 88 94 0E C7
13:58:01.258 R 11F80E00 A1 C2 34 03 3A 6C 4A 1F
13:58:01.258 R 11F80E00 A2 07 E0 90 B0 01 9A 08
13:58:01.259 R 11F80E00 A3 08 FF FF FF 7F C0 F8
13:58:01.260 R 11F80E00 A4 FF FF FF FF FF FF FF
13:58:01.273 R 18EA4001 16 F0 01
13:58:01.273 T 18E80140 01 FF FF FF FF 16 F0 01
13:58:01.281 R 0DF50B73 00 F1 01 00 00 FF FF FF
13:58:01.290 R 11F80F00 80 1B 12 7C 13 8D 0E D6
13:58:01.291 R 11F80F00 81 97 3E 03 BC 1F 50 1F
13:58:01.292 R 11F80F00 82 07 FF FF 00 00 00 00
13:58:01.292 R 11F80F00 83 20 FF FF 00 70 FE FF
13:58:01.323 R 09FD02B1 FF 90 01 BD 74 FA FF FF
13:58:01.323 R 09FD02B1 FF 90 01 BD 74 FC FF FF
13:58:01.324 R 09FD02B1 FF 93 01 7F 87 F9 FF FF
13:58:01.327 R 19F51373 80 0E FF FF FF FF FF FF
13:58:01.328 R 19F51373 81 86 85 B0 00 00 00 00
13:58:01.328 R 19F51373 82 00 FF FF FF FF FF FF
13:58:01.329 R 1DFF6773 A0 0B 3B 9F 03 00 04 B4
13:58:01.329 R 1DFF6773 A1 6E 11 19 09 09 FF FF
13:58:01.330 R 1DFF6773 C0 0B 3B 9F 03 02 04 B4
13:58:01.331 R 1DFF6773 C1 6E 11 19 09 09 FF FF
13:58:01.347 R 0DF80501 40 2B 6F E4 50 60 AB AD
13:58:01.347 R 0DF80501 41 19 00 5C 8D 98 4D 66
13:58:01.348 R 0DF80501 42 4A 07 00 70 25 51 53
13:58:01.349 R 0DF80501 43 63 C1 00 00 5A 62 02
13:58:01.349 R 0DF80501 44 00 00 00 00 23 FC 14
13:58:01.350 R 0DF80501 45 3C 00 FF 7F EE 11 00
13:58:01.351 R 0DF80501 46 00 00 FF FF FF FF FF
13:58:01.352 R 09F80101 16 20 50 1F 58 98 3E 03
13:58:01.352 R 0DF80901 E4 50 60 AB AD 19 78 00
13:58:01.418 R 11F80E00 C0 1C 01 6B 5A 8E 0E DD
13:58:01.419 R 11F80E00 C1 26 33 03 08 77 57 1F
13:58:01.419 R 11F80E00 C2 07 FF FF 00 00 3C 80
13:58:01.420 R 11F80E00 C3 09 FF FF FF 7F C0 F8
13:58:01.420 R 11F80E00 C4 FF FF FF FF FF FF FF
13:58:01.422 R 09FD02B1 FF 90 01 C9 74 FA FF FF
13:58:01.423 R 09FD02B1 FF 90 01 C9 74 FC FF FF
13:58:01.423 R 09FD02B1 FF 92 01 87 87 F9 FF FF
13:58:01.443 R 1CFFF001 3B 9F 8C FF 2E 1C DD 65
13:58:01.448 R 09F80201 FF FC 00 00 03 00 FF FF
13:58:01.449 R 09F80101 16 20 50 1F 58 98 3E 03
13:58:01.434 R 0DF01001 FF FF E4 50 84 B4 AD 19
13:58:01.506 R 09FD02B1 FF 8F 01 CA 74 FA FF FF
13:58:01.507 R 09FD02B1 FF 8F 01 CA 74 FC FF FF
13:58:01.508 R 09FD02B1 FF 92 01 83 87 F9 FF FF
13:58:01.510 R 11F80E00 E0 1C 03 C2 D3 8C 0E 38
13:58:01.511 R 11F80E00 E1 97 41 03 08 EB 52 1F
13:58:01.511 R 11F80E00 E2 06 0B 26 80 00 1A 38
13:58:01.512 R 11F80E00 E3 09 FF FF FF 7F C5 F8
13:58:01.512 R 11F80E00 E4 FF FF FF FF FF FF FF
13:58:01.522 R 1DEFFF73 E0 16 3B 9F F0 81 9C 01
13:58:01.522 R 1DEFFF73 E1 18 03 0C FF 08 02 F7
13:58:01.523 R 1DEFFF73 E2 FF FF 00 00 00 01 00
13:58:01.524 R 1DEFFF73 E3 00 00 FF FF FF FF FF
13:58:01.524 R 09F11273 00 BD 20 FF 7F FF 7F FD
13:58:01.525 R 09F10D73 FF F8 FF FF 0C 02 FF FF
13:58:01.526 R 1CFF4F73 3B 9F 00 FF FF BD 20 FF
13:58:01.535 R 09F80101 16 20 50 1F 58 98 3E 03
13:58:01.564 R 11F80E00 00 1C 01 D4 45 8D 0E 95
13:58:01.564 R 11F80E00 01 42 3B 03 04 BA 4B 1F
13:58:01.565 R 11F80E00 02 07 FF FF 00 00 E8 56
13:58:01.565 R 11F80E00 03 08 C2 9A 00 00 C7 F8
13:58:01.566 R 11F80E00 04 FF FF FF FF FF FF FF
13:58:01.581 R 09F50373 00 00 00 FF FF 00 FF FF
13:58:01.591 R 11F80E00 20 1C 01 8D D5 95 0E D8
13:58:01.592 R 11F80E00 21 56 46 03 20 DD 56 1F
13:58:01.593 R 11F80E00 22 07 5A 94 91 01 13 C1
13:58:01.593 R 11F80E00 23 00 43 93 00 00 C0 F8
13:58:01.594 R 11F80E00 24 FF FF FF FF FF FF FF
13:58:01.594 R 11F80F00 A0 1B 12 E5 1C 8D 0E D4
13:58:01.595 R 11F80F00 A1 D5 43 03 21 3A 60 1F
13:58:01.595 R 11F80F00 A2 07 65 B4 2F 01 F1 C0
13:58:01.596 R 11F80F00 A3 08 FF FF 00 70 FE FF
13:58:01.606 R 09FD02B1 FF 8F 01 C4 74 FA FF FF
13:58:01.608 R 09FD02B1 FF 8F 01 C4 74 FC FF FF
13:58:01.608 R 09FD02B1 FF 92 01 77 87 F9 FF FF
13:58:01.617 R 11F80E00 40 1C 03 50 53 8F 0E 1D
13:58:01.618 R 11F80E00 41 7A 3B 03 26 D3 4B 1F
13:58:01.618 R 11F80E00 42 01 F3 48 05 00 00 00
13:58:01.619 R 11F80E00 43 00 7D 9D 0A 00 C0 F8
13:58:01.620 R 11F80E00 44 FF FF FF FF FF FF FF
13:58:01.620 R 1CFF1A73 3B 9F 00 00 FF FF FF FF
13:58:01.621 R 09F50373 00 00 00 FF FF 00 FF FF
13:58:01.635 R 09F80201 FF FC 00 00 03 00 FF FF
13:58:01.636 R 09F80101 17 20 50 1F 58 98 3E 03
13:58:01.637 R 0DF90B01 FF FC FB 01 03 00 FF FF
13:58:01.638 R 19F81401 E0 14 57 38 34 00 00 00
13:58:01.638 R 19F81401 E1 00 00 00 00 00 00 00
13:58:01.639 R 19F81401 E2 00 00 00 57 38 34 00
13:58:01.651 R 15FD0773 00 C0 53 7A FF 7F FF FF
13:58:01.687 R 15FD0773 00 C0 53 7A FF 7F FF FF
13:58:01.705 R 09FD02B1 FF 8E 01 BB 74 FA FF FF
13:58:01.706 R 09FD02B1 FF 8E 01 BB 74 FC FF FF
13:58:01.706 R 09FD02B1 FF 91 01 6A 87 F9 FF FF
13:58:01.737 R 09F80101 17 20 50 1F 58 98 3E 03
13:58:01.780 R 11F80F00 C0 1B 12 5E D3 99 0C D7
13:58:01.780 R 11F80F00 C1 0C 3E 03 21 9A 50 1F
13:58:01.781 R 11F80F00 C2 07 51 14 F1 00 06 00
13:58:01.781 R 11F80F00 C3 06 FF FF 00 74 FF FF
13:58:01.805 R 09FD02B1 FF 8E 01 BA 74 FA FF FF
13:58:01.805 R 09FD02B1 FF 8E 01 BA 74 FC FF FF
13:58:01.806 R 09FD02B1 FF 91 01 64 87 F9 FF FF
13:58:01.838 R 09F80201 FF FC 00 00 03 00 FF FF
13:58:01.839 R 0DFE1101 C0 0E C0 6B 00 00 03 00
13:58:01.839 R 0DFE1101 C1 FF FF FF FF FB 01 03
13:58:01.840 R 0DFE1101 C2 00 FF FF FF FF FF FF
13:58:01.841 R 09F80101 17 20 50 1F 58 98 3E 03
13:58:01.904 R 09FD02B1 FF 8D 01 CC 74 FA FF FF
13:58:01.905 R 09FD02B1 FF 8D 01 CC 74 FC FF FF
13:58:01.905 R 09FD02B1 FF 90 01 71 87 F9 FF FF
13:58:01.935 R 1CFF4F73 3B 9F 00 FF FF BD 20 FF
13:58:01.935 R 1CFF5073 3B 9F 00 FF FF BD 20 FF
13:58:01.936 R 1DEFFF73 00 16 3B 9F F0 81 84 06
13:58:01.936 R 1DEFFF73 01 18 60 42 00 03 00 06
13:58:01.937 R 1DEFFF73 02 FF FF 00 00 00 01 00
13:58:01.938 R 1DEFFF73 03 00 00 FF FF FF FF FF
13:58:01.938 R 09F11273 00 BD 20 FF 7F FF 7F FD
13:58:01.939 R 09F10D73 FF F8 FF FF 0C 02 FF FF
13:58:01.939 R 0DF90301 FF 7F FF FF FF 7F FF FF
13:58:01.940 R 1CFF0873 3B 9F 00 00 14 00 FF FF
13:58:01.941 R 09F80101 17 20 50 1F 58 98 3E 03
13:58:01.941 R 1DFFF001 C0 0D 3B 9F 90 FF FF FF
13:58:01.942 R 1DFFF001 C1 FF FF FF FF FF 0F 01
13:58:01.991 R 11F80F00 E0 1B 12 9F F6 8D 0E EA
13:58:01.991 R 11F80F00 E1 52 42 03 9C 6E 59 1F
13:58:01.992 R 11F80F00 E2 8F FF FF 0A 00 06 00
13:58:01.992 R 11F80F00 E3 06 F1 84 00 74 FF FF
13:58:02.003 R 09FD02B1 FF 8D 01 F2 74 FA FF FF
13:58:02.004 R 09FD02B1 FF 8D 01 F2 74 FC FF FF
13:58:02.005 R 09FD02B1 FF 8F 01 93 87 F9 FF FF
13:58:02.042 R 09F80201 FF FC 00 00 03 00 FF FF
13:58:02.043 R 09F80101 18 20 50 1F 58 98 3E 03
13:58:02.043 R 19FA0301 00 DB 3C 00 5A 00 3E 00
13:58:02.044 R 19FA0601 40 0F 6F 3D 00 FF FF FF
13:58:02.045 R 19FA0601 41 FF FF FF FF FF FF FF
13:58:02.046 R 19FA0601 42 FF FF FF FF FF FF FF
13:58:02.046 R 19FA0B01 40 0F 6F 08 00 FF FF FF
13:58:02.047 R 19FA0B01 41 FF FF FF FF FF FF FF
13:58:02.048 R 19FA0B01 42 FF FF FF FF FF FF FF
13:58:02.101 R 11F80F00 00 1B 12 FA 1D 98 0E 2C
13:58:02.102 R 11F80F00 01 DF 46 03 4A 0E 56 1F
13:58:02.102 R 11F80F00 02 04 2D 6B FC 00 06 00
13:58:02.103 R 11F80F00 03 06 FF FF 00 74 FF FF
13:58:02.103 R 09FD02B1 FF 8C 01 25 75 FA FF FF
13:58:02.104 R 09FD02B1 FF 8C 01 25 75 FC FF FF
13:58:02.105 R 09FD02B1 FF 8F 01 C0 87 F9 FF FF
13:58:02.143 R 19FA0401 40 DB 6F FF 12 05 FF 1D
13:58:02.144 R 19FA0401 41 E5 CD 04 10 00 00 00
13:58:02.145 R 19FA0401 42 00 F5 07 E8 28 22 33
13:58:02.145 R 19FA0401 43 10 0E 00 00 00 00 F5
13:58:02.146 R 19FA0401 44 09 C5 13 AD 3C 74 0E
13:58:02.147 R 19FA0401 45 00 00 00 00 F5 0B 5D
13:58:02.147 R 19FA0401 46 10 AC 96 80 0C 00 00
13:58:02.148 R 19FA0401 47 00 00 F5 14 0B 11 1F
13:58:02.149 R 19FA0401 48 BA 74 0E 00 00 00 00
13:58:02.149 R 19FA0401 49 F5 15 73 32 B7 A7 3C
13:58:02.150 R 19FA0401 4A 0F 00 00 00 00 F5 1E
13:58:02.151 R 19FA0401 4B FF 2C 66 7B 04 10 00
13:58:02.151 R 19FA0401 4C 00 00 00 F5 44 80 16
13:58:02.152 R 19FA0401 4D B9 3E E4 0C 00 00 00
13:58:02.153 R 19FA0401 4E 00 F5 45 73 32 F4 0C
13:58:02.153 R 19FA0401 4F 04 10 00 00 00 00 F5
13:58:02.154 R 19FA0401 50 46 DD 17 2B CB A0 0F
13:58:02.155 R 19FB0200 A0 4C 05 F9 98 96 0E 00
13:58:02.155 R 19FA0401 51 00 00 00 00 F5 4E FF
13:58:02.156 R 19FB0200 A1 00 00 00 50 46 32 31
13:58:02.156 R 19FA0401 52 1D D1 24 A0 0F 00 00
13:58:02.157 R 19FB0200 A2 33 32 40 56 49 41 20
13:58:02.158 R 19FA0401 53 00 00 F5 31 74 14 66
13:58:02.158 R 19FB0200 A3 4E 4F 53 54 52 41 40
13:58:02.159 R 19FA0401 54 7B 80 0C 00 00 00 00
13:58:02.159 R 19FB0200 A4 40 40 40 40 40 40 40
13:58:02.160 R 19FA0401 55 F5 00 A2 3A 08 D4 D8
13:58:02.160 R 19FB0200 A5 40 40 4F 16 03 64 00
13:58:02.161 R 19FA0401 56 0E 00 00 00 00 F5 00
13:58:02.161 R 19FB0200 A6 28 00 B2 02 48 52 00
13:58:02.162 R 19FA0401 57 39 28 FD B3 AC 0D 00
13:58:02.163 R 19FB0200 A7 B2 9F 26 1E 00 4C 55
13:58:02.163 R 19FA0401 58 00 00 00 F5 00 BA 11
13:58:02.164 R 19FB0200 A8 4E 45 4E 40 40 40 40
13:58:02.164 R 19FA0401 59 66 8A 80 0C 00 00 00
13:58:02.165 R 19FB0200 A9 40 40 40 40 40 40 40
13:58:02.165 R 19FA0401 5A 00 F5 00 2E 17 7F 34
13:58:02.166 R 19FB0200 AA 40 40 40 40 3D E0 FF
13:58:02.167 R 19FA0401 5B 1C 0C 00 00 00 00 F5
13:58:02.167 R 19FA0401 5C 00 51 2C D1 33 E4 0C
13:58:02.168 R 19FA0401 5D 00 00 00 00 F5 00 3A
13:58:02.169 R 19FA0401 5E 19 36 CD 74 0E 00 00
13:58:02.169 R 19FA0401 5F 00 00 F5 FF FF FF FF
13:58:02.170 R 09F80101 18 20 50 1F 58 98 3E 03
13:58:02.171 R 19F11A01 FF FF FF FF FB 01 FF FF
13:58:02.171 R 1CFF1F01 3B 9F FF FB 01 FF FF FF
13:58:02.202 R 09FD02B1 FF 8B 01 54 75 FA FF FF
13:58:02.203 R 09FD02B1 FF 8B 01 54 75 FC FF FF
13:58:02.203 R 09FD02B1 FF 8E 01 EA 87 F9 FF FF
13:58:02.245 R 09F80201 FF FC 00 00 03 00 FF FF
13:58:02.245 R 09F80101 18 20 50 1F 58 98 3E 03
13:58:02.270 R 0DF50B73 00 EB 01 00 00 FF FF FF
13:58:02.280 R 11F80F00 20 1B 12 7C 13 8D 0E D6
13:58:02.280 R 11F80F00 21 97 3E 03 BC 1F 50 1F
13:58:02.281 R 11F80F00 22 0B FF FF 00 00 00 00
13:58:02.282 R 11F80F00 23 20 FF FF 00 70 FE FF
13:58:02.287 R 11F80E00 60 1C 01 CA 71 96 0E C1
13:58:02.287 R 11F80E00 61 37 3D 03 78 F0 4F 1F
13:58:02.288 R 11F80E00 62 08 00 00 00 00 E8 56
13:58:02.289 R 11F80E00 63 00 FF FF FF 7F C0 F8
13:58:02.289 R 11F80E00 64 FF FF FF FF FF FF FF
13:58:02.302 R 09FD02B1 FF 8A 01 74 75 FA FF FF
13:58:02.302 R 09FD02B1 FF 8A 01 74 75 FC FF FF
13:58:02.303 R 09FD02B1 FF 8D 01 07 88 F9 FF FF
13:58:02.316 R 19F51373 20 0E FF FF FF FF FF FF
13:58:02.316 R 19F51373 21 86 85 B0 00 00 00 00
13:58:02.317 R 19F51373 22 00 FF FF FF FF FF FF
13:58:02.318 R 1DFF6773 40 0B 3B 9F 03 00 04 B4
13:58:02.318 R 1DFF6773 41 6E 11 19 09 09 FF FF
13:58:02.319 R 1DFF6773 60 0B 3B 9F 03 02 04 B4
13:58:02.320 R 1DFF6773 61 6E 11 19 09 09 FF FF
13:58:02.346 R 0DF80501 60 2B 70 E4 50 58 D6 AD
13:58:02.347 R 0DF80501 61 19 00 F0 C2 0F 4E 66
13:58:02.347 R 0DF80501 62 4A 07 00 70 25 51 53
13:58:02.348 R 0DF80501 63 63 C1 00 00 5A 62 02
13:58:02.349 R 0DF80501 64 00 00 00 00 23 FC 14
13:58:02.349 R 0DF80501 65 3C 00 FF 7F EE 11 00
13:58:02.350 R 0DF80501 66 00 00 FF FF FF FF FF
13:58:02.351 R 09F80101 18 20 50 1F 58 98 3E 03
13:58:02.351 R 0DF80901 E4 50 58 D6 AD 19 78 00
13:58:02.389 R 11F80F00 40 1B 12 A0 FF 8B 0E A0
13:58:02.389 R 11F80F00 41 0A 3E 03 7B AA 4F 1F
13:58:02.390 R 11F80F00 42 04 F2 84 00 00 06 00
13:58:02.391 R 11F80F00 43 0B FF FF 00 00 FF FF
13:58:02.393 R 11F80E00 80 1C 01 12 09 8C 0E 5E
13:58:02.393 R 11F80E00 81 91 3A 03 5A 77 4B 1F
13:58:02.394 R 11F80E00 82 0F A6 B0 00 00 61 80
13:58:02.395 R 11F80E00 83 00 FF FF FF 7F CF F8
13:58:02.395 R 11F80E00 84 FF FF FF FF FF FF FF
13:58:02.400 R 09FD02B1 FF 89 01 82 75 FA FF FF
13:58:02.402 R 09FD02B1 FF 89 01 82 75 FC FF FF
13:58:02.403 R 09FD02B1 FF 8C 01 0F 88 F9 FF FF
13:58:02.427 R 1CFFF001 3B 9F 8C FF 33 1C CD 65
13:58:02.446 R 09F80201 FF FC 00 00 03 00 FF FF
13:58:02.447 R 09F80101 18 20 50 1F 58 98 3E 03
13:58:02.435 R 0DF01001 FF FF E4 50 9E DB AD 19
13:58:02.486 R 09FD02B1 FF 88 01 7B 75 FA FF FF
13:58:02.487 R 09FD02B1 FF 88 01 7B 75 FC FF FF
13:58:02.488 R 09FD02B1 FF 8B 01 04 88 F9 FF FF
13:58:02.515 R 18EA4001 16 F0 01
13:58:02.515 T 18E80140 01 FF FF FF FF 16 F0 01
13:58:02.521 R 19FB1200 E0 23 18 51 3D 8B 0E 25
13:58:02.522 R 19FB1200 E1 47 41 52 4D 49 4E 40
13:58:02.522 R 19FB1200 E2 50 44 36 30 35 30 40
13:58:02.523 R 19FB1200 E3 64 00 1E 00 0A 00 5A
13:58:02.523 R 19FB1200 E4 00 00 00 00 00 03 E0
13:58:02.524 R 19FB1200 E5 FF FF FF FF FF FF FF
13:58:02.524 R 1DFF7700 E0 1C 3B 9F 18 51 3D 8B
13:58:02.525 R 1DFF7700 E1 0E 01 25 47 41 52 4D
13:58:02.525 R 1DFF7700 E2 49 4E 40 50 44 36 30
13:58:02.526 R 1DFF7700 E3 35 30 40 81 10 20 C1
13:58:02.527 R 1DFF7700 E4 FF FF FF FF FF FF FF
13:58:02.534 R 09F80101 19 20 50 1F 58 98 3E 03
13:58:02.541 R 11F80E00 A0 1C 01 DA FA 95 0E BF
13:58:02.541 R 11F80E00 A1 53 56 03 58 75 63 1F
13:58:02.542 R 11F80E00 A2 0D 5D 1F 00 00 67 80
13:58:02.542 R 11F80E00 A3 08 92 EC 00 00 D0 F8
13:58:02.543 R 11F80E00 A4 FF FF FF FF FF FF FF
13:58:02.566 R 09F50373 00 00 00 FF FF 00 FF FF
13:58:02.586 R 09FD02B1 FF 87 01 62 75 FA FF FF
13:58:02.587 R 09FD02B1 FF 87 01 62 75 FC FF FF
13:58:02.587 R 09FD02B1 FF 8A 01 E8 87 F9 FF FF
13:58:02.621 R 11F80E00 C0 1C 01 7C AF 95 0E 7B
13:58:02.622 R 11F80E00 C1 7B 1C 03 2A 5C 55 1F
13:58:02.622 R 11F80E00 C2 0B 33 51 39 01 6A 80
13:58:02.623 R 09F11273 00 66 20 FF 7F FF 7F FD
13:58:02.623 R 11F80E00 C3 09 FF FF FF 7F C8 F8
13:58:02.624 R 09F10D73 FF F8 FF FF 0C 02 FF FF
13:58:02.624 R 11F80E00 C4 FF FF FF FF FF FF FF
13:58:02.625 R 1CFF4F73 3B 9F 00 FF FF 66 20 FF
13:58:02.626 R 1DEFFF73 80 16 3B 9F F0 81 9C C1
13:58:02.626 R 1DEFFF73 81 17 03 45 05 67 EB F7
13:58:02.627 R 1DEFFF73 82 FF FF 00 00 00 01 00
13:58:02.627 R 1DEFFF73 83 00 00 FF FF FF FF FF
13:58:02.635 R 09F80201 FF FC 00 00 03 00 FF FF
13:58:02.636 R 09F80101 19 20 50 1F 57 98 3E 03
13:58:02.637 R 0DF90B01 FF FC FB 01 03 00 FF FF
13:58:02.685 R 09FD02B1 FF 86 01 3F 75 FA FF FF
13:58:02.686 R 09FD02B1 FF 86 01 3F 75 FC FF FF
13:58:02.687 R 09FD02B1 FF 89 01 C1 87 F9 FF FF
13:58:02.701 R 09F50373 00 00 00 FF FF 00 FF FF
13:58:02.702 R 1CFF1A73 3B 9F 00 00 FF FF FF FF
13:58:02.737 R 09F80101 19 20 50 1F 57 98 3E 03
13:58:02.782 R 11F80E00 E0 1C 03 DB D6 95 0E B7
13:58:02.782 R 11F80E00 E1 4C 3D 03 35 79 4E 1F
13:58:02.783 R 11F80E00 E2 0B FF FF 00 00 4A 4A
13:58:02.783 R 11F80E00 E3 01 FF FF FF 7F C5 F8
13:58:02.784 R 11F80E00 E4 FF FF FF FF FF FF FF
13:58:02.786 R 09FD02B1 FF 86 01 1D 75 FA FF FF
13:58:02.786 R 09FD02B1 FF 86 01 1D 75 FC FF FF
13:58:02.787 R 09FD02B1 FF 88 01 9B 87 F9 FF FF
13:58:02.787 R 15FD0773 00 C0 53 7A FF 7F FF FF
13:58:02.829 R 1DEFFF73 A0 16 3B 9F F0 81 90 00
13:58:02.830 R 1DEFFF73 A1 03 68 00 00 00 00 00
13:58:02.831 R 1DEFFF73 A2 00 00 00 00 00 01 00
13:58:02.831 R 1DEFFF73 A3 00 00 FF FF FF FF FF
13:58:02.838 R 09F80201 FF FC 00 00 03 00 FF FF
13:58:02.838 R 0DFE1101 E0 0E C0 6C 00 00 03 00
13:58:02.839 R 0DFE1101 E1 FF FF FF FF FB 01 03
13:58:02.840 R 0DFE1101 E2 00 FF FF FF FF FF FF
13:58:02.841 R 09F80101 19 20 50 1F 57 98 3E 03
13:58:02.884 R 09FD02B1 FF 85 01 07 75 FA FF FF
13:58:02.886 R 09FD02B1 FF 85 01 07 75 FC FF FF
13:58:02.887 R 09FD02B1 FF 88 01 85 87 F9 FF FF
13:58:02.891 R 1DEFFF73 C0 16 3B 9F F0 81 86 41
13:58:02.891 R 1DEFFF73 C1 08 F7 00 00 00 00 00
13:58:02.892 R 1DEFFF73 C2 00 00 00 00 00 01 00
13:58:02.892 R 1DEFFF73 C3 00 00 FF FF FF FF FF
13:58:02.939 R 0DF90301 FF 7F FF FF FF 7F FF FF
13:58:02.940 R 09F80101 1A 20 50 1F 57 98 3E 03
13:58:02.940 R 1DFFF001 E0 0D 3B 9F 90 FF FF FF
13:58:02.941 R 1DFFF001 E1 FF FF FF FF FF 0E 01
13:58:02.943 R 11F80F00 60 1B 12 08 1E 8D 0E BF
13:58:02.944 R 11F80F00 61 C1 46 03 7C 00 56 1F
13:58:02.944 R 11F80F00 62 0C BC EA 53 01 76 80
13:58:02.945 R 11F80F00 63 08 FF FF 00 70 FE FF
13:58:02.953 R 09F11273 00 0E 20 FF 7F FF 7F FD
13:58:02.953 R 09F10D73 FF F8 FF FF 0C 02 FF FF
13:58:02.954 R 1CFF0873 3B 9F 00 00 14 00 FF FF
13:58:02.954 R 1CFF4F73 3B 9F 00 FF FF 0E 20 FF
13:58:02.956 R 1CFF5073 3B 9F 00 FF FF 8F 27 FF
13:58:02.957 R 1DEFFF73 E0 16 3B 9F F0 81 84 86
13:58:02.957 R 1DEFFF73 E1 17 74 42 00 03 00 06
13:58:02.958 R 1DEFFF73 E2 00 00 00 00 00 01 00
13:58:02.958 R 1DEFFF73 E3 00 00 FF FF FF FF FF
13:58:02.983 R 09FD02B1 FF 84 01 0F 75 FA FF FF
13:58:02.984 R 09FD02B1 FF 84 01 0F 75 FC FF FF
13:58:02.985 R 09FD02B1 FF 87 01 87 87 F9 FF FF
13:58:03.007 R 15FD0773 00 C0 53 7A FF 7F FF FF
13:58:03.040 R 09F80201 FF FC 00 00 03 00 FF FF
13:58:03.041 R 09F80101 1A 20 50 1F 57 98 3E 03
13:58:03.042 R 19FA0301 00 DB 3C 00 5A 00 3E 00
13:58:03.043 R 19FA0601 60 0F 70 3D 00 FF FF FF
13:58:03.043 R 19FA0601 61 FF FF FF FF FF FF FF
13:58:03.044 R 19FA0601 62 FF FF FF FF FF FF FF
13:58:03.045 R 19FA0B01 60 0F 70 06 00 FF FF FF
13:58:03.045 R 19FA0B01 61 FF FF FF FF FF FF FF
13:58:03.046 R 19FA0B01 62 FF FF FF FF FF FF FF
13:58:03.075 R 1CFF7400 3B 9F FD 00 00 FF FF FF
13:58:03.083 R 09FD02B1 FF 84 01 26 75 FA FF FF
13:58:03.084 R 09FD02B1 FF 84 01 26 75 FC FF FF
13:58:03.084 R 09FD02B1 FF 87 01 9C 87 F9 FF FF
13:58:03.142 R 19FA0401 60 DB 70 FF 12 05 FF 1D
13:58:03.143 R 19FA0401 61 E5 CD 04 10 00 00 00
13:58:03.144 R 19FA0401 62 00 F5 07 E8 28 22 33
13:58:03.144 R 19FA0401 63 10 0E 00 00 00 00 F5
13:58:03.145 R 19FA0401 64 09 C5 13 AD 3C 74 0E
13:58:03.146 R 19FA0401 65 00 00 00 00 F5 0B 5D
13:58:03.146 R 19FA0401 66 10 AC 96 80 0C 00 00
13:58:03.147 R 19FA0401 67 00 00 F5 14 0B 11 1F
13:58:03.148 R 19FA0401 68 BA 10 0E 00 00 00 00
13:58:03.148 R 19FA0401 69 F5 15 73 32 B7 A7 3C
13:58:03.149 R 19FA0401 6A 0F 00 00 00 00 F5 1E
13:58:03.150 R 19FA0401 6B FF 2C 66 7B 04 10 00
13:58:03.151 R 19FA0401 6C 00 00 00 F5 44 80 16
13:58:03.151 R 19FA0401 6D B9 3E 48 0D 00 00 00
13:58:03.152 R 19FA0401 6E 00 F5 45 73 32 F4 0C
13:58:03.153 R 19FA0401 6F A0 0F 00 00 00 00 F5
13:58:03.153 R 19FA0401 70 46 DD 17 2B CB A0 0F
13:58:03.154 R 19FA0401 71 00 00 00 00 F5 4E FF
13:58:03.155 R 19FA0401 72 1D D1 24 A0 0F 00 00
13:58:03.155 R 19FA0401 73 00 00 F5 22 C5 13 95
13:58:03.156 R 19FA0401 74 83 E4 0C 00 00 00 00
13:58:03.157 R 19FA0401 75 F5 00 A2 3A 08 D4 D8
13:58:03.157 R 19FA0401 76 0E 00 00 00 00 F5 00
13:58:03.158 R 19FA0401 77 39 28 FD B3 48 0D 00
13:58:03.159 R 19FA0401 78 00 00 00 F5 00 BA 11
13:58:03.159 R 19FA0401 79 66 8A 80 0C 00 00 00
13:58:03.160 R 19FA0401 7A 00 F5 00 2E 17 7F 34
13:58:03.161 R 19FA0401 7B 1C 0C 00 00 00 00 F5
13:58:03.162 R 19FA0401 7C 00 51 2C D1 33 E4 0C
13:58:03.162 R 19FA0401 7D 00 00 00 00 F5 00 3A
13:58:03.163 R 19FA0401 7E 19 88 CC 74 0E 00 00
13:58:03.164 R 19FA0401 7F 00 00 F5 FF FF FF FF
13:58:03.164 R 09F80101 1A 20 50 1F 57 98 3E 03
13:58:03.165 R 19F11A01 FF FF FF FF FB 01 FF FF
13:58:03.182 R 09FD02B1 FF 84 01 3F 75 FA FF FF
13:58:03.183 R 09FD02B1 FF 84 01 3F 75 FC FF FF
13:58:03.184 R 09FD02B1 FF 86 01 B3 87 F9 FF FF
13:58:03.184 R 11F80E00 00 1C 01 1B E7 96 0E 17
13:58:03.185 R 11F80E00 01 23 33 03 08 45 57 1F
13:58:03.185 R 11F80E00 02 0C FF FF 00 00 E8 56
13:58:03.186 R 11F80E00 03 08 FF FF FF 7F C0 F8
13:58:03.186 R 11F80E00 04 FF FF FF FF FF FF FF
13:58:03.211 R 19FB1200 00 23 18 D8 1F 0E 0D 25
13:58:03.211 R 19FB1200 01 53 52 54 49 35 46 44
13:58:03.212 R 19FB1200 02 58 50 48 37 39 32 35
13:58:03.212 R 19FB1200 03 82 00 28 00 0A 00 28
13:58:03.213 R 19FB1200 04 00 00 00 00 00 F3 E1
13:58:03.213 R 19FB1200 05 FF FF FF FF FF FF FF
13:58:03.214 R 1DFF7700 00 1C 3B 9F 18 D8 1F 0E
13:58:03.215 R 1DFF7700 01 0D 01 25 53 52 54 49
13:58:03.215 R 1DFF7700 02 35 46 44 58 50 48 37
13:58:03.216 R 1DFF7700 03 39 32 35 C1 90 80 C0
13:58:03.216 R 1DFF7700 04 FF FF FF FF FF FF FF
13:58:03.237 R 11F80F00 80 1B 12 64 80 8E 0E 33
13:58:03.238 R 11F80F00 81 DD 48 03 A0 1C 5B 1F
13:58:03.238 R 11F80F00 82 0C 5B 64 39 01 81 80
13:58:03.239 R 11F80F00 83 08 FF FF 00 70 FE FF
13:58:03.243 R 09F80201 FF FC 00 00 03 00 FF FF
13:58:03.244 R 09F80101 1A 20 50 1F 57 98 3E 03
13:58:03.267 R 0DF50B73 00 F1 01 00 00 FF FF FF
13:58:03.270 R 11F80F00 A0 1B 12 7C 13 8D 0E E7
13:58:03.271 R 11F80F00 A1 97 3E 03 BC 1F 50 1F
13:58:03.271 R 11F80F00 A2 0F FF FF 00 00 00 00
13:58:03.272 R 11F80F00 A3 20 FF FF 00 70 FE FF
13:58:03.282 R 09FD02B1 FF 83 01 4D 75 FA FF FF
13:58:03.282 R 09FD02B1 FF 83 01 4D 75 FC FF FF
13:58:03.283 R 09FD02B1 FF 86 01 BF 87 F9 FF FF
13:58:03.306 R 19F51373 00 0E FF FF FF FF FF FF
13:58:03.306 R 19F51373 01 86 85 B0 00 00 00 00
13:58:03.307 R 19F51373 02 00 FF FF FF FF FF FF
13:58:03.307 R 1DFF6773 20 0B 3B 9F 03 00 04 B4
13:58:03.308 R 1DFF6773 21 6E 11 19 09 09 FF FF
13:58:03.309 R 1DFF6773 40 0B 3B 9F 03 02 04 B4
13:58:03.309 R 1DFF6773 41 6E 11 19 09 09 FF FF
13:58:03.345 R 0DF80501 80 2B 71 E4 50 68 FD AD
13:58:03.346 R 0DF80501 81 19 00 84 F8 86 4E 66
13:58:03.346 R 0DF80501 82 4A 07 00 A6 8A 15 53
13:58:03.347 R 0DF80501 83 63 C1 00 00 5A 62 02
13:58:03.348 R 0DF80501 84 00 00 00 00 23 FC 14
13:58:03.348 R 0DF80501 85 3C 00 FF 7F EE 11 00
13:58:03.349 R 0DF80501 86 00 00 FF FF FF FF FF
13:58:03.350 R 09F80101 1A 20 50 1F 57 98 3E 03
13:58:03.351 R 0DF80901 E4 50 68 FD AD 19 78 00
13:58:03.381 R 09FD02B1 FF 83 01 42 75 FA FF FF
13:58:03.382 R 09FD02B1 FF 83 01 42 75 FC FF FF
13:58:03.382 R 09FD02B1 FF 86 01 B4 87 F9 FF FF
13:58:03.442 R 1CFFF001 3B 9F 8C FF 3E 1C AD 65
13:58:03.446 R 09F80201 FF FC 00 00 03 00 FF FF
13:58:03.446 R 09F80101 1B 20 50 1F 57 98 3E 03
13:58:03.300 R 0DF01001 FF FF E4 50 68 FD AD 19
13:58:03.333 R 09FD02B1 FF 83 01 20 75 FA FF FF
13:58:03.334 R 09FD02B1 FF 83 01 20 75 FC FF FF
13:58:03.335 R 09FD02B1 FF 86 01 92 87 F9 FF FF
13:58:03.358 R 11F80E00 20 1C 01 90 73 8B 0E DF
13:58:03.358 R 11F80E00 21 56 3D 03 10 1E 4E 1F
13:58:03.359 R 11F80E00 22 0F FF FF 00 00 8B 80
13:58:03.359 R 11F80E00 23 08 FF FF FF 7F C0 F8
13:58:03.360 R 11F80E00 24 FF FF FF FF FF FF FF
13:58:03.385 R 11F80E00 40 1C 03 E4 71 96 0E E1
13:58:03.385 R 11F80E00 41 53 3D 03 CE 28 4E 1F
13:58:03.386 R 11F80E00 42 0F FF FF 00 00 13 4B
13:58:03.386 R 11F80E00 43 00 07 F2 00 00 CF F8
13:58:03.387 R 11F80E00 44 FF FF FF FF FF FF FF
13:58:03.400 R 09F80101 1B 20 50 1F 57 98 3E 03
13:58:03.433 R 09FD02B1 FF 82 01 F5 74 FA FF FF
13:58:03.435 R 09FD02B1 FF 82 01 F5 74 FC FF FF
13:58:03.435 R 09FD02B1 FF 85 01 67 87 F9 FF FF
13:58:03.437 R 09F50373 00 00 00 FF FF 00 FF FF
13:58:03.477 R 1CFF1A73 3B 9F 00 00 FF FF FF FF
13:58:03.477 R 09F50373 00 00 00 FF FF 00 FF FF
13:58:03.501 R 09F80201 FF FC 00 00 03 00 FF FF
13:58:03.502 R 09F80101 1B 20 50 1F 57 98 3E 03
13:58:03.502 R 0DF90B01 FF FC FB 01 03 00 FF FF
13:58:03.504 R 15FD0773 00 C0 53 7A FF 7F FF FF
13:58:03.528 R 1CFF4F73 3B 9F 00 FF FF 66 20 FF
13:58:03.528 R 1DEFFF73 60 16 3B 9F F0 81 9C C1
13:58:03.529 R 1DEFFF73 61 17 05 00 00 49 02 F7
13:58:03.530 R 1DEFFF73 62 FF FF 00 00 00 01 00
13:58:03.530 R 1DEFFF73 63 00 00 FF FF FF FF FF
13:58:03.531 R 09F11273 00 66 20 FF 7F FF 7F FD
13:58:03.531 R 09F10D73 FF F8 FF FF 69 03 FF FF
13:58:03.532 R 09FD02B1 FF 82 01 CB 74 FA FF FF
13:58:03.533 R 09FD02B1 FF 82 01 CB 74 FC FF FF
13:58:03.534 R 09FD02B1 FF 85 01 3F 87 F9 FF FF
13:58:03.599 R 11F80E00 60 1C 03 C2 D3 8C 0E D7
13:58:03.599 R 11F80E00 61 90 41 03 DC E9 52 1F
13:58:03.600 R 11F80E00 62 0E 2E 26 05 00 4A 2B
13:58:03.600 R 11F80E00 63 09 FF FF FF 7F C5 F8
13:58:03.601 R 11F80E00 64 FF FF FF FF FF FF FF
13:58:03.602 R 09F80101 1B 20 50 1F 57 98 3E 03
13:58:03.632 R 09FD02B1 FF 82 01 B2 74 FA FF FF
13:58:03.632 R 09FD02B1 FF 82 01 B2 74 FC FF FF
13:58:03.633 R 09FD02B1 FF 85 01 27 87 F9 FF FF
13:58:03.689 R 15FD0773 00 C0 53 7A FF 7F FF FF
13:58:03.703 R 09F80201 FF FC 00 00 03 00 FF FF
13:58:03.704 R 0DFE1101 00 0E C0 6D 00 00 03 00
13:58:03.705 R 0DFE1101 01 FF FF FF FF FB 01 03
13:58:03.706 R 0DFE1101 02 00 FF FF FF FF FF FF
13:58:03.706 R 09F80101 1C 20 50 1F 57 98 3E 03
13:58:03.731 R 09FD02B1 FF 82 01 B1 74 FA FF FF
13:58:03.732 R 09FD02B1 FF 82 01 B1 74 FC FF FF
13:58:03.732 R 09FD02B1 FF 84 01 26 87 F9 FF FF
13:58:03.805 R 0DF90301 FF 7F FF FF FF 7F FF FF
13:58:03.805 R 09F80101 1C 20 50 1F 57 98 3E 03
13:58:03.806 R 1DFFF001 00 0D 3B 9F 90 FF FF FF
13:58:03.807 R 1DFFF001 01 FF FF FF FF FF 0B 01
13:58:03.830 R 09FD02B1 FF 82 01 BE 74 FA FF FF
13:58:03.831 R 09FD02B1 FF 82 01 BE 74 FC FF FF
13:58:03.832 R 09FD02B1 FF 84 01 35 87 F9 FF FF
13:58:03.838 R 1CFF4F73 3B 9F 00 FF FF 0E 20 FF
13:58:03.840 R 1CFF5073 3B 9F 00 FF FF 8F 27 FF
13:58:03.841 R 1DEFFF73 80 16 3B 9F F0 81 84 86
13:58:03.841 R 1DEFFF73 81 17 74 42 00 04 00 06
13:58:03.842 R 11F80F00 C0 1B 12 CF 11 8C 0E 51
13:58:03.842 R 11F80F00 C1 6E 49 03 BA 37 59 1F
13:58:03.843 R 11F80F00 C2 0C BE 84 9F 00 06 00
13:58:03.843 R 11F80F00 C3 06 FF FF 00 74 FF FF
13:58:03.844 R 1DEFFF73 82 FF FF 00 00 00 01 00
13:58:03.845 R 1DEFFF73 83 00 00 FF FF FF FF FF
13:58:03.845 R 09F11273 00 0E 20 FF 7F FF 7F FD
13:58:03.846 R 09F10D73 FF F8 FF FF BA 02 FF FF
13:58:03.846 R 1CFF0873 3B 9F 00 00 14 00 FF FF
13:58:03.893 R 11F80F00 E0 1B 12 5A 25 8B 0E 81
13:58:03.894 R 11F80F00 E1 AA 33 03 FA 6F 53 1F
13:58:03.894 R 11F80F00 E2 13 B0 F1 F6 00 B1 04
13:58:03.895 R 11F80F00 E3 00 FF FF 00 70 FF FF
13:58:03.906 R 09F80201 FF FC 00 00 03 00 FF FF
13:58:03.907 R 09F80101 1C 20 50 1F 57 98 3E 03
13:58:03.908 R 19FA0301 00 DB 3C 00 5A 00 3E 00
13:58:03.908 R 19FA0601 80 0F 71 3D 00 FF FF FF
13:58:03.909 R 19FA0601 81 FF FF FF FF FF FF FF
13:58:03.910 R 19FA0601 82 FF FF FF FF FF FF FF
13:58:03.910 R 19FA0B01 80 0F 71 04 00 FF FF FF
13:58:03.911 R 19FA0B01 81 FF FF FF FF FF FF FF
13:58:03.912 R 19FA0B01 82 FF FF FF FF FF FF FF
13:58:03.919 R 19FB1100 A0 1B 18 C1 AE 95 0E 52
13:58:03.920 R 19FB1100 A1 41 5A 40 40 40 40 40
13:58:03.920 R 19FB1100 A2 40 40 40 40 40 40 40
13:58:03.921 R 19FB1100 A3 40 40 40 40 40 E0 FF
13:58:03.921 R 1DFF7600 A0 1C 3B 9F 18 C1 AE 95
13:58:03.922 R 1DFF7600 A1 0E 00 52 41 5A 40 40
13:58:03.922 R 1DFF7600 A2 40 40 40 40 40 40 40
13:58:03.923 R 1DFF7600 A3 40 40 40 40 40 40 40
13:58:03.924 R 1DFF7600 A4 40 FF FF FF FF FF FF
13:58:03.930 R 09FD02B1 FF 82 01 CA 74 FA FF FF
13:58:03.931 R 09FD02B1 FF 82 01 CA 74 FC FF FF
13:58:03.931 R 09FD02B1 FF 84 01 44 87 F9 FF FF
13:58:03.968 R 1DEFFF73 A0 16 3B 9F F0 81 90 00
13:58:03.969 R 1DEFFF73 A1 05 74 42 00 04 00 06
13:58:03.970 R 1DEFFF73 A2 44 02 00 00 00 01 00
13:58:03.970 R 1DEFFF73 A3 00 00 FF FF FF FF FF
13:58:04.008 R 19FA0401 80 DB 71 FF 12 05 FF 1D
13:58:04.008 R 19FA0401 81 E5 CD 04 10 00 00 00
13:58:04.009 R 19FA0401 82 00 F5 07 E8 28 22 33
13:58:04.010 R 19FA0401 83 74 0E 00 00 00 00 F5
13:58:04.010 R 19FA0401 84 09 C5 13 AD 3C 74 0E
13:58:04.011 R 19FA0401 85 00 00 00 00 F5 0B 5D
13:58:04.012 R 19FA0401 86 10 AC 96 80 0C 00 00
13:58:04.013 R 19FA0401 87 00 00 F5 14 0B 11 1F
13:58:04.013 R 19FA0401 88 BA 74 0E 00 00 00 00
13:58:04.014 R 19FA0401 89 F5 15 73 32 B7 A7 3C
13:58:04.015 R 19FA0401 8A 0F 00 00 00 00 F5 1E
13:58:04.016 R 19FA0401 8B FF 2C 66 7B 04 10 00
13:58:04.016 R 19FA0401 8C 00 00 00 F5 44 80 16
13:58:04.017 R 19FA0401 8D B9 3E AC 0D 00 00 00
13:58:04.018 R 19FA0401 8E 00 F5 45 73 32 A3 0D
13:58:04.019 R 19FA0401 8F A0 0F 00 00 00 00 F5
13:58:04.019 R 19FA0401 90 46 DD 17 2B CB 3C 0F
13:58:04.020 R 19FA0401 91 00 00 00 00 F5 4E FF
13:58:04.021 R 19FA0401 92 1D D1 24 A0 0F 00 00
13:58:04.021 R 19FA0401 93 00 00 F5 22 C5 13 95
13:58:04.022 R 19FA0401 94 83 80 0C 00 00 00 00
13:58:04.024 R 19FA0401 95 F5 00 A2 3A 08 D4 74
13:58:04.024 R 19FA0401 96 0E 00 00 00 00 F5 00
13:58:04.025 R 19FA0401 97 39 28 FD B3 AC 0D 00
13:58:04.026 R 19FA0401 98 00 00 00 F5 00 BA 11
13:58:04.027 R 19FA0401 99 66 8A 80 0C 00 00 00
13:58:04.027 R 19FA0401 9A 00 F5 00 2E 17 7F 34
13:58:04.028 R 19FA0401 9B 1C 0C 00 00 00 00 F5
13:58:04.029 R 19FA0401 9C 00 51 2C D1 33 E4 0C
13:58:04.029 R 09FD02B1 FF 81 01 CA 74 FA FF FF
13:58:04.030 R 09FD02B1 FF 81 01 CA 74 FC FF FF
13:58:04.031 R 19FA0401 9D 00 00 00 00 F5 00 3A
13:58:04.031 R 09FD02B1 FF 84 01 45 87 F9 FF FF
13:58:04.032 R 19FA0401 9E 19 88 CC 74 0E 00 00
13:58:04.032 R 19FA0401 9F 00 00 F5 FF FF FF FF
13:58:04.033 R 09F80101 1C 20 50 1F 57 98 3E 03
13:58:04.034 R 19F11A01 FF FF FF FF FB 01 FF FF
13:58:04.054 R 11F80E00 80 1C 01 C9 D4 95 0E 60
13:58:04.055 R 11F80E00 81 3C 3D 03 D0 F2 4F 1F
13:58:04.055 R 11F80E00 82 0F ED 4D 00 00 BD 08
13:58:04.056 R 11F80E00 83 08 FF FF FF 7F D0 F8
13:58:04.056 R 11F80E00 84 FF FF FF FF FF FF FF
13:58:04.109 R 09F80201 FF FC 00 00 03 00 FF FF
13:58:04.110 R 09F80101 1C 20 50 1F 57 98 3E 03
13:58:04.127 R 11F80F00 00 1B 12 7C 13 8D 0E E7
13:58:04.128 R 11F80F00 01 97 3E 03 BC 1F 50 1F
13:58:04.129 R 11F80F00 02 13 FF FF 00 00 00 00
13:58:04.129 R 11F80F00 03 20 FF FF 00 70 FE FF
13:58:04.130 R 09FD02B1 FF 81 01 B0 74 FA FF FF
13:58:04.130 R 09FD02B1 FF 81 01 B0 74 FC FF FF
13:58:04.131 R 09FD02B1 FF 84 01 30 87 F9 FF FF
13:58:04.140 R 0DF50B73 00 F1 01 00 00 FF FF FF
13:58:04.162 R 19F51373 C0 0E FF FF FF FF FF FF
13:58:04.163 R 19F51373 C1 86 85 B0 00 00 00 00
13:58:04.164 R 19F51373 C2 00 FF FF FF FF FF FF
13:58:04.164 R 1DFF6773 E0 0B 3B 9F 03 00 04 B4
13:58:04.165 R 1DFF6773 E1 6E 11 19 09 09 FF FF
13:58:04.166 R 1DFF6773 00 0B 3B 9F 03 02 04 B4
13:58:04.166 R 1DFF6773 01 6E 11 19 09 09 FF FF
13:58:04.210 R 0DF80501 A0 2B 72 E4 50 78 24 AE
13:58:04.211 R 0DF80501 A1 19 00 E2 C8 39 4F 66
13:58:04.212 R 0DF80501 A2 4A 07 00 A6 8A 15 53
13:58:04.212 R 0DF80501 A3 63 C1 00 60 D3 60 02
13:58:04.213 R 0DF80501 A4 00 00 00 00 23 FC 14
13:58:04.214 R 0DF80501 A5 3C 00 FF 7F EE 11 00
13:58:04.215 R 0DF80501 A6 00 00 FF FF FF FF FF
13:58:04.216 R 09F80101 1D 20 50 1F 57 98 3E 03
13:58:04.216 R 0DF80901 E4 50 78 24 AE 19 78 00
13:58:04.228 R 09FD02B1 FF 81 01 88 74 FA FF FF
13:58:04.230 R 09FD02B1 FF 81 01 88 74 FC FF FF
13:58:04.231 R 09FD02B1 FF 84 01 0D 87 F9 FF FF
13:58:04.279 R 1CFFF001 3B 9F 8C FF 49 1C 8D 65
13:58:04.312 R 09F80201 FF FC 00 00 03 00 FF FF
13:58:04.312 R 09F80101 1D 20 50 1F 57 98 3E 03
13:58:04.436 R 0DF01001 FF FF E4 50 C8 29 AE 19
13:58:04.451 R 09FD02B1 FF 81 01 60 74 FA FF FF
13:58:04.451 R 09FD02B1 FF 81 01 60 74 FC FF FF
13:58:04.452 R 09FD02B1 FF 84 01 E9 86 F9 FF FF
13:58:04.466 R 1DEFFF73 20 16 3B 9F F0 81 9C C1
13:58:04.466 R 1DEFFF73 21 17 05 FB 01 03 00 06
13:58:04.467 R 1DEFFF73 22 44 02 00 00 00 01 00
13:58:04.467 R 1DEFFF73 23 00 00 FF FF FF FF FF
13:58:04.468 R 09F11273 00 66 20 FF 7F FF 7F FD
13:58:04.469 R 09F10D73 FF F8 FF FF 69 03 FF FF
13:58:04.469 R 1CFF4F73 3B 9F 00 FF FF 66 20 FF
13:58:04.525 R 11F80E00 A0 1C 01 80 8A 94 0E B9
13:58:04.526 R 11F80E00 A1 23 3B 03 30 B0 4B 1F
13:58:04.526 R 11F80E00 A2 11 20 9C 00 00 0F C0
13:58:04.527 R 11F80E00 A3 01 C2 9A 00 00 C0 F8
13:58:04.528 R 11F80E00 A4 FF FF FF FF FF FF FF
13:58:04.535 R 09F80101 1D 20 50 1F 57 98 3E 03
13:58:04.550 R 09FD02B1 FF 81 01 40 74 FA FF FF
13:58:04.551 R 09FD02B1 FF 81 01 40 74 FC FF FF
13:58:04.551 R 09FD02B1 FF 84 01 CF 86 F9 FF FF
13:58:04.556 R 09F50373 00 00 00 FF FF 00 FF FF
13:58:04.636 R 09F80201 FF FC 00 00 03 00 FF FF
13:58:04.637 R 09F80101 1D 20 50 1F 57 98 3E 03
13:58:04.637 R 0DF90B01 FF FC FB 01 03 00 FF FF
13:58:04.649 R 09FD02B1 FF 81 01 31 74 FA FF FF
13:58:04.650 R 09FD02B1 FF 81 01 31 74 FC FF FF
13:58:04.651 R 09FD02B1 FF 84 01 C4 86 F9 FF FF
13:58:04.691 R 1CFF1A73 3B 9F 00 00 FF FF FF FF
13:58:04.692 R 09F50373 00 00 00 FF FF 00 FF FF
13:58:04.713 R 11F80E00 C0 1C 01 62 4C 96 0E 69
13:58:04.713 R 11F80E00 C1 5A 28 03 C4 8C 45 1F
13:58:04.714 R 11F80E00 C2 13 4E A4 53 01 1A D2
13:58:04.714 R 11F80E00 C3 09 FF FF FF 7F CF F8
13:58:04.715 R 11F80E00 C4 FF FF FF FF FF FF FF
13:58:04.716 R 15FD0773 00 C0 53 7A FF 7F FF FF
13:58:04.737 R 09F80101 1E 20 50 1F 57 98 3E 03
13:58:04.749 R 09FD02B1 FF 81 01 2D 74 FA FF FF
13:58:04.750 R 09FD02B1 FF 81 01 2D 74 FC FF FF
13:58:04.750 R 09FD02B1 FF 84 01 C3 86 F9 FF FF
13:58:04.752 R 15FD0773 00 C0 53 7A FF 7F FF FF
13:58:04.838 R 09F80201 FF FC 00 00 03 00 FF FF
13:58:04.838 R 0DFE1101 20 0E C0 6E 00 00 03 00
13:58:04.839 R 0DFE1101 21 FF FF FF FF FB 01 03
13:58:04.840 R 0DFE1101 22 00 FF FF FF FF FF FF
13:58:04.840 R 09F80101 1E 20 50 1F 57 98 3E 03
13:58:04.848 R 09FD02B1 FF 82 01 2B 74 FA FF FF
13:58:04.849 R 09FD02B1 FF 82 01 2B 74 FC FF FF
13:58:04.849 R 09FD02B1 FF 84 01 C6 86 F9 FF FF
13:58:04.900 R 11F80E00 E0 1C 01 18 E6 96 0E 75
13:58:04.901 R 11F80E00 E1 26 3B 03 BC AC 4B 1F
13:58:04.901 R 11F80E00 E2 11 C0 00 00 00 C0 C0
13:58:04.902 R 11F80E00 E3 00 C5 22 00 00 D0 F8
13:58:04.902 R 11F80E00 E4 FF FF FF FF FF FF FF
13:58:04.927 R 11F80E00 00 1C 03 50 53 8F 0E 3F
13:58:04.928 R 11F80E00 01 7A 3B 03 47 D3 4B 1F
13:58:04.928 R 11F80E00 02 11 16 4F 05 00 30 10
13:58:04.929 R 11F80E00 03 08 7D 9D 0A 00 C0 F8
13:58:04.929 R 11F80E00 04 FF FF FF FF FF FF FF
13:58:04.939 R 0DF90301 FF 7F FF FF FF 7F FF FF
13:58:04.939 R 09F80101 1E 20 50 1F 57 98 3E 03
13:58:04.940 R 1DFFF001 20 0D 3B 9F 90 FF FF FF
13:58:04.941 R 1DFFF001 21 FF FF FF FF FF 0A 01
13:58:04.948 R 09FD02B1 FF 82 01 2E 74 FA FF FF
13:58:04.949 R 09FD02B1 FF 82 01 2E 74 FC FF FF
13:58:04.950 R 09FD02B1 FF 84 01 CC 86 F9 FF FF
13:58:04.987 R 1DEFFF73 40 16 3B 9F F0 81 90 00
13:58:04.988 R 1DEFFF73 41 03 00 01 FF 08 02 F7
13:58:04.989 R 1DEFFF73 42 FF FF 00 00 00 01 00
13:58:04.989 R 1DEFFF73 43 00 00 FF FF FF FF FF
13:58:05.024 R 09F11273 00 0E 20 FF 7F FF 7F FD
13:58:05.025 R 09F10D73 FF F8 FF FF 69 03 FF FF
13:58:05.025 R 1CFF0873 3B 9F 00 00 14 00 FF FF
13:58:05.026 R 1CFF4F73 3B 9F 00 FF FF 0E 20 FF
13:58:05.027 R 1CFF5073 3B 9F 00 FF FF 8F 27 FF
13:58:05.027 R 1DEFFF73 60 16 3B 9F F0 81 84 86
13:58:05.028 R 1DEFFF73 61 17 74 42 00 05 00 06
13:58:05.028 R 1DEFFF73 62 FF FF 00 00 00 01 00
13:58:05.029 R 1DEFFF73 63 00 00 FF FF FF FF FF
13:58:05.040 R 09F80201 FF FC 00 00 03 00 FF FF
13:58:05.040 R 09F80101 1E 20 50 1F 57 98 3E 03
13:58:05.041 R 19FA0301 00 DB 3C 00 5A 00 3E 00
13:58:05.041 R 19FA0601 A0 0F 72 3D 00 FF FF FF
13:58:05.042 R 19FA0601 A1 FF FF FF FF FF FF FF
13:58:05.043 R 19FA0601 A2 FF FF FF FF FF FF FF
13:58:05.043 R 19FA0B01 A0 0F 72 04 00 FF FF FF
13:58:05.044 R 19FA0B01 A1 FF FF FF FF FF FF FF
13:58:05.045 R 19FA0B01 A2 FF FF FF FF FF FF FF
13:58:05.047 R 09FD02B1 FF 82 01 32 74 FA FF FF
13:58:05.048 R 09FD02B1 FF 82 01 32 74 FC FF FF
13:58:05.048 R 09FD02B1 FF 85 01 D3 86 F9 FF FF
13:58:05.140 R 19FA0401 A0 DB 72 FF 12 05 FF 1D
13:58:05.141 R 19FA0401 A1 E5 CD 04 10 00 00 00
13:58:05.142 R 19FA0401 A2 00 F5 07 E8 28 22 33
13:58:05.142 R 19FA0401 A3 74 0E 00 00 00 00 F5
13:58:05.143 R 19FA0401 A4 09 C5 13 AD 3C 74 0E
13:58:05.144 R 19FA0401 A5 00 00 00 00 F5 0B 5D
13:58:05.144 R 19FA0401 A6 10 AC 96 80 0C 00 00
13:58:05.145 R 19FA0401 A7 00 00 F5 14 0B 11 1F
13:58:05.146 R 19FA0401 A8 BA 10 0E 00 00 00 00
13:58:05.146 R 19FA0401 A9 F5 15 73 32 B7 A7 3C
13:58:05.147 R 09FD02B1 FF 82 01 36 74 FA FF FF
13:58:05.147 R 09FD02B1 FF 82 01 36 74 FC FF FF
13:58:05.148 R 19FA0401 AA 0F 00 00 00 00 F5 1E
13:58:05.148 R 09FD02B1 FF 85 01 DC 86 F9 FF FF
13:58:05.150 R 19FA0401 AB FF 2C 66 7B 04 10 00
13:58:05.150 R 19FA0401 AC 00 00 00 F5 44 80 16
13:58:05.151 R 19FA0401 AD B9 3E 10 0E 00 00 00
13:58:05.152 R 19FA0401 AE 00 F5 45 73 32 A3 0D
13:58:05.152 R 19FA0401 AF 04 10 00 00 00 00 F5
13:58:05.153 R 19FA0401 B0 46 DD 17 2B CB 3C 0F
13:58:05.154 R 19FA0401 B1 00 00 00 00 F5 4E FF
13:58:05.154 R 19FA0401 B2 1D D1 24 A0 0F 00 00
13:58:05.155 R 19FA0401 B3 00 00 F5 22 C5 13 95
13:58:05.156 R 19FA0401 B4 83 80 0C 00 00 00 00
13:58:05.156 R 19FA0401 B5 F5 00 A2 3A 08 D4 74
13:58:05.157 R 19FA0401 B6 0E 00 00 00 00 F5 00
13:58:05.158 R 19FA0401 B7 39 28 FD B3 AC 0D 00
13:58:05.158 R 19FA0401 B8 00 00 00 F5 00 BA 11
13:58:05.159 R 19FA0401 B9 66 8A 80 0C 00 00 00
13:58:05.159 R 19FA0401 BA 00 F5 00 2E 17 7F 34
13:58:05.160 R 19FA0401 BB B8 0B 00 00 00 00 F5
13:58:05.161 R 19FA0401 BC 00 51 2C D1 33 E4 0C
13:58:05.161 R 19FA0401 BD 00 00 00 00 F5 00 3A
13:58:05.162 R 19FA0401 BE 19 88 CC 74 0E 00 00
13:58:05.163 R 19FA0401 BF 00 00 F5 FF FF FF FF
13:58:05.163 R 09F80101 1F 20 50 1F 57 98 3E 03
13:58:05.164 R 19F11A01 FF FF FF FF FB 01 FF FF
13:58:05.168 R 11F80F00 20 1B 12 22 EB 8D 0E C0
13:58:05.169 R 11F80F00 21 DA 39 03 7D 1B 4B 1F
13:58:05.169 R 11F80F00 22 17 FF FF 00 00 AA 4F
13:58:05.170 R 11F80F00 23 01 FF FF 00 70 FF FF
13:58:05.222 R 11F80E00 20 1C 01 20 38 95 0E EA
13:58:05.222 R 11F80E00 21 25 3D 03 FC A8 4F 1F
13:58:05.223 R 11F80E00 22 17 FF FF 00 00 35 C0
13:58:05.223 R 11F80E00 23 08 FF FF FF 7F D0 F8
13:58:05.224 R 11F80E00 24 FF FF FF FF FF FF FF
13:58:05.241 R 09F80201 FF FC 00 00 03 00 FF FF
13:58:05.242 R 09F80101 1F 20 50 1F 57 98 3E 03
13:58:05.245 R 0DF50B73 00 EE 01 00 00 FF FF FF
13:58:05.246 R 09FD02B1 FF 82 01 3D 74 FA FF FF
13:58:05.247 R 09FD02B1 FF 82 01 3D 74 FC FF FF
13:58:05.247 R 09FD02B1 FF 85 01 E6 86 F9 FF FF
13:58:05.255 R 11F80F00 40 1B 12 7C 13 8D 0E E7
13:58:05.255 R 11F80F00 41 97 3E 03 BC 1F 50 1F
13:58:05.256 R 11F80F00 42 17 FF FF 00 00 00 00
13:58:05.256 R 11F80F00 43 20 FF FF 00 70 FE FF
13:58:05.289 R 19F51373 80 0E FF FF FF FF FF FF
13:58:05.290 R 19F51373 81 86 85 B0 00 00 00 00
13:58:05.290 R 19F51373 82 00 FF FF FF FF FF FF
13:58:05.291 R 1DFF6773 A0 0B 3B 9F 03 00 04 B4
13:58:05.291 R 1DFF6773 A1 6E 11 19 09 09 FF FF
13:58:05.292 R 1DFF6773 C0 0B 3B 9F 03 02 04 B4
13:58:05.293 R 1DFF6773 C1 6E 11 19 09 09 FF FF
13:58:05.342 R 0DF80501 C0 2B 73 E4 50 74 4B AE
13:58:05.343 R 0DF80501 C1 19 00 76 FE B0 4F 66
13:58:05.343 R 0DF80501 C2 4A 07 00 A6 8A 15 53
13:58:05.344 R 0DF80501 C3 63 C1 00 00 5A 62 02
13:58:05.345 R 0DF80501 C4 00 00 00 00 23 FC 14
13:58:05.345 R 0DF80501 C5 3C 00 FF 7F EE 11 00
13:58:05.346 R 0DF80501 C6 00 00 FF FF FF FF FF
13:58:05.347 R 09F80101 1F 20 50 1F 57 98 3E 03
13:58:05.348 R 09FD02B1 FF 82 01 43 74 FA FF FF
13:58:05.348 R 09FD02B1 FF 82 01 43 74 FC FF FF
13:58:05.348 R 09FD02B1 FF 85 01 EE 86 F9 FF FF
13:58:05.349 R 0DF80901 E4 50 74 4B AE 19 78 00
13:58:05.392 R 1CFFF001 3B 9F 8C FF 4F 1C 7D 65
13:58:05.443 R 09F80201 FF FC 00 00 03 00 FF FF
13:58:05.444 R 09F80101 1F 20 50 1F 57 98 3E 03
13:58:05.435 R 0DF01001 FF FF E4 50 CE 50 AE 19
13:58:05.436 R 09FD02B1 FF 82 01 42 74 FA FF FF
13:58:05.436 R 09FD02B1 FF 82 01 42 74 FC FF FF
13:58:05.437 R 09FD02B1 FF 85 01 F2 86 F9 FF FF
13:58:05.470 R 09F50373 00 00 00 FF FF 00 FF FF
13:58:05.480 R 15FB0500 40 18 08 F9 98 96 0E 01
13:58:05.481 R 15FB0500 41 80 00 32 0A C3 2C F2
13:58:05.481 R 15FB0500 42 C3 6E 78 18 90 BE FA
13:58:05.482 R 15FB0500 43 50 21 D7 00 FF FF FF
13:58:05.519 R 09F11273 00 BD 20 FF 7F FF 7F FD
13:58:05.520 R 09F10D73 FF F8 FF FF 69 03 FF FF
13:58:05.521 R 1CFF4F73 3B 9F 00 FF FF BD 20 FF
13:58:05.521 R 1DEFFF73 E0 16 3B 9F F0 81 9C 01
13:58:05.522 R 1DEFFF73 E1 18 05 FB 01 03 00 06
13:58:05.522 R 1DEFFF73 E2 44 02 00 00 00 01 00
13:58:05.523 R 1DEFFF73 E3 00 00 FF FF FF FF FF
13:58:05.535 R 09F80101 1F 20 50 1F 56 98 3E 03
13:58:05.535 R 09FD02B1 FF 82 01 3E 74 FA FF FF
13:58:05.536 R 09FD02B1 FF 82 01 3E 74 FC FF FF
13:58:05.536 R 09FD02B1 FF 85 01 F0 86 F9 FF FF
13:58:05.580 R 1DEFFF73 00 16 3B 9F F0 81 86 41
13:58:05.581 R 1DEFFF73 01 06 F9 FB 01 03 00 06
13:58:05.581 R 1DEFFF73 02 44 02 00 00 00 01 00
13:58:05.582 R 1DEFFF73 03 00 00 FF FF FF FF FF
13:58:05.634 R 09F11273 00 0E 20 FF 7F FF 7F FD
13:58:05.635 R 09FD02B1 FF 82 01 34 74 FA FF FF
13:58:05.635 R 09F10D73 FF F8 FF FF 69 03 FF FF
13:58:05.636 R 09F80201 FF FC 00 00 03 00 FF FF
13:58:05.636 R 09FD02B1 FF 82 01 34 74 FC FF FF
13:58:05.637 R 09F80101 20 20 50 1F 56 98 3E 03
13:58:05.638 R 09FD02B1 FF 85 01 EA 86 F9 FF FF
13:58:05.638 R 0DF90B01 FF FC FB 01 03 00 FF FF
13:58:05.639 R 1CFF0873 3B 9F 00 00 14 00 FF FF
13:58:05.639 R 1CFF4F73 3B 9F 00 FF FF 0E 20 FF
13:58:05.641 R 1CFF5073 3B 9F 00 FF FF BD 20 FF
13:58:05.642 R 1DEFFF73 20 16 3B 9F F0 81 84 86
13:58:05.642 R 1DEFFF73 21 17 60 42 00 05 00 06
13:58:05.643 R 1DEFFF73 22 44 02 00 00 00 01 00
13:58:05.643 R 1DEFFF73 23 00 00 FF FF FF FF FF
13:58:05.734 R 09FD02B1 FF 82 01 27 74 FA FF FF
13:58:05.735 R 09FD02B1 FF 82 01 27 74 FC FF FF
13:58:05.735 R 09FD02B1 FF 85 01 E1 86 F9 FF FF
13:58:05.737 R 09F80101 20 20 50 1F 56 98 3E 03
13:58:05.800 R 09F50373 00 00 00 FF FF 00 FF FF
13:58:05.800 R 1CFF1A73 3B 9F 00 00 FF FF FF FF
13:58:05.803 R 11F80F00 60 1B 12 12 E6 96 0E 84
13:58:05.804 R 11F80F00 61 4B 46 03 22 3C 55 1F
13:58:05.805 R 11F80F00 62 16 56 60 53 01 06 00
13:58:05.805 R 11F80F00 63 06 FF FF 00 74 FF FF
13:58:05.826 R 15FD0773 00 C0 53 7A FF 7F FF FF
13:58:05.833 R 09FD02B1 FF 82 01 19 74 FA FF FF
13:58:05.835 R 09FD02B1 FF 82 01 19 74 FC FF FF
13:58:05.836 R 09FD02B1 FF 85 01 D4 86 F9 FF FF
13:58:05.838 R 09F80201 FF FC 00 00 03 00 FF FF
13:58:05.838 R 0DFE1101 40 0E C0 6F 00 00 03 00
13:58:05.839 R 0DFE1101 41 FF FF FF FF FB 01 03
13:58:05.840 R 0DFE1101 42 00 FF FF FF FF FF FF
13:58:05.841 R 09F80101 20 20 50 1F 56 98 3E 03
13:58:05.917 R 15FD0773 00 C0 53 7A FF 7F FF FF
13:58:05.933 R 09FD02B1 FF 82 01 0A 74 FA FF FF
13:58:05.933 R 09FD02B1 FF 82 01 0A 74 FC FF FF
13:58:05.934 R 09FD02B1 FF 85 01 C8 86 F9 FF FF
13:58:05.940 R 0DF90301 FF 7F FF FF FF 7F FF FF
13:58:05.941 R 09F80101 20 20 50 1F 56 98 3E 03
13:58:05.941 R 1DFFF001 40 0D 3B 9F 90 FF FF FF
13:58:05.942 R 1DFFF001 41 FF FF FF FF FF 09 01
13:58:06.015 R 19FB1100 C0 1B 18 5A 25 8B 0E 53
13:58:06.015 R 19FB1100 C1 4F 4D 4F 53 40 40 40
13:58:06.016 R 19FB1100 C2 40 40 40 40 40 40 40
13:58:06.017 R 19FB1100 C3 40 40 40 40 40 E0 FF
13:58:06.017 R 1DFF7600 C0 1C 3B 9F 18 5A 25 8B
13:58:06.018 R 1DFF7600 C1 0E 00 53 4F 4D 4F 53
13:58:06.018 R 1DFF7600 C2 40 40 40 40 40 40 40
13:58:06.019 R 1DFF7600 C3 40 40 40 40 40 40 40
13:58:06.019 R 1DFF7600 C4 40 FF FF FF FF FF FF
13:58:06.032 R 09FD02B1 FF 82 01 FF 73 FA FF FF
13:58:06.034 R 09FD02B1 FF 82 01 FF 73 FC FF FF
13:58:06.035 R 09FD02B1 FF 85 01 C0 86 F9 FF FF
13:58:06.042 R 09F80201 FF FC 00 00 03 00 FF FF
13:58:06.042 R 09F80101 20 20 50 1F 56 98 3E 03
13:58:06.044 R 19FA0301 00 DB 3C 00 5A 00 3E 00
13:58:06.044 R 19FA0601 C0 0F 73 3D 00 FF FF FF
13:58:06.045 R 19FA0601 C1 FF FF FF FF FF FF FF
13:58:06.046 R 19FA0601 C2 FF FF FF FF FF FF FF
13:58:06.047 R 19FA0B01 C0 0F 73 05 00 FF FF FF
13:58:06.047 R 19FA0B01 C1 FF FF FF FF FF FF FF
13:58:06.048 R 19FA0B01 C2 FF FF FF FF FF FF FF
13:58:06.054 R 1CFF7400 3B 9F FD 00 00 FF FF FF
13:58:06.132 R 09FD02B1 FF 82 01 FF 73 FA FF FF
13:58:06.133 R 09FD02B1 FF 82 01 FF 73 FC FF FF
13:58:06.134 R 09FD02B1 FF 85 01 C0 86 F9 FF FF
13:58:06.137 R 1CFF4F73 3B 9F 00 FF FF BD 20 FF
13:58:06.138 R 1DEFFF73 40 16 3B 9F F0 81 9C 01
13:58:06.140 R 1DEFFF73 41 18 03 01 FF 08 02 F7
13:58:06.140 R 1DEFFF73 42 FF FF 00 00 00 01 00
13:58:06.141 R 1DEFFF73 43 00 00 FF FF FF FF FF
13:58:06.141 R 09F11273 00 BD 20 FF 7F FF 7F FD
13:58:06.142 R 09F10D73 FF F8 FF FF 0C 02 FF FF
13:58:06.147 R 19FA0401 C0 DB 73 FF 12 05 FF 1D
13:58:06.147 R 19FA0401 C1 E5 CD 04 10 00 00 00
13:58:06.148 R 19FA0401 C2 00 F5 07 E8 28 22 33
13:58:06.149 R 19FA0401 C3 10 0E 00 00 00 00 F5
13:58:06.150 R 19FA0401 C4 09 C5 13 AD 3C 74 0E
13:58:06.150 R 19FA0401 C5 00 00 00 00 F5 0B 5D
13:58:06.151 R 19FA0401 C6 10 AC 96 80 0C 00 00
13:58:06.152 R 19FA0401 C7 00 00 F5 14 0B 11 1F
13:58:06.152 R 19FA0401 C8 BA 10 0E 00 00 00 00
13:58:06.153 R 19FA0401 C9 F5 15 73 32 B7 A7 3C
13:58:06.154 R 19FA0401 CA 0F 00 00 00 00 F5 1E
13:58:06.154 R 19FA0401 CB FF 2C 66 7B 04 10 00
13:58:06.155 R 19FA0401 CC 00 00 00 F5 44 80 16
13:58:06.156 R 19FA0401 CD B9 3E AC 0D 00 00 00
13:58:06.157 R 19FA0401 CE 00 F5 45 73 32 A3 0D
13:58:06.157 R 19FA0401 CF 04 10 00 00 00 00 F5
13:58:06.158 R 19FA0401 D0 46 DD 17 2B CB A0 0F
13:58:06.159 R 19FA0401 D1 00 00 00 00 F5 4E FF
13:58:06.159 R 19FA0401 D2 1D D1 24 A0 0F 00 00
13:58:06.160 R 19FA0401 D3 00 00 F5 22 C5 13 95
13:58:06.161 R 19FA0401 D4 83 1C 0C 00 00 00 00
13:58:06.161 R 19FA0401 D5 F5 00 A2 3A 08 D4 74
13:58:06.162 R 19FA0401 D6 0E 00 00 00 00 F5 00
13:58:06.163 R 19FA0401 D7 39 28 FD B3 AC 0D 00
13:58:06.163 R 19FA0401 D8 00 00 00 F5 00 BA 11
13:58:06.164 R 19FA0401 D9 66 8A 80 0C 00 00 00
13:58:06.165 R 19FA0401 DA 00 F5 00 2E 17 7F 34
13:58:06.166 R 19FA0401 DB 1C 0C 00 00 00 00 F5
13:58:06.166 R 19FA0401 DC 00 51 2C D1 33 80 0C
13:58:06.167 R 19FA0401 DD 00 00 00 00 F5 00 3A
13:58:06.168 R 19FA0401 DE 19 88 CC 74 0E 00 00
13:58:06.169 R 19FA0401 DF 00 00 F5 FF FF FF FF
13:58:06.169 R 09F80101 21 20 50 1F 56 98 3E 03
13:58:06.170 R 19F11A01 FF FF FF FF FB 01 FF FF
13:58:06.230 R 11F80E00 40 1C 01 90 2A 8B 0E 75
13:58:06.231 R 11F80E00 41 7C 3B 03 E5 DA 4B 1F
13:58:06.231 R 11F80E00 42 1B FF FF 05 00 C7 C0
13:58:06.232 R 09FD02B1 FF 82 01 09 74 FA FF FF
13:58:06.233 R 09FD02B1 FF 82 01 09 74 FC FF FF
13:58:06.233 R 11F80E00 43 01 FF FF FF 7F C0 F8
13:58:06.234 R 09FD02B1 FF 85 01 C3 86 F9 FF FF
13:58:06.234 R 11F80E00 44 FF FF FF FF FF FF FF
13:58:06.237 R 0DF50B73 00 EE 01 00 00 FF FF FF
13:58:06.248 R 09F80201 FF FC 00 00 03 00 FF FF
13:58:06.249 R 09F80101 21 20 50 1F 56 98 3E 03
13:58:06.250 R 11F80F00 80 1B 12 7C 13 8D 0E E7
13:58:06.251 R 11F80F00 81 97 3E 03 CC 1F 50 1F
13:58:06.251 R 11F80F00 82 1B FF FF 00 00 00 00
13:58:06.252 R 11F80F00 83 20 FF FF 00 70 FE FF
13:58:06.283 R 19F51373 60 0E FF FF FF FF FF FF
13:58:06.284 R 19F51373 61 86 85 B0 00 00 00 00
13:58:06.284 R 19F51373 62 00 FF FF FF FF FF FF
13:58:06.285 R 1DFF6773 80 0B 3B 9F 03 00 04 B4
13:58:06.286 R 1DFF6773 81 6E 11 19 09 09 FF FF
13:58:06.286 R 1DFF6773 A0 0B 3B 9F 03 02 04 B4
13:58:06.287 R 1DFF6773 A1 6E 11 19 09 09 FF FF
13:58:06.330 R 09FD02B1 FF 82 01 09 74 FA FF FF
13:58:06.331 R 09FD02B1 FF 82 01 09 74 FC FF FF
13:58:06.332 R 09FD02B1 FF 85 01 CE 86 F9 FF FF
13:58:06.349 R 0DF80501 E0 2B 74 E4 50 8E 72 AE
13:58:06.350 R 0DF80501 E1 19 00 0A 34 28 50 66
13:58:06.351 R 0DF80501 E2 4A 07 00 DC EF D9 52
13:58:06.351 R 0DF80501 E3 63 C1 00 00 5A 62 02
13:58:06.352 R 0DF80501 E4 00 00 00 00 23 FC 14
13:58:06.353 R 0DF80501 E5 3C 00 FF 7F EE 11 00
13:58:06.353 R 0DF80501 E6 00 00 FF FF FF FF FF
13:58:06.354 R 09F80101 21 20 50 1F 56 98 3E 03
13:58:06.354 R 0DF80901 E4 50 8E 72 AE 19 78 00
13:58:06.397 R 1CFFF001 3B 9F 8C FF 54 1C 6D 65
13:58:06.429 R 09FD02B1 FF 83 01 17 74 FA FF FF
13:58:06.431 R 09FD02B1 FF 83 01 17 74 FC FF FF
13:58:06.433 R 09FD02B1 FF 85 01 DB 86 F9 FF FF
13:58:06.449 R 09F80201 FF FC 00 00 03 00 FF FF
13:58:06.450 R 09F80101 21 20 50 1F 56 98 3E 03
13:58:06.437 R 0DF01001 FF FF E4 50 F2 77 AE 19
13:58:06.459 R 09F50373 00 00 00 FF FF 00 FF FF
13:58:06.499 R 1CFF1A73 3B 9F 00 00 FF FF FF FF
13:58:06.500 R 09F50373 00 00 00 FF FF 00 FF FF
13:58:06.514 R 09FD02B1 FF 83 01 0F 74 FA FF FF
13:58:06.516 R 09FD02B1 FF 83 01 0F 74 FC FF FF
13:58:06.517 R 09FD02B1 FF 86 01 DE 86 F9 FF FF
13:58:06.525 R 15FD0773 00 C0 53 7A FF 7F FF FF
13:58:06.537 R 09F80101 22 20 50 1F 56 98 3E 03
13:58:06.614 R 09FD02B1 FF 83 01 02 74 FA FF FF
13:58:06.615 R 09FD02B1 FF 83 01 02 74 FC FF FF
13:58:06.616 R 09FD02B1 FF 86 01 DE 86 F9 FF FF
13:58:06.637 R 09F80201 FF FC 00 00 03 00 FF FF
13:58:06.638 R 09F80101 22 20 50 1F 56 98 3E 03
13:58:06.639 R 0DF90B01 FF FC FB 01 03 00 FF FF
13:58:06.672 R 1CFF4F73 3B 9F 00 FF FF BD 20 FF
13:58:06.672 R 1CFF5073 3B 9F 00 FF FF BD 20 FF
13:58:06.673 R 1DEFFF73 C0 16 3B 9F F0 81 84 06
13:58:06.674 R 1DEFFF73 C1 18 60 42 00 03 00 06
13:58:06.674 R 1DEFFF73 C2 FF FF 00 00 00 01 00
13:58:06.675 R 1DEFFF73 C3 00 00 FF FF FF FF FF
13:58:06.675 R 09F11273 00 BD 20 FF 7F FF 7F FD
13:58:06.676 R 09F10D73 FF F8 FF FF 0C 02 FF FF
13:58:06.677 R 1CFF0873 3B 9F 00 00 14 00 FF FF
13:58:06.713 R 09FD02B1 FF 83 01 F0 73 FA FF FF
13:58:06.715 R 09FD02B1 FF 83 01 F0 73 FC FF FF
13:58:06.716 R 09FD02B1 FF 86 01 C2 86 F9 FF FF
13:58:06.727 R 15FD0773 00 C0 53 7A FF 7F FF FF
13:58:06.739 R 09F80101 22 20 50 1F 56 98 3E 03
13:58:06.812 R 09FD02B1 FF 83 01 F0 73 FA FF FF
13:58:06.813 R 09FD02B1 FF 83 01 F0 73 FC FF FF
13:58:06.814 R 09FD02B1 FF 86 01 C2 86 F9 FF FF
13:58:06.840 R 09F80201 FF FC 00 00 03 00 FF FF
13:58:06.841 R 0DFE1101 60 0E C0 70 00 00 03 00
13:58:06.841 R 0DFE1101 61 FF FF FF FF FB 01 03
13:58:06.842 R 0DFE1101 62 00 FF FF FF FF FF FF
13:58:06.843 R 09F80101 22 20 50 1F 56 98 3E 03
13:58:06.912 R 09FD02B1 FF 83 01 DF 73 FA FF FF
13:58:06.912 R 09FD02B1 FF 83 01 DF 73 FC FF FF
13:58:06.913 R 09FD02B1 FF 86 01 B5 86 F9 FF FF
13:58:06.941 R 0DF90301 FF 7F FF FF FF 7F FF FF
13:58:06.942 R 09F80101 22 20 50 1F 56 98 3E 03
13:58:06.943 R 1DFFF001 60 0D 3B 9F 90 FF FF FF
13:58:06.943 R 1DFFF001 61 FF FF FF FF FF 08 01
13:58:06.965 R 11F80E00 60 1C 01 E9 13 95 0E 29
13:58:06.966 R 11F80E00 61 A2 2E 03 C7 A0 49 1F
13:58:06.966 R 11F80E00 62 1B D4 A0 6D 01 E8 56
13:58:06.967 R 11F80E00 63 08 FF FF FF 7F D5 F8
13:58:06.967 R 11F80E00 64 FF FF FF FF FF FF FF
13:58:07.011 R 09FD02B1 FF 83 01 D7 73 FA FF FF
13:58:07.012 R 09FD02B1 FF 83 01 D7 73 FC FF FF
13:58:07.012 R 09FD02B1 FF 86 01 B0 86 F9 FF FF
13:58:07.043 R 09F80201 FF FC 00 00 03 00 FF FF
13:58:07.043 R 09F80101 23 20 50 1F 56 98 3E 03
13:58:07.044 R 19FA0301 00 DB 3C 00 5A 00 3E 00
13:58:07.045 R 19FA0601 E0 0F 74 3D 00 FF FF FF
13:58:07.045 R 19FA0601 E1 FF FF FF FF FF FF FF
13:58:07.046 R 11F80F00 A0 1B 12 F7 29 8B 0E C7
13:58:07.047 R 11F80F00 A1 77 34 03 32 72 4C 1F
13:58:07.047 R 11F80F00 A2 1C A2 40 49 01 B3 08
13:58:07.048 R 11F80F00 A3 08 FF FF 00 70 FE FF
13:58:07.048 R 19FA0601 E2 FF FF FF FF FF FF FF
13:58:07.049 R 19FA0B01 E0 0F 74 08 00 FF FF FF
13:58:07.050 R 19FA0B01 E1 FF FF FF FF FF FF FF
13:58:07.050 R 19FA0B01 E2 FF FF FF FF FF FF FF
13:58:07.111 R 09FD02B1 FF 83 01 EC 73 FA FF FF
13:58:07.112 R 09FD02B1 FF 83 01 EC 73 FC FF FF
13:58:07.113 R 09FD02B1 FF 86 01 B6 86 F9 FF FF
13:58:07.128 R 11F80F00 C0 1B 12 50 EE 96 0C EA
13:58:07.128 R 11F80F00 C1 38 3E 03 DA E8 4F 1F
13:58:07.129 R 11F80F00 C2 1F 32 96 7B 00 06 00
13:58:07.129 R 11F80F00 C3 06 FF FF 00 74 FF FF
13:58:07.144 R 19FA0401 E0 DB 74 FF 12 05 FF 1D
13:58:07.145 R 19FA0401 E1 E5 CD A0 0F 00 00 00
13:58:07.146 R 19FA0401 E2 00 F5 07 E8 28 22 33
13:58:07.146 R 19FA0401 E3 10 0E 00 00 00 00 F5
13:58:07.147 R 19FA0401 E4 09 C5 13 AD 3C D8 0E
13:58:07.148 R 19FA0401 E5 00 00 00 00 F5 0B 5D
13:58:07.148 R 19FA0401 E6 10 AC 96 80 0C 00 00
13:58:07.149 R 19FA0401 E7 00 00 F5 14 0B 11 1F
13:58:07.150 R 19FA0401 E8 BA 10 0E 00 00 00 00
13:58:07.151 R 19FA0401 E9 F5 15 73 32 B7 A7 3C
13:58:07.151 R 19FA0401 EA 0F 00 00 00 00 F5 1E
13:58:07.152 R 19FA0401 EB FF 2C 66 7B 04 10 00
13:58:07.153 R 19FA0401 EC 00 00 00 F5 44 80 16
13:58:07.153 R 19FA0401 ED B9 3E 48 0D 00 00 00
13:58:07.154 R 19FA0401 EE 00 F5 45 73 32 A3 0D
13:58:07.155 R 19FA0401 EF A0 0F 00 00 00 00 F5
13:58:07.155 R 19FA0401 F0 46 DD 17 2B CB 3C 0F
13:58:07.156 R 1CFF4F73 3B 9F 00 FF FF BD 20 FF
13:58:07.156 R 19FA0401 F1 00 00 00 00 F5 4E FF
13:58:07.157 R 1DEFFF73 E0 16 3B 9F F0 81 9C 01
13:58:07.158 R 19FA0401 F2 1D D1 24 A0 0F 00 00
13:58:07.158 R 1DEFFF73 E1 18 03 8A FF 08 02 F7
13:58:07.159 R 19FA0401 F3 00 00 F5 22 C5 13 95
13:58:07.159 R 1DEFFF73 E2 FF FF 00 00 00 01 00
13:58:07.160 R 19FA0401 F4 83 B8 0B 00 00 00 00
13:58:07.160 R 1DEFFF73 E3 00 00 FF FF FF FF FF
13:58:07.161 R 19FA0401 F5 F5 00 A2 3A 08 D4 D8
13:58:07.162 R 09F11273 00 BD 20 FF 7F FF 7F FD
13:58:07.162 R 19FA0401 F6 0E 00 00 00 00 F5 00
13:58:07.163 R 09F10D73 FF F8 FF FF 0C 02 FF FF
13:58:07.163 R 19FA0401 F7 39 28 FD B3 AC 0D 00
13:58:07.164 R 19FA0401 F8 00 00 00 F5 00 BA 11
13:58:07.165 R 19FA0401 F9 66 8A 80 0C 00 00 00
13:58:07.165 R 19FA0401 FA 00 F5 00 2E 17 7F 34
13:58:07.166 R 19FA0401 FB 1C 0C 00 00 00 00 F5
13:58:07.167 R 19FA0401 FC 00 51 2C D1 33 E4 0C
13:58:07.168 R 19FA0401 FD 00 00 00 00 F5 00 3A
13:58:07.168 R 1DEFFF73 00 16 3B 9F F0 81 90 00
13:58:07.169 R 19FA0401 FE 19 88 CC 74 0E 00 00
13:58:07.169 R 1DEFFF73 01 03 03 8A FF 08 02 F7
13:58:07.170 R 19FA0401 FF 00 00 F5 FF FF FF FF
13:58:07.170 R 1DEFFF73 02 FF FF 00 00 00 01 00
13:58:07.171 R 09F80101 23 20 50 1F 56 98 3E 03
13:58:07.172 R 1DEFFF73 03 00 00 FF FF FF FF FF
13:58:07.172 R 19F11A01 FF FF FF FF FB 01 FF FF
13:58:07.206 R 11F80E00 80 1C 01 A5 04 8E 0E B9
13:58:07.207 R 11F80E00 81 B8 3D 03 B8 53 4D 1F
13:58:07.207 R 11F80E00 82 1C FF FF 00 00 BB C0
13:58:07.208 R 11F80E00 83 08 FF FF FF 7F C0 F8
13:58:07.209 R 11F80E00 84 FF FF FF FF FF FF FF
13:58:07.210 R 09FD02B1 FF 83 01 0A 74 FA FF FF
13:58:07.211 R 09FD02B1 FF 83 01 EC 73 FC FF FF
13:58:07.211 R 09FD02B1 FF 86 01 C9 86 F9 FF FF
13:58:07.226 R 0DF50B73 00 F4 01 00 00 FF FF FF
13:58:07.239 R 11F80F00 E0 1B 12 7C 13 8D 0E E7
13:58:07.240 R 11F80F00 E1 97 3E 03 CC 1F 50 1F
13:58:07.241 R 11F80F00 E2 1F FF FF 00 00 00 00
13:58:07.241 R 11F80F00 E3 20 FF FF 00 70 FE FF
13:58:07.245 R 09F80201 FF FC 00 00 03 00 FF FF
13:58:07.246 R 09F80101 23 20 50 1F 56 98 3E 03
13:58:07.272 R 19F51373 20 0E FF FF FF FF FF FF
13:58:07.272 R 19F51373 21 86 85 B0 00 00 00 00
13:58:07.273 R 19F51373 22 00 FF FF FF FF FF FF
13:58:07.274 R 1DFF6773 40 0B 3B 9F 03 00 04 B4
13:58:07.274 R 1DFF6773 41 6E 11 19 09 09 FF FF
13:58:07.275 R 1DFF6773 60 0B 3B 9F 03 02 04 B4
13:58:07.276 R 1DFF6773 61 6E 11 19 09 09 FF FF
13:58:07.309 R 09FD02B1 FF 83 01 0A 74 FA FF FF
13:58:07.310 R 09FD02B1 FF 83 01 0A 74 FC FF FF
13:58:07.311 R 09FD02B1 FF 86 01 E8 86 F9 FF FF
13:58:07.347 R 0DF80501 00 2B 75 E4 50 A8 99 AE
13:58:07.348 R 0DF80501 01 19 00 9E 69 9F 50 66
13:58:07.348 R 0DF80501 02 4A 07 00 DC EF D9 52
13:58:07.349 R 0DF80501 03 63 C1 00 A0 E0 63 02
13:58:07.350 R 0DF80501 04 00 00 00 00 23 FC 14
13:58:07.350 R 0DF80501 05 3C 00 FF 7F EE 11 00
13:58:07.351 R 0DF80501 06 00 00 FF FF FF FF FF
13:58:07.352 R 09F80101 23 20 50 1F 56 98 3E 03
13:58:07.352 R 0DF80901 E4 50 A8 99 AE 19 78 00
13:58:07.387 R 1CFFF001 3B 9F 8C FF 54 1C 6D 65
13:58:07.408 R 09FD02B1 FF 82 01 2F 74 FA FF FF
13:58:07.408 R 09FD02B1 FF 82 01 2F 74 FC FF FF
13:58:07.409 R 09FD02B1 FF 85 01 0F 87 F9 FF FF
13:58:07.447 R 09F80201 FF FC 00 00 03 00 FF FF
13:58:07.448 R 09F80101 23 20 50 1F 56 98 3E 03
13:58:07.436 R 0DF01001 FF FF E4 50 F8 9E AE 19
13:58:07.452 R 09F50373 00 00 00 FF FF 00 FF FF
13:58:07.489 R 1CFF1A73 3B 9F 00 00 FF FF FF FF
13:58:07.490 R 09F50373 00 00 00 FF FF 00 FF FF
13:58:07.495 R 09FD02B1 FF 82 01 58 74 FA FF FF
13:58:07.497 R 09FD02B1 FF 82 01 58 74 FC FF FF
13:58:07.498 R 09FD02B1 FF 85 01 3C 87 F9 FF FF
13:58:07.536 R 09F80101 24 20 50 1F 56 98 3E 03
13:58:07.577 R 15FD0773 00 C0 53 7A FF 7F FF FF
13:58:07.594 R 09FD02B1 FF 81 01 86 74 FA FF FF
13:58:07.595 R 09FD02B1 FF 81 01 86 74 FC FF FF
13:58:07.596 R 09FD02B1 FF 84 01 6B 87 F9 FF FF
13:58:07.613 R 15FD0773 00 C0 53 7A FF 7F FF FF
13:58:07.637 R 09F80201 FF FC 00 00 03 00 FF FF
13:58:07.638 R 09F80101 24 20 50 1F 56 98 3E 03
13:58:07.639 R 0DF90B01 FF FC FB 01 03 00 FF FF
13:58:07.648 R 11F80E00 A0 1C 01 2C 37 95 0E 3A
13:58:07.649 R 11F80E00 A1 CA 3E 03 5A FD 5C 1F
13:58:07.650 R 11F80E00 A2 15 76 D5 96 01 F2 40
13:58:07.650 R 11F80E00 A3 01 B6 D4 00 00 D0 F8
13:58:07.651 R 11F80E00 A4 FF FF FF FF FF FF FF
13:58:07.675 R 11F80F00 00 1B 12 72 AA 97 0E B2
13:58:07.676 R 11F80F00 01 FE 32 03 68 8B 57 1F
13:58:07.676 R 11F80F00 02 1C FF FF 05 00 1A 50
13:58:07.677 R 11F80F00 03 09 FF FF 00 70 FF FF
13:58:07.694 R 09FD02B1 FF 80 01 B4 74 FA FF FF
13:58:07.696 R 09FD02B1 FF 80 01 B4 74 FC FF FF
13:58:07.696 R 09FD02B1 FF 83 01 99 87 F9 FF FF
13:58:07.739 R 09F80101 24 20 50 1F 56 98 3E 03
13:58:07.793 R 09FD02B1 FF 7F 01 0D 75 FA FF FF
13:58:07.795 R 09FD02B1 FF 80 01 0D 75 FC FF FF
13:58:07.796 R 09FD02B1 FF 82 01 C7 87 F9 FF FF
13:58:07.840 R 09F80201 FF FC 00 00 03 00 FF FF
13:58:07.840 R 0DFE1101 80 0E C0 71 00 00 03 00
13:58:07.841 R 0DFE1101 81 FF FF FF FF FB 01 03
13:58:07.842 R 0DFE1101 82 00 FF FF FF FF FF FF
13:58:07.842 R 09F80101 24 20 50 1F 56 98 3E 03
13:58:07.864 R 11F80F00 20 1B 12 7D C3 94 0E 79
13:58:07.864 R 11F80F00 21 52 47 03 B8 9A 5C 1F
13:58:07.865 R 11F80F00 22 20 CA 62 72 01 D5 08
13:58:07.865 R 11F80F00 23 00 FF FF 00 70 FE FF
13:58:07.893 R 09FD02B1 FF 7F 01 0D 75 FA FF FF
13:58:07.893 R 09FD02B1 FF 7F 01 0D 75 FC FF FF
13:58:07.894 R 09FD02B1 FF 82 01 F4 87 F9 FF FF
13:58:07.937 R 1CFF4F73 3B 9F 00 FF FF BD 20 FF
13:58:07.938 R 1CFF5073 3B 9F 00 FF FF BD 20 FF
13:58:07.938 R 1DEFFF73 80 16 3B 9F F0 81 84 06
13:58:07.939 R 1DEFFF73 81 18 60 42 00 03 00 06
13:58:07.940 R 1DEFFF73 82 FF FF 00 00 00 01 00
13:58:07.940 R 1DEFFF73 83 00 00 FF FF FF FF FF
13:58:07.941 R 0DF90301 FF 7F FF FF FF 7F FF FF
13:58:07.941 R 09F11273 00 BD 20 FF 7F FF 7F FD
13:58:07.942 R 09F80101 24 20 50 1F 56 98 3E 03
13:58:07.943 R 09F10D73 FF F8 FF FF 0C 02 FF FF
13:58:07.943 R 1DFFF001 80 0D 3B 9F 90 FF FF FF
13:58:07.944 R 1CFF0873 3B 9F 00 00 14 00 FF FF
13:58:07.944 R 1DFFF001 81 FF FF FF FF FF 08 01
13:58:07.992 R 09FD02B1 FF 7E 01 53 75 FA FF FF
13:58:07.994 R 09FD02B1 FF 7E 01 35 75 FC FF FF
13:58:07.995 R 09FD02B1 FF 81 01 1D 88 F9 FF FF
13:58:07.997 R 19FB1100 E0 1B 18 40 71 9C 0C 47
13:58:07.998 R 19FB1100 E1 49 55 4C 49 45 54 54
13:58:07.998 R 19FB1100 E2 41 40 40 40 40 40 40
13:58:07.999 R 19FB1100 E3 40 40 40 40 40 E0 FF
13:58:07.999 R 1DFF7600 E0 1C 3B 9F 18 40 71 9C
13:58:08.000 R 1DFF7600 E1 0C 00 47 49 55 4C 49
13:58:08.001 R 1DFF7600 E2 45 54 54 41 40 40 40
13:58:08.001 R 1DFF7600 E3 40 40 40 40 40 40 40
13:58:08.002 R 1DFF7600 E4 40 FF FF FF FF FF FF
13:58:08.042 R 09F80201 FF FC 00 00 03 00 FF FF
13:58:08.043 R 09F80101 25 20 50 1F 56 98 3E 03
13:58:08.044 R 19FA0301 00 DB 3C 00 5A 00 3E 00
13:58:08.044 R 19FA0601 00 0F 75 3D 00 FF FF FF
13:58:08.045 R 19FA0601 01 FF FF FF FF FF FF FF
13:58:08.046 R 19FA0601 02 FF FF FF FF FF FF FF
13:58:08.047 R 19FA0B01 00 0F 75 07 00 FF FF FF
13:58:08.047 R 19FA0B01 01 FF FF FF FF FF FF FF
13:58:08.048 R 19FA0B01 02 FF FF FF FF FF FF FF
13:58:08.091 R 09FD02B1 FF 7D 01 53 75 FA FF FF
13:58:08.092 R 09FD02B1 FF 7D 01 53 75 FC FF FF
13:58:08.093 R 09FD02B1 FF 80 01 3C 88 F9 FF FF
13:58:08.144 R 19FA0401 00 DB 75 FF 12 05 FF 1D
13:58:08.145 R 19FA0401 01 E5 CD A0 0F 00 00 00
13:58:08.145 R 19FA0401 02 00 F5 07 E8 28 22 33
13:58:08.146 R 19FA0401 03 AC 0D 00 00 00 00 F5
13:58:08.147 R 19FA0401 04 09 C5 13 AD 3C D8 0E
13:58:08.147 R 19FA0401 05 00 00 00 00 F5 0B 5D
13:58:08.148 R 19FA0401 06 10 AC 96 80 0C 00 00
13:58:08.149 R 19FA0401 07 00 00 F5 14 0B 11 1F
13:58:08.150 R 19FA0401 08 BA 74 0E 00 00 00 00
13:58:08.150 R 19FA0401 09 F5 15 73 32 B7 A7 3C
13:58:08.151 R 19FA0401 0A 0F 00 00 00 00 F5 1E
13:58:08.152 R 19FA0401 0B FF 2C 66 7B 04 10 00
13:58:08.152 R 19FA0401 0C 00 00 00 F5 44 80 16
13:58:08.153 R 19FA0401 0D B9 3E E4 0C 00 00 00
13:58:08.154 R 19FA0401 0E 00 F5 45 73 32 A3 0D
13:58:08.155 R 19FA0401 0F A0 0F 00 00 00 00 F5
13:58:08.155 R 19FA0401 10 46 DD 17 2B CB 3C 0F
13:58:08.156 R 19FA0401 11 00 00 00 00 F5 4E FF
13:58:08.157 R 19FA0401 12 1D D1 24 3C 0F 00 00
13:58:08.157 R 19FA0401 13 00 00 F5 22 C5 13 95
13:58:08.158 R 19FA0401 14 83 1C 0C 00 00 00 00
13:58:08.159 R 19FA0401 15 F5 00 A2 3A 08 D4 74
13:58:08.160 R 19FA0401 16 0E 00 00 00 00 F5 00
13:58:08.160 R 19FA0401 17 39 28 FD B3 48 0D 00
13:58:08.161 R 19FA0401 18 00 00 00 F5 00 BA 11
13:58:08.162 R 19FA0401 19 66 8A 80 0C 00 00 00
13:58:08.162 R 19FA0401 1A 00 F5 00 2E 17 7F 34
13:58:08.163 R 19FA0401 1B 1C 0C 00 00 00 00 F5
13:58:08.164 R 19FA0401 1C 00 51 2C D1 33 E4 0C
13:58:08.164 R 1CFF4F73 3B 9F 00 FF FF BD 20 FF
13:58:08.165 R 19FA0401 1D 00 00 00 00 F5 00 3A
13:58:08.165 R 1DEFFF73 A0 16 3B 9F F0 81 9C 01
13:58:08.166 R 19FA0401 1E 19 88 CC 74 0E 00 00
13:58:08.167 R 1DEFFF73 A1 18 03 42 00 03 00 06
13:58:08.167 R 19FA0401 1F 00 00 F5 FF FF FF FF
13:58:08.168 R 1DEFFF73 A2 E0 01 00 00 00 01 00
13:58:08.168 R 09F80101 25 20 50 1F 56 98 3E 03
13:58:08.169 R 1DEFFF73 A3 00 00 FF FF FF FF FF
13:58:08.170 R 19F11A01 FF FF FF FF FB 01 FF FF
13:58:08.170 R 09F11273 00 BD 20 FF 7F FF 7F FD
13:58:08.171 R 09F10D73 FF F8 FF FF 0C 02 FF FF
13:58:08.191 R 09FD02B1 FF 7D 01 68 75 FA FF FF
13:58:08.192 R 09FD02B1 FF 7D 01 68 75 FC FF FF
13:58:08.192 R 09FD02B1 FF 7F 01 50 88 F9 FF FF
13:58:08.217 R 0DF50B73 00 F1 01 00 00 FF FF FF
13:58:08.231 R 11F80F00 40 1B 12 7C 13 8D 0E E7
13:58:08.231 R 11F80F00 41 97 3E 03 CC 1F 50 1F
13:58:08.232 R 11F80F00 42 23 FF FF 00 00 00 00
13:58:08.232 R 11F80F00 43 20 FF FF 00 70 FE FF
13:58:08.245 R 09F80201 FF FC 00 00 03 00 FF FF
13:58:08.246 R 09F80101 25 20 50 1F 56 98 3E 03
13:58:08.262 R 19F51373 C0 0E FF FF FF FF FF FF
13:58:08.263 R 19F51373 C1 86 85 B0 00 00 00 00
13:58:08.263 R 19F51373 C2 00 FF FF FF FF FF FF
13:58:08.264 R 1DFF6773 E0 0B 3B 9F 03 00 04 B4
13:58:08.265 R 1DFF6773 E1 6E 11 19 09 09 FF FF
13:58:08.265 R 1DFF6773 00 0B 3B 9F 03 02 04 B4
13:58:08.266 R 1DFF6773 01 6E 11 19 09 09 FF FF
13:58:08.290 R 09FD02B1 FF 7C 01 77 75 FA FF FF
13:58:08.291 R 09FD02B1 FF 7C 01 77 75 FC FF FF
13:58:08.292 R 09FD02B1 FF 7F 01 5F 88 F9 FF FF
13:58:08.292 R 11F80E00 C0 1C 01 B4 D6 95 0E A7
13:58:08.293 R 11F80E00 C1 3E 3D 03 09 EF 4F 1F
13:58:08.293 R 11F80E00 C2 20 FF FF 00 00 DA 08
13:58:08.294 R 11F80E00 C3 08 FF FF FF 7F C0 F8
13:58:08.294 R 11F80E00 C4 FF FF FF FF FF FF FF
13:58:08.346 R 0DF80501 20 2B 76 E4 50 DA BC AE
13:58:08.347 R 0DF80501 21 19 00 32 9F 16 51 66
13:58:08.348 R 0DF80501 22 4A 07 00 DC EF D9 52
13:58:08.348 R 0DF80501 23 63 C1 00 40 67 65 02
13:58:08.349 R 0DF80501 24 00 00 00 00 23 FC 14
13:58:08.350 R 0DF80501 25 3C 00 FF 7F EE 11 00
13:58:08.351 R 0DF80501 26 00 00 FF FF FF FF FF
13:58:08.352 R 09F80101 25 20 50 1F 56 98 3E 03
13:58:08.352 R 0DF80901 E4 50 DA BC AE 19 78 00
13:58:08.371 R 19FB1200 20 23 18 64 21 FF 0C 24
13:58:08.372 R 19FB1200 21 53 52 54 4A 35 22 32
13:58:08.372 R 19FB1200 22 44 46 36 32 33 34 40
13:58:08.373 R 19FB1200 23 6E 00 28 00 00 00 64
13:58:08.373 R 19FB1200 24 00 00 00 00 00 F3 E1
13:58:08.374 R 19FB1200 25 FF FF FF FF FF FF FF
13:58:08.375 R 1DFF7700 20 1C 3B 9F 18 64 21 FF
13:58:08.375 R 1DFF7700 21 0C 01 24 53 52 54 4A
13:58:08.376 R 1DFF7700 22 35 22 32 44 46 36 32
13:58:08.376 R 1DFF7700 23 33 34 40 00 11 40 C1
13:58:08.377 R 1DFF7700 24 FF FF FF FF FF FF FF
13:58:08.377 R 1CFFF001 3B 9F 8C FF 59 1C 5D 65
13:58:08.390 R 09FD02B1 FF 7B 01 89 75 FA FF FF
13:58:08.390 R 09FD02B1 FF 7B 01 89 75 FC FF FF
13:58:08.391 R 09FD02B1 FF 7E 01 71 88 F9 FF FF
13:58:08.447 R 09F80201 FF FC 00 00 03 00 FF FF
13:58:08.448 R 09F80101 25 20 50 1F 55 98 3E 03
13:58:08.500 R 0DF01001 FF FF E4 50 88 C8 AE 19
13:58:08.503 R 11F80F00 60 1B 12 3C CD 90 0E EA
13:58:08.504 R 11F80F00 61 54 31 03 F1 E6 51 1F
13:58:08.504 R 11F80F00 62 20 67 57 8C 01 E8 56
13:58:08.505 R 11F80F00 63 00 FF FF 00 70 FE FF
13:58:08.540 R 09FD02B1 FF 7A 01 A5 75 FA FF FF
13:58:08.541 R 09FD02B1 FF 7A 01 A5 75 FC FF FF
13:58:08.541 R 09FD02B1 FF 7D 01 8C 88 F9 FF FF
13:58:08.600 R 09F80101 25 20 50 1F 55 98 3E 03
13:58:08.610 R 11F80E00 E0 1C 01 B3 39 95 0E 5D
13:58:08.611 R 11F80E00 E1 12 3F 03 48 EC 51 1F
13:58:08.611 R 11F80E00 E2 21 BA 11 B0 01 94 C0
13:58:08.612 R 11F80E00 E3 08 5C 10 00 00 C0 F8
13:58:08.612 R 11F80E00 E4 FF FF FF FF FF FF FF
13:58:08.639 R 09FD02B1 FF 7A 01 C8 75 FA FF FF
13:58:08.640 R 09FD02B1 FF 7A 01 C8 75 FC FF FF
13:58:08.641 R 09FD02B1 FF 7C 01 AF 88 F9 FF FF
13:58:08.667 R 09F50373 00 00 00 FF FF 00 FF FF
13:58:08.700 R 09F80201 FF FC 00 00 03 00 FF FF
13:58:08.701 R 09F80101 26 20 50 1F 55 98 3E 03
13:58:08.702 R 0DF90B01 FF FC FB 01 03 00 FF FF
13:58:08.706 R 1CFF1A73 3B 9F 00 00 FF FF FF FF
13:58:08.707 R 09F50373 00 00 00 FF FF 00 FF FF
13:58:08.733 R 15FD0773 00 C0 53 7A FF 7F FF FF
13:58:08.739 R 09FD02B1 FF 79 01 F1 75 FA FF FF
13:58:08.740 R 09FD02B1 FF 79 01 F1 75 FC FF FF
13:58:08.740 R 09FD02B1 FF 7C 01 D8 88 F9 FF FF
13:58:08.774 R 1CFF4F73 3B 9F 00 FF FF BD 20 FF
13:58:08.774 R 1CFF5073 3B 9F 00 FF FF BD 20 FF
13:58:08.775 R 1DEFFF73 20 16 3B 9F F0 81 84 06
13:58:08.775 R 1DEFFF73 21 18 60 42 00 03 00 06
13:58:08.776 R 1DEFFF73 22 FF FF 00 00 00 01 00
13:58:08.777 R 1DEFFF73 23 00 00 FF FF FF FF FF
13:58:08.777 R 09F11273 00 BD 20 FF 7F FF 7F FD
13:58:08.778 R 09F10D73 FF F8 FF FF 0C 02 FF FF
13:58:08.779 R 1CFF0873 3B 9F 00 00 14 00 FF FF
13:58:08.799 R 19FB1200 40 23 18 40 71 9C 0C 24
13:58:08.799 R 19FB1200 41 40 40 40 40 40 40 40
13:58:08.800 R 19FB1200 42 44 46 36 39 33 38 40
13:58:08.801 R 19FB1200 43 6E 00 28 00 1E 00 46
13:58:08.801 R 19FB1200 44 00 00 00 00 00 03 E0
13:58:08.802 R 19FB1200 45 FF FF FF FF FF FF FF
13:58:08.802 R 09F80101 26 20 50 1F 55 98 3E 03
13:58:08.803 R 1DFF7700 40 1C 3B 9F 18 40 71 9C
13:58:08.803 R 1DFF7700 41 0C 01 24 40 40 40 40
13:58:08.804 R 1DFF7700 42 40 40 40 44 46 36 39
13:58:08.805 R 1DFF7700 43 33 38 40 43 40 E0 C0
13:58:08.805 R 1DFF7700 44 FF FF FF FF FF FF FF
13:58:08.824 R 11F80E00 00 1C 03 50 53 8F 0E 60
13:58:08.825 R 11F80E00 01 7A 3B 03 58 D3 4B 1F
13:58:08.825 R 11F80E00 02 21 39 46 05 00 C1 0E
13:58:08.826 R 11F80E00 03 00 7D 9D 14 00 C0 F8
13:58:08.827 R 11F80E00 04 FF FF FF FF FF FF FF
13:58:08.838 R 09FD02B1 FF 78 01 1C 76 FA FF FF
13:58:08.839 R 09FD02B1 FF 78 01 1C 76 FC FF FF
13:58:08.840 R 09FD02B1 FF 7B 01 01 89 F9 FF FF
13:58:08.858 R 15FD0773 00 C0 53 7A FF 7F FF FF
13:58:08.903 R 09F80201 FF FC 00 00 03 00 FF FF
13:58:08.903 R 0DFE1101 A0 0E C0 72 00 00 03 00
13:58:08.904 R 0DFE1101 A1 FF FF FF FF FB 01 03
13:58:08.905 R 0DFE1101 A2 00 FF FF FF FF FF FF
13:58:08.905 R 09F80101 26 20 50 1F 55 98 3E 03
13:58:08.924 R 1DEFFF73 40 16 3B 9F F0 81 86 41
13:58:08.925 R 1DEFFF73 41 06 F9 42 00 03 00 06
13:58:08.926 R 1DEFFF73 42 E0 01 00 00 00 01 00
13:58:08.927 R 1DEFFF73 43 00 00 FF FF FF FF FF
13:58:08.938 R 09FD02B1 FF 78 01 42 76 FA FF FF
13:58:08.938 R 09FD02B1 FF 78 01 42 76 FC FF FF
13:58:08.939 R 09FD02B1 FF 7A 01 26 89 F9 FF FF
13:58:08.970 R 09F11273 00 BD 20 FF 7F FF 7F FD
13:58:08.970 R 09F10D73 FF F8 FF FF 0C 02 FF FF
13:58:08.971 R 1CFF0873 3B 9F 00 00 14 00 FF FF
13:58:08.972 R 1CFF4F73 3B 9F 00 FF FF BD 20 FF
13:58:08.972 R 1CFF5073 3B 9F 00 FF FF EB 19 FF
13:58:08.973 R 1DEFFF73 60 16 3B 9F F0 81 84 06
13:58:08.974 R 1DEFFF73 61 18 4C 42 00 03 00 06
13:58:08.975 R 1DEFFF73 62 E0 01 00 00 00 01 00
13:58:08.976 R 1DEFFF73 63 00 00 FF FF FF FF FF
13:58:09.004 R 0DF90301 FF 7F FF FF FF 7F FF FF
13:58:09.005 R 09F80101 26 20 50 1F 55 98 3E 03
13:58:09.005 R 1DFFF001 A0 0D 3B 9F 90 FF FF FF
13:58:09.006 R 1DFFF001 A1 FF FF FF FF FF 06 01
13:58:09.037 R 09FD02B1 FF 77 01 63 76 FA FF FF
13:58:09.038 R 09FD02B1 FF 77 01 63 76 FC FF FF
13:58:09.038 R 09FD02B1 FF 7A 01 46 89 F9 FF FF
13:58:09.090 R 1CFF7400 3B 9F FD 00 00 FF FF FF
13:58:09.106 R 09F80201 FF FC 00 00 03 00 FF FF
13:58:09.106 R 09F80101 26 20 50 1F 55 98 3E 03
13:58:09.107 R 19FA0301 00 DB 3C 00 5A 00 3E 00
13:58:09.108 R 19FA0601 20 0F 76 3D 00 FF FF FF
13:58:09.108 R 19FA0601 21 FF FF FF FF FF FF FF
13:58:09.109 R 19FA0601 22 FF FF FF FF FF FF FF
13:58:09.110 R 19FA0B01 20 0F 76 07 00 FF FF FF
13:58:09.111 R 19FA0B01 21 FF FF FF FF FF FF FF
13:58:09.111 R 19FA0B01 22 FF FF FF FF FF FF FF
13:58:09.136 R 09FD02B1 FF 76 01 7F 76 FA FF FF
13:58:09.137 R 09FD02B1 FF 76 01 7F 76 FC FF FF
13:58:09.138 R 09FD02B1 FF 79 01 60 89 F9 FF FF
13:58:09.146 R 11F80E00 20 1C 01 28 91 76 0C 6F
13:58:09.146 R 11F80E00 21 13 4F 03 FE 3C 5A 1F
13:58:09.147 R 11F80E00 22 24 00 00 00 00 C0 C0
13:58:09.147 R 11F80E00 23 00 FF FF FF 7F C0 F8
13:58:09.148 R 11F80E00 24 FF FF FF FF FF FF FF
13:58:09.207 R 19FA0401 20 DB 76 FF 12 05 FF 1D
13:58:09.208 R 19FA0401 21 E5 CD A0 0F 00 00 00
13:58:09.209 R 19FA0401 22 00 F5 07 E8 28 22 33
13:58:09.209 R 19FA0401 23 10 0E 00 00 00 00 F5
13:58:09.210 R 19FA0401 24 09 C5 13 AD 3C 74 0E
13:58:09.211 R 19FA0401 25 00 00 00 00 F5 0B 5D
13:58:09.211 R 19FA0401 26 10 AC 96 E4 0C 00 00
13:58:09.212 R 19FA0401 27 00 00 F5 14 0B 11 1F
13:58:09.213 R 19FA0401 28 BA 74 0E 00 00 00 00
13:58:09.214 R 19FA0401 29 F5 15 73 32 B7 A7 3C
13:58:09.214 R 19FA0401 2A 0F 00 00 00 00 F5 1E
13:58:09.215 R 19FA0401 2B FF 2C 66 7B 04 10 00
13:58:09.216 R 19FA0401 2C 00 00 00 F5 44 80 16
13:58:09.216 R 19FA0401 2D B9 3E E4 0C 00 00 00
13:58:09.217 R 19FA0401 2E 00 F5 45 73 32 A3 0D
13:58:09.218 R 19FA0401 2F 04 10 00 00 00 00 F5
13:58:09.218 R 19FA0401 30 46 DD 17 2B CB 3C 0F
13:58:09.219 R 19FA0401 31 00 00 00 00 F5 4E FF
13:58:09.220 R 19FA0401 32 1D D1 24 3C 0F 00 00
13:58:09.220 R 19FA0401 33 00 00 F5 22 C5 13 95
13:58:09.221 R 19FA0401 34 83 80 0C 00 00 00 00
13:58:09.222 R 19FA0401 35 F5 00 A2 3A 08 D4 74
13:58:09.223 R 19FA0401 36 0E 00 00 00 00 F5 00
13:58:09.223 R 19FA0401 37 39 28 FD B3 48 0D 00
13:58:09.224 R 19FA0401 38 00 00 00 F5 00 BA 11
13:58:09.225 R 19FA0401 39 66 8A 80 0C 00 00 00
13:58:09.225 R 19FA0401 3A 00 F5 00 2E 17 7F 34
13:58:09.226 R 19FA0401 3B 1C 0C 00 00 00 00 F5
13:58:09.227 R 11F80E00 40 1C 01 91 72 96 0E 17
13:58:09.227 R 11F80E00 41 97 41 03 EB E1 52 1F
13:58:09.228 R 11F80E00 42 2B 9A 9C 00 00 E8 56
13:58:09.228 R 11F80E00 43 08 FF FF FF 7F CF F8
13:58:09.229 R 11F80E00 44 FF FF FF FF FF FF FF
13:58:09.229 R 19FA0401 3C 00 51 2C D1 33 E4 0C
13:58:09.230 R 19FA0401 3D 00 00 00 00 F5 00 3A
13:58:09.231 R 19FA0401 3E 19 88 CC 74 0E 00 00
13:58:09.232 R 19FA0401 3F 00 00 F5 FF FF FF FF
13:58:09.232 R 09F80101 26 20 50 1F 55 98 3E 03
13:58:09.233 R 19F11A01 FF FF FF FF FB 01 FF FF
13:58:09.236 R 09FD02B1 FF 76 01 90 76 FA FF FF
13:58:09.238 R 09FD02B1 FF 76 01 90 76 FC FF FF
13:58:09.238 R 09FD02B1 FF 79 01 71 89 F9 FF FF
13:58:09.254 R 11F80F00 80 1B 12 64 21 FF 0C 45
13:58:09.254 R 11F80F00 81 68 42 03 A9 EE 5A 1F
13:58:09.255 R 11F80F00 82 24 27 58 53 01 F8 C0
13:58:09.255 R 11F80F00 83 00 FF FF 00 70 FE FF
13:58:09.273 R 0DF50B73 00 E8 01 00 00 FF FF FF
13:58:09.286 R 11F80F00 A0 1B 12 7C 13 8D 0E E7
13:58:09.287 R 11F80F00 A1 97 3E 03 CC 1F 50 1F
13:58:09.287 R 11F80F00 A2 27 FF FF 00 00 00 00
13:58:09.288 R 11F80F00 A3 20 FF FF 00 70 FE FF
13:58:09.309 R 09F80201 FF FC 00 00 03 00 FF FF
13:58:09.310 R 09F80101 26 20 50 1F 55 98 3E 03
13:58:09.317 R 19F51373 80 0E FF FF FF FF FF FF
13:58:09.317 R 19F51373 81 86 85 B0 00 00 00 00
13:58:09.318 R 19F51373 82 00 FF FF FF FF FF FF
13:58:09.319 R 1DFF6773 A0 0B 3B 9F 03 00 04 B4
13:58:09.319 R 1DFF6773 A1 6E 11 19 09 09 FF FF
13:58:09.320 R 1DFF6773 C0 0B 3B 9F 03 02 04 B4
13:58:09.321 R 1DFF6773 C1 6E 11 19 09 09 FF FF
13:58:09.335 R 09FD02B1 FF 75 01 9A 76 FA FF FF
13:58:09.336 R 09FD02B1 FF 75 01 9A 76 FC FF FF
13:58:09.337 R 09FD02B1 FF 78 01 7A 89 F9 FF FF
13:58:09.395 R 1DEFFF73 E0 16 3B 9F F0 81 90 00
13:58:09.395 R 1DEFFF73 E1 03 64 8A FF 08 02 F7
13:58:09.396 R 1DEFFF73 E2 FF FF 00 00 00 01 00
13:58:09.397 R 1DEFFF73 E3 00 00 FF FF FF FF FF
13:58:09.410 R 0DF80501 40 2B 77 E4 50 F4 E3 AE
13:58:09.411 R 0DF80501 41 19 00 FC 39 52 51 66
13:58:09.413 R 0DF80501 42 4A 07 00 12 55 9E 52
13:58:09.414 R 0DF80501 43 63 C1 00 E0 ED 66 02
13:58:09.414 R 0DF80501 44 00 00 00 00 23 FC 14
13:58:09.415 R 0DF80501 45 3C 00 FF 7F EE 11 00
13:58:09.416 R 0DF80501 46 00 00 FF FF FF FF FF
13:58:09.417 R 09F80101 26 20 50 1F 55 98 3E 03
13:58:09.418 R 0DF80901 E4 50 F4 E3 AE 19 78 00
13:58:09.418 R 1CFFFF01 4F 9A 00 F5 FF FF FF FF
13:58:09.435 R 1CFFF001 3B 9F 8C FF 62 1C 45 65
13:58:09.435 R 09FD02B1 FF 75 01 A0 76 FA FF FF
13:58:09.436 R 09FD02B1 FF 75 01 A0 76 FC FF FF
13:58:09.436 R 09FD02B1 FF 77 01 7D 89 F9 FF FF
13:58:09.494 R 11F80E00 60 1C 01 EC 9B 94 0E 76
13:58:09.494 R 11F80E00 61 E5 3C 03 64 53 4D 1F
13:58:09.495 R 11F80E00 62 27 F4 06 96 01 6B 01
13:58:09.496 R 11F80E00 63 09 FF FF FF 7F C0 F8
13:58:09.496 R 11F80E00 64 FF FF FF FF FF FF FF
13:58:09.511 R 09F80201 FF FC 00 00 03 00 FF FF
13:58:09.512 R 09F80101 27 20 50 1F 55 98 3E 03
13:58:09.500 R 0DF01001 FF FF E4 50 98 EF AE 19
13:58:09.521 R 09FD02B1 FF 74 01 A2 76 FA FF FF
13:58:09.522 R 09FD02B1 FF 74 01 A2 76 FC FF FF
13:58:09.522 R 09FD02B1 FF 77 01 7E 89 F9 FF FF
13:58:09.534 R 15FB0500 60 18 08 7C AF 95 0E 03
13:58:09.535 R 15FB0500 61 80 00 32 0A C3 3C B7
13:58:09.535 R 15FB0500 62 C3 5D F5 0D 40 7F 07
13:58:09.536 R 15FB0500 63 C0 12 C0 00 FF FF FF
13:58:09.603 R 09F80101 27 20 50 1F 55 98 3E 03
13:58:09.617 R 09F11273 00 BD 20 FF 7F FF 7F FD
13:58:09.618 R 09F10D73 FF F8 FF FF 00 00 FF FF
13:58:09.619 R 1CFF4F73 3B 9F 00 FF FF BD 20 FF
13:58:09.619 R 1DEFFF73 00 16 3B 9F F0 81 9C 01
13:58:09.620 R 1DEFFF73 01 18 00 80 00 04 00 00
13:58:09.620 R 1DEFFF73 02 00 00 00 00 00 01 00
13:58:09.621 R 09FD02B1 FF 73 01 A6 76 FA FF FF
13:58:09.622 R 09FD02B1 FF 73 01 A6 76 FC FF FF
13:58:09.622 R 09FD02B1 FF 76 01 80 89 F9 FF FF
13:58:09.623 R 1DEFFF73 03 00 00 FF FF FF FF FF
13:58:09.682 R 09F50373 00 00 00 FF FF 00 FF FF
13:58:09.704 R 09F80201 FF FC 00 00 03 00 FF FF
13:58:09.705 R 09F80101 27 20 50 1F 55 98 3E 03
13:58:09.705 R 0DF90B01 FF FC FB 01 03 00 FF FF
13:58:09.720 R 09FD02B1 FF 72 01 AE 76 FA FF FF
13:58:09.721 R 09FD02B1 FF 72 01 AE 76 FC FF FF
13:58:09.721 R 09FD02B1 FF 75 01 87 89 F9 FF FF
13:58:09.722 R 19FB1100 00 1B 18 93 4E 8B 0E 5A
13:58:09.723 R 19FB1100 01 45 4C 49 4E 45 40 40
13:58:09.724 R 19FB1100 02 40 40 40 40 40 40 40
13:58:09.724 R 19FB1100 03 40 40 40 40 40 E1 FF
13:58:09.725 R 1DFF7600 00 1C 3B 9F 18 93 4E 8B
13:58:09.725 R 1DFF7600 01 0E 00 5A 45 4C 49 4E
13:58:09.726 R 1DFF7600 02 45 40 40 40 40 40 40
13:58:09.726 R 1DFF7600 03 40 40 40 40 40 40 40
13:58:09.727 R 1DFF7600 04 40 FF FF FF FF FF FF
13:58:09.728 R 1CFF1A73 3B 9F 00 00 FF FF FF FF
13:58:09.729 R 09F50373 00 00 00 FF FF 00 FF FF
13:58:09.754 R 15FD0773 00 C0 53 7A FF 7F FF FF
13:58:09.790 R 15FD0773 00 C0 53 7A FF 7F FF FF
13:58:09.805 R 09F80101 27 20 50 1F 55 98 3E 03
13:58:09.819 R 09FD02B1 FF 71 01 BE 76 FA FF FF
13:58:09.820 R 09FD02B1 FF 71 01 BE 76 FC FF FF
13:58:09.821 R 09FD02B1 FF 74 01 94 89 F9 FF FF
13:58:09.830 R 11F80E00 80 1C 01 65 13 95 0E 8D
13:58:09.830 R 11F80E00 81 91 3B 03 F0 E6 4B 1F
13:58:09.831 R 11F80E00 82 27 79 45 00 00 FF C0
13:58:09.832 R 11F80E00 83 00 FF FF FF 7F C0 F8
13:58:09.832 R 11F80E00 84 FF FF FF FF FF FF FF
13:58:09.906 R 09F80201 FF FC 00 00 03 00 FF FF
13:58:09.906 R 0DFE1101 C0 0E C0 73 00 00 03 00
13:58:09.907 R 0DFE1101 C1 FF FF FF FF FB 01 03
13:58:09.908 R 0DFE1101 C2 00 FF FF FF FF FF FF
13:58:09.908 R 09F80101 27 20 50 1F 55 98 3E 03
13:58:09.919 R 09FD02B1 FF 70 01 D4 76 FA FF FF
13:58:09.919 R 09FD02B1 FF 70 01 D4 76 FC FF FF
13:58:09.920 R 09FD02B1 FF 73 01 A7 89 F9 FF FF
13:58:10.000 R 1CFF4F73 3B 9F 00 FF FF BD 20 FF
13:58:10.001 R 1CFF5073 3B 9F 00 FF FF EB 19 FF
13:58:10.001 R 1DEFFF73 20 16 3B 9F F0 81 84 06
13:58:10.002 R 1DEFFF73 21 18 4C 42 00 00 00 06
13:58:10.002 R 1DEFFF73 22 00 00 00 00 00 01 00
13:58:10.003 R 1DEFFF73 23 00 00 FF FF FF FF FF
13:58:10.004 R 09F11273 00 BD 20 FF 7F FF 7F FD
13:58:10.004 R 09F10D73 FF F8 FF FF 00 00 FF FF
13:58:10.005 R 1CFF0873 3B 9F 00 00 14 00 FF FF
13:58:10.006 R 0DF90301 FF 7F FF FF FF 7F FF FF
13:58:10.007 R 09F80101 28 20 50 1F 55 98 3E 03
13:58:10.008 R 1DFFF001 C0 0D 3B 9F 90 FF FF FF
13:58:10.008 R 1DFFF001 C1 FF FF FF FF FF 04 01
13:58:10.018 R 09FD02B1 FF 6F 01 F0 76 FA FF FF
13:58:10.019 R 09FD02B1 FF 6F 01 F0 76 FC FF FF
13:58:10.019 R 09FD02B1 FF 72 01 C1 89 F9 FF FF
13:58:10.107 R 09F80201 FF FC 00 00 03 00 FF FF
13:58:10.108 R 09F80101 28 20 50 1F 55 98 3E 03
13:58:10.109 R 19FA0301 00 DB 3C 00 5A 00 3E 00
13:58:10.109 R 19FA0601 40 0F 77 3E 00 FF FF FF
13:58:10.110 R 19FA0601 41 FF FF FF FF FF FF FF
13:58:10.111 R 19FA0601 42 FF FF FF FF FF FF FF
13:58:10.111 R 19FA0B01 40 0F 77 07 00 FF FF FF
13:58:10.112 R 19FA0B01 41 FF FF FF FF FF FF FF
13:58:10.113 R 19FA0B01 42 FF FF FF FF FF FF FF
13:58:10.117 R 09FD02B1 FF 6E 01 0F 77 FA FF FF
13:58:10.118 R 09FD02B1 FF 6E 01 0F 77 FC FF FF
13:58:10.119 R 09FD02B1 FF 71 01 DE 89 F9 FF FF
13:58:10.208 R 19FA0401 40 DB 77 FF 12 05 FF 1D
13:58:10.209 R 19FA0401 41 E5 CD A0 0F 00 00 00
13:58:10.210 R 19FA0401 42 00 F5 07 E8 28 22 33
13:58:10.210 R 19FA0401 43 10 0E 00 00 00 00 F5
13:58:10.211 R 19FA0401 44 09 C5 13 AD 3C 74 0E
13:58:10.212 R 19FA0401 45 00 00 00 00 F5 0B 5D
13:58:10.212 R 19FA0401 46 10 AC 96 48 0D 00 00
13:58:10.213 R 19FA0401 47 00 00 F5 14 0B 11 1F
13:58:10.213 R 19FA0401 48 BA 74 0E 00 00 00 00
13:58:10.214 R 19FA0401 49 F5 15 73 32 B7 A7 D8
13:58:10.215 R 19FA0401 4A 0E 00 00 00 00 F5 1E
13:58:10.215 R 19FA0401 4B FF 2C 66 7B 04 10 00
13:58:10.216 R 19FA0401 4C 00 00 00 F5 44 80 16
13:58:10.217 R 19FA0401 4D B9 3E 48 0D 00 00 00
13:58:10.217 R 09FD02B1 FF 6D 01 2F 77 FA FF FF
13:58:10.218 R 09FD02B1 FF 6D 01 2F 77 FC FF FF
13:58:10.218 R 19FA0401 4E 00 F5 45 73 32 A3 0D
13:58:10.219 R 09FD02B1 FF 70 01 FA 89 F9 FF FF
13:58:10.219 R 19FA0401 4F 04 10 00 00 00 00 F5
13:58:10.220 R 19FA0401 50 46 DD 17 2B CB 3C 0F
13:58:10.221 R 19FA0401 51 00 00 00 00 F5 4E FF
13:58:10.221 R 19FA0401 52 1D D1 24 3C 0F 00 00
13:58:10.222 R 19FA0401 53 00 00 F5 22 C5 13 95
13:58:10.223 R 19FA0401 54 83 80 0C 00 00 00 00
13:58:10.223 R 19FA0401 55 F5 00 A2 3A 08 D4 D8
13:58:10.224 R 19FA0401 56 0E 00 00 00 00 F5 00
13:58:10.225 R 19FA0401 57 39 28 FD B3 48 0D 00
13:58:10.225 R 19FA0401 58 00 00 00 F5 00 BA 11
13:58:10.226 R 19FA0401 59 66 8A 80 0C 00 00 00
13:58:10.226 R 19FA0401 5A 00 F5 00 2E 17 7F 34
13:58:10.227 R 19FA0401 5B 1C 0C 00 00 00 00 F5
13:58:10.228 R 19FA0401 5C 00 51 2C D1 33 E4 0C
13:58:10.228 R 19FA0401 5D 00 00 00 00 F5 00 3A
13:58:10.229 R 19FA0401 5E 19 88 CC 10 0E 00 00
13:58:10.230 R 19FA0401 5F 00 00 F5 FF FF FF FF
13:58:10.230 R 09F80101 28 20 50 1F 55 98 3E 03
13:58:10.231 R 19F11A01 FF FF FF FF FB 01 FF FF
13:58:10.238 R 1DEFFF73 40 16 3B 9F F0 81 86 41
13:58:10.239 R 1DEFFF73 41 08 F7 42 00 00 00 06
13:58:10.239 R 1DEFFF73 42 7C 01 00 00 00 01 00
13:58:10.240 R 1DEFFF73 43 00 00 FF FF FF FF FF
13:58:10.257 R 19FB1200 60 23 18 D2 B6 8B 0E 24
13:58:10.258 R 19FB1200 61 53 4D 54 46 2B 40 35
13:58:10.258 R 19FB1200 62 50 48 35 36 31 37 40
13:58:10.259 R 19FB1200 63 82 00 28 00 0A 00 50
13:58:10.259 R 19FB1200 64 00 00 00 00 00 F3 E0
13:58:10.260 R 19FB1200 65 FF FF FF FF FF FF FF
13:58:10.261 R 1DFF7700 60 1C 3B 9F 18 D2 B6 8B
13:58:10.261 R 1DFF7700 61 0E 01 24 53 4D 54 46
13:58:10.262 R 1DFF7700 62 2B 40 35 50 48 35 36
13:58:10.262 R 1DFF7700 63 31 37 40 C1 50 00 C1
13:58:10.263 R 1DFF7700 64 FF FF FF FF FF FF FF
13:58:10.266 R 0DF50B73 00 EB 01 00 00 FF FF FF
13:58:10.277 R 11F80F00 C0 1B 12 7C 13 8D 0E E7
13:58:10.278 R 11F80F00 C1 97 3E 03 CC 1F 50 1F
13:58:10.278 R 11F80F00 C2 2B FF FF 00 00 00 00
13:58:10.279 R 11F80F00 C3 20 FF FF 00 70 FE FF
13:58:10.298 R 09F11273 00 BD 20 FF 7F FF 7F FD
13:58:10.299 R 09F10D73 FF F8 FF FF 00 00 FF FF
13:58:10.300 R 1CFF0873 3B 9F 00 00 14 00 FF FF
13:58:10.300 R 1CFF4F73 3B 9F 00 FF FF BD 20 FF
13:58:10.301 R 1CFF5073 3B 9F 00 FF FF BD 20 FF
13:58:10.301 R 1DEFFF73 60 16 3B 9F F0 81 84 06
13:58:10.302 R 1DEFFF73 61 18 60 42 00 00 00 06
13:58:10.303 R 1DEFFF73 62 7C 01 00 00 00 01 00
13:58:10.303 R 1DEFFF73 63 00 00 FF FF FF FF FF
13:58:10.307 R 19F51373 80 0E FF FF FF FF FF FF
13:58:10.308 R 19F51373 81 86 85 B0 00 00 00 00
13:58:10.309 R 19F51373 82 00 FF FF FF FF FF FF
13:58:10.309 R 09F80201 FF FC 00 00 03 00 FF FF
13:58:10.310 R 1DFF6773 A0 0B 3B 9F 03 00 04 B4
13:58:10.310 R 09F80101 28 20 50 1F 55 98 3E 03
13:58:10.311 R 1DFF6773 A1 6E 11 19 09 09 FF FF
13:58:10.311 R 1DFF6773 C0 0B 3B 9F 03 02 04 B4
13:58:10.312 R 1DFF6773 C1 6E 11 19 09 09 FF FF
13:58:10.316 R 09FD02B1 FF 6C 01 49 77 FA FF FF
13:58:10.317 R 09FD02B1 FF 6C 01 49 77 FC FF FF
13:58:10.318 R 09FD02B1 FF 6F 01 11 8A F9 FF FF
13:58:10.391 R 11F80F00 E0 1B 12 2C D5 95 0E 6D
13:58:10.392 R 11F80F00 E1 C2 3D 03 A4 A6 4F 1F
13:58:10.393 R 11F80F00 E2 28 FF FF 29 00 8D 81
13:58:10.393 R 11F80F00 E3 08 C2 C7 00 70 FE FF
13:58:10.404 R 09F50373 00 00 00 FF FF 00 FF FF
13:58:10.410 R 0DF80501 60 2B 78 E4 50 D8 0E AF
13:58:10.411 R 0DF80501 61 19 00 90 6F C9 51 66
13:58:10.411 R 0DF80501 62 4A 07 00 12 55 9E 52
13:58:10.412 R 0DF80501 63 63 C1 00 80 74 68 02
13:58:10.413 R 0DF80501 64 00 00 00 00 23 FC 14
13:58:10.415 R 0DF80501 65 3C 00 FF 7F EE 11 00
13:58:10.416 R 0DF80501 66 00 00 FF FF FF FF FF
13:58:10.417 R 09F80101 28 20 50 1F 55 98 3E 03
13:58:10.417 R 09FD02B1 FF 6B 01 5C 77 FA FF FF
13:58:10.418 R 0DF80901 E4 50 D8 0E AF 19 78 00
13:58:10.418 R 11F80E00 A0 1C 01 D7 AF 95 0E 35
13:58:10.419 R 09FD02B1 FF 6B 01 5C 77 FC FF FF
13:58:10.419 R 09FD02B1 FF 6E 01 21 8A F9 FF FF
13:58:10.420 R 11F80E00 A1 62 49 03 61 BB 58 1F
13:58:10.420 R 11F80E00 A2 2B CB 1D B5 01 10 C1
13:58:10.421 R 11F80E00 A3 08 FF FF FF 7F C0 F8
13:58:10.422 R 11F80E00 A4 FF FF FF FF FF FF FF
13:58:10.422 R 1CFFF001 3B 9F 8C FF 6F 1C 1D 65
13:58:10.440 R 1CFF1A73 3B 9F 00 00 FF FF FF FF
13:58:10.440 R 09F50373 00 00 00 FF FF 00 FF FF
13:58:10.466 R 15FD0773 00 C0 53 7A FF 7F FF FF
13:58:10.503 R 15FD0773 00 C0 53 7A FF 7F FF FF
13:58:10.511 R 09F80201 FF FC 00 00 03 00 FF FF
13:58:10.512 R 09F80101 28 20 50 1F 55 98 3E 03
13:58:10.500 R 0DF01001 FF FF E4 50 A8 16 AF 19
13:58:10.503 R 09FD02B1 FF 6A 01 63 77 FA FF FF
13:58:10.505 R 09FD02B1 FF 6A 01 63 77 FC FF FF
13:58:10.506 R 09FD02B1 FF 6D 01 24 8A F9 FF FF
13:58:10.600 R 09F80101 28 20 50 1F 55 98 3E 03
13:58:10.602 R 09FD02B1 FF 69 01 59 77 FA FF FF
13:58:10.603 R 09FD02B1 FF 69 01 59 77 FC FF FF
13:58:10.604 R 09FD02B1 FF 6B 01 19 8A F9 FF FF
13:58:10.677 R 11F80F00 00 1B 12 FF 0F 91 0E 38
13:58:10.677 R 11F80F00 01 F9 39 03 52 05 4E 1F
13:58:10.678 R 11F80F00 02 2B E1 72 6C 00 06 00
13:58:10.678 R 11F80F00 03 0E FF FF 00 5C FF FF
13:58:10.701 R 09F80201 FF FC 00 00 03 00 FF FF
13:58:10.702 R 09F80101 28 20 50 1F 54 98 3E 03
13:58:10.702 R 09FD02B1 FF 68 01 44 77 FA FF FF
13:58:10.703 R 09FD02B1 FF 68 01 44 77 FC FF FF
13:58:10.703 R 0DF90B01 FF FC FB 01 03 00 FF FF
13:58:10.704 R 09FD02B1 FF 6A 01 01 8A F9 FF FF
13:58:10.801 R 09FD02B1 FF 67 01 29 77 FA FF FF
13:58:10.802 R 09FD02B1 FF 67 01 29 77 FC FF FF
13:58:10.803 R 09FD02B1 FF 69 01 E2 89 F9 FF FF
13:58:10.803 R 09F80101 29 20 50 1F 54 98 3E 03
13:58:10.808 R 11F80E00 C0 1C 01 88 48 B2 0E 02
13:58:10.809 R 11F80E00 C1 86 3D 03 96 D0 4D 1F
13:58:10.809 R 11F80E00 C2 29 38 70 0A 00 9D 81
13:58:10.810 R 11F80E00 C3 01 9F A3 AF FF C0 F8
13:58:10.810 R 11F80E00 C4 FF FF FF FF FF FF FF
13:58:10.842 R 1CFF4F73 3B 9F 00 FF FF BD 20 FF
13:58:10.843 R 1DEFFF73 E0 16 3B 9F F0 81 9C 01
13:58:10.844 R 1DEFFF73 E1 18 00 00 80 00 00 00
13:58:10.844 R 1DEFFF73 E2 00 FF 00 00 00 01 00
13:58:10.845 R 1DEFFF73 E3 00 00 FF FF FF FF FF
13:58:10.845 R 09F11273 00 BD 20 FF 7F FF 7F FD
13:58:10.846 R 09F10D73 FF F8 FF FF 00 00 FF FF
13:58:10.901 R 09FD02B1 FF 66 01 0D 77 FA FF FF
13:58:10.903 R 09FD02B1 FF 66 01 0D 77 FC FF FF
13:58:10.903 R 09FD02B1 FF 68 01 C4 89 F9 FF FF
13:58:10.905 R 09F80201 FF FC 00 00 03 00 FF FF
13:58:10.905 R 0DFE1101 E0 0E C0 74 00 00 03 00
13:58:10.906 R 0DFE1101 E1 FF FF FF FF FB 01 03
13:58:10.907 R 0DFE1101 E2 00 FF FF FF FF FF FF
13:58:10.907 R 09F80101 29 20 50 1F 54 98 3E 03
13:58:10.915 R 11F80F00 20 1B 12 9E 93 99 0C 53
13:58:10.916 R 11F80F00 21 60 42 03 10 96 53 1F
13:58:10.916 R 11F80F00 22 2C C0 09 9A 00 A1 01
13:58:10.917 R 11F80F00 23 09 FF FF 00 70 FE FF
13:58:10.969 R 11F80E00 E0 1C 01 12 09 8C 0E 6F
13:58:10.969 R 11F80E00 E1 91 3A 03 5A 77 4B 1F
13:58:10.970 R 11F80E00 E2 2F 1A B0 00 00 1F C1
13:58:10.970 R 11F80E00 E3 08 FF FF FF 7F CF F8
13:58:10.971 R 11F80E00 E4 FF FF FF FF FF FF FF
13:58:11.000 R 09FD02B1 FF 65 01 FD 76 FA FF FF
13:58:11.001 R 09FD02B1 FF 65 01 FD 76 FC FF FF
13:58:11.001 R 09FD02B1 FF 68 01 B1 89 F9 FF FF
13:58:11.008 R 0DF90301 FF 7F FF FF FF 7F FF FF
13:58:11.009 R 09F80101 29 20 50 1F 54 98 3E 03
13:58:11.010 R 1DFFF001 E0 0D 3B 9F 90 FF FF FF
13:58:11.010 R 1DFFF001 E1 FF FF FF FF FF 01 01
13:58:11.099 R 09FD02B1 FF 64 01 01 77 FA FF FF
13:58:11.100 R 09FD02B1 FF 64 01 01 77 FC FF FF
13:58:11.101 R 09FD02B1 FF 67 01 B1 89 F9 FF FF
13:58:11.110 R 09F80201 FF FC 00 00 03 00 FF FF
13:58:11.111 R 09F80101 29 20 50 1F 54 98 3E 03
13:58:11.111 R 19FA0301 00 DB 3C 00 5A 00 3E 00
13:58:11.112 R 19FA0601 60 0F 78 3E 00 FF FF FF
13:58:11.113 R 19FA0601 61 FF FF FF FF FF FF FF
13:58:11.113 R 19FA0601 62 FF FF FF FF FF FF FF
13:58:11.114 R 19FA0B01 60 0F 78 06 00 FF FF FF
13:58:11.115 R 19FA0B01 61 FF FF FF FF FF FF FF
13:58:11.115 R 19FA0B01 62 FF FF FF FF FF FF FF
13:58:11.199 R 09FD02B1 FF 64 01 1A 77 FA FF FF
13:58:11.200 R 09FD02B1 FF 64 01 1A 77 FC FF FF
13:58:11.200 R 09FD02B1 FF 66 01 C7 89 F9 FF FF
13:58:11.211 R 19FA0401 60 DB 78 FF 12 05 FF 1D
13:58:11.212 R 19FA0401 61 E5 CD 3C 0F 00 00 00
13:58:11.213 R 19FA0401 62 00 F5 07 E8 28 22 33
13:58:11.213 R 19FA0401 63 10 0E 00 00 00 00 F5
13:58:11.214 R 19FA0401 64 09 C5 13 AD 3C 74 0E
13:58:11.215 R 19FA0401 65 00 00 00 00 F5 0B 5D
13:58:11.216 R 19FA0401 66 10 AC 96 48 0D 00 00
13:58:11.216 R 19FA0401 67 00 00 F5 14 0B 11 1F
13:58:11.217 R 19FA0401 68 BA D8 0E 00 00 00 00
13:58:11.218 R 19FA0401 69 F5 15 73 32 B7 A7 3C
13:58:11.218 R 19FA0401 6A 0F 00 00 00 00 F5 1E
13:58:11.219 R 19FA0401 6B FF 2C 66 7B 04 10 00
13:58:11.220 R 19FA0401 6C 00 00 00 F5 44 80 16
13:58:11.220 R 19FA0401 6D B9 3E 48 0D 00 00 00
13:58:11.221 R 19FA0401 6E 00 F5 45 73 32 A3 0D
13:58:11.222 R 19FA0401 6F A0 0F 00 00 00 00 F5
13:58:11.222 R 19FA0401 70 46 DD 17 2B CB A0 0F
13:58:11.223 R 19FA0401 71 00 00 00 00 F5 4E FF
13:58:11.224 R 19FA0401 72 1D D1 24 A0 0F 00 00
13:58:11.225 R 19FA0401 73 00 00 F5 22 C5 13 95
13:58:11.225 R 19FA0401 74 83 80 0C 00 00 00 00
13:58:11.226 R 19FA0401 75 F5 00 A2 3A 08 D4 D8
13:58:11.227 R 19FA0401 76 0E 00 00 00 00 F5 00
13:58:11.227 R 19FA0401 77 39 28 FD B3 E4 0C 00
13:58:11.228 R 19FA0401 78 00 00 00 F5 00 BA 11
13:58:11.229 R 19FA0401 79 66 8A E4 0C 00 00 00
13:58:11.229 R 19FA0401 7A 00 F5 00 2E 17 7F 34
13:58:11.230 R 19FA0401 7B 1C 0C 00 00 00 00 F5
13:58:11.231 R 19FA0401 7C 00 51 2C D1 33 E4 0C
13:58:11.232 R 19FA0401 7D 00 00 00 00 F5 00 3A
13:58:11.232 R 19FA0401 7E 19 88 CC 10 0E 00 00
13:58:11.233 R 19FA0401 7F 00 00 F5 FF FF FF FF
13:58:11.234 R 09F80101 29 20 50 1F 54 98 3E 03
13:58:11.234 R 19F11A01 FF FF FF FF FB 01 FF FF
13:58:11.258 R 0DF50B73 00 FE 01 00 00 FF FF FF
13:58:11.270 R 11F80F00 40 1B 12 7C 13 8D 0E E7
13:58:11.270 R 11F80F00 41 97 3E 03 DD 1F 50 1F
13:58:11.271 R 11F80F00 42 2F FF FF 00 00 00 00
13:58:11.271 R 11F80F00 43 20 FF FF 00 70 FE FF
13:58:11.298 R 09FD02B1 FF 63 01 45 77 FA FF FF
13:58:11.299 R 19F51373 00 0E FF FF FF FF FF FF
13:58:11.300 R 09FD02B1 FF 63 01 45 77 FC FF FF
13:58:11.300 R 09FD02B1 FF 65 01 EF 89 F9 FF FF
13:58:11.301 R 19F51373 01 86 85 B0 00 00 00 00
13:58:11.301 R 19F51373 02 00 FF FF FF FF FF FF
13:58:11.302 R 1DFF6773 20 0B 3B 9F 03 00 04 B4
13:58:11.302 R 1DFF6773 21 6E 11 19 09 09 FF FF
13:58:11.304 R 1DFF6773 40 0B 3B 9F 03 02 04 B4
13:58:11.304 R 1DFF6773 41 6E 11 19 09 09 FF FF
13:58:11.313 R 09F80201 FF FC 00 00 03 00 FF FF
13:58:11.313 R 09F80101 29 20 50 1F 54 98 3E 03
13:58:11.398 R 09FD02B1 FF 62 01 7B 77 FA FF FF
13:58:11.398 R 09FD02B1 FF 62 01 7B 77 FC FF FF
13:58:11.399 R 09FD02B1 FF 64 01 21 8A F9 FF FF
13:58:11.400 R 1DEFFF73 60 16 3B 9F F0 81 84 06
13:58:11.401 R 1DEFFF73 61 18 60 42 00 02 00 06
13:58:11.401 R 1DEFFF73 62 00 FF 00 00 00 01 00
13:58:11.402 R 1DEFFF73 63 00 00 FF FF FF FF FF
13:58:11.402 R 09F11273 00 BD 20 FF 7F FF 7F FD
13:58:11.403 R 09F10D73 FF F8 FF FF 5D 01 FF FF
13:58:11.404 R 1CFF0873 3B 9F 00 00 14 00 FF FF
13:58:11.404 R 1CFF4F73 3B 9F 00 FF FF BD 20 FF
13:58:11.405 R 1CFF5073 3B 9F 00 FF FF BD 20 FF
13:58:11.414 R 0DF80501 80 2B 79 E4 50 2E 3B AF
13:58:11.415 R 0DF80501 81 19 00 5A 0A 05 52 66
13:58:11.415 R 0DF80501 82 4A 07 00 48 BA 62 52
13:58:11.416 R 0DF80501 83 63 C1 00 80 74 68 02
13:58:11.417 R 0DF80501 84 00 00 00 00 23 FC 14
13:58:11.418 R 0DF80501 85 3C 00 FF 7F EE 11 00
13:58:11.418 R 0DF80501 86 00 00 FF FF FF FF FF
13:58:11.419 R 09F80101 29 20 50 1F 54 98 3E 03
13:58:11.419 R 0DF80901 E4 50 2E 3B AF 19 78 00
13:58:11.419 R 1CFFF001 3B 9F 8C FF 7F 1C EE 64
13:58:11.423 R 11F80E00 00 1C 01 D9 88 94 0E 8A
13:58:11.424 R 11F80E00 01 B6 34 03 24 5F 4A 1F
13:58:11.424 R 11F80E00 02 2F E6 8E B5 01 E8 56
13:58:11.425 R 11F80E00 03 00 FF FF FF 7F C0 F8
13:58:11.425 R 11F80E00 04 FF FF FF FF FF FF FF
13:58:11.490 R 09F50373 00 00 00 FF FF 00 FF FF
13:58:11.496 R 09FD02B1 FF 61 01 AD 77 FA FF FF
13:58:11.497 R 09FD02B1 FF 61 01 AD 77 FC FF FF
13:58:11.497 R 09FD02B1 FF 63 01 50 8A F9 FF FF
13:58:11.514 R 09F80201 FF FC 00 00 03 00 FF FF
13:58:11.515 R 09F80101 29 20 50 1F 54 98 3E 03
13:58:11.435 R 0DF01001 FF FF E4 50 2E 3B AF 19
13:58:11.449 R 11F80E00 20 1C 01 AE 7D 09 10 FA
13:58:11.450 R 11F80E00 21 4C 3D 03 FB 52 4F 1F
13:58:11.450 R 11F80E00 22 41 74 02 7B 00 8F 08
13:58:11.451 R 11F80E00 23 08 AE 00 00 00 C0 F8
13:58:11.451 R 11F80E00 24 FF FF FF FF FF FF FF
13:58:11.477 R 1DEFFF73 80 16 3B 9F F0 81 90 00
13:58:11.478 R 1DEFFF73 81 03 08 F0 FF 08 02 F7
13:58:11.478 R 1DEFFF73 82 FF FF 00 00 00 01 00
13:58:11.479 R 1DEFFF73 83 00 00 FF FF FF FF FF
13:58:11.515 R 09FD02B1 FF 60 01 D3 77 FA FF FF
13:58:11.516 R 09FD02B1 FF 60 01 D3 77 FC FF FF
13:58:11.517 R 09FD02B1 FF 62 01 74 8A F9 FF FF
13:58:11.534 R 09F80101 2A 20 50 1F 54 98 3E 03
13:58:11.583 R 11F80E00 40 1C 01 D4 45 8D 0E F9
13:58:11.584 R 11F80E00 41 42 3B 03 90 B9 4B 1F
13:58:11.584 R 11F80E00 42 2F FF FF 00 00 7E C0
13:58:11.585 R 11F80E00 43 00 C2 9A 00 00 C7 F8
13:58:11.585 R 11F80E00 44 FF FF FF FF FF FF FF
13:58:11.614 R 09FD02B1 FF 5F 01 E9 77 FA FF FF
13:58:11.615 R 09FD02B1 FF 5F 01 E9 77 FC FF FF
13:58:11.615 R 09FD02B1 FF 62 01 85 8A F9 FF FF
13:58:11.635 R 09F80201 FF FC 00 00 03 00 FF FF
13:58:11.636 R 09F80101 2A 20 50 1F 54 98 3E 03
13:58:11.637 R 0DF90B01 FF FC FB 01 03 00 FF FF
13:58:11.637 R 19F81401 00 14 57 38 34 00 00 00
13:58:11.638 R 19F81401 01 00 00 00 00 00 00 00
13:58:11.639 R 19F81401 02 00 00 00 57 38 34 00
13:58:11.713 R 09FD02B1 FF 5E 01 E9 77 FA FF FF
13:58:11.714 R 09FD02B1 FF 5E 01 E9 77 FC FF FF
13:58:11.715 R 09FD02B1 FF 61 01 84 8A F9 FF FF
13:58:11.718 R 19FB0200 C0 4C 05 9E 84 8C 0E 00
13:58:11.719 R 19FB0200 C1 00 00 00 50 48 39 39
13:58:11.719 R 19FB0200 C2 36 37 40 42 4F 55 4E
13:58:11.720 R 19FB0200 C3 54 59 40 40 40 40 40
13:58:11.720 R 19FB0200 C4 40 40 40 40 40 40 40
13:58:11.721 R 19FB0200 C5 40 40 45 68 01 46 00
13:58:11.722 R 19FB0200 C6 1E 00 68 01 71 51 00
13:58:11.722 R 19FB0200 C7 00 00 00 36 01 4C 45
13:58:11.723 R 19FB0200 C8 4C 59 53 54 41 44 40
13:58:11.723 R 19FB0200 C9 40 40 40 40 40 40 40
13:58:11.724 R 19FB0200 CA 40 40 40 40 3E E0 FF
13:58:11.737 R 09F80101 2A 20 50 1F 54 98 3E 03
13:58:11.741 R 09F11273 00 66 20 FF 7F FF 7F FD
13:58:11.741 R 09F10D73 FF F8 FF FF 0C 02 FF FF
13:58:11.742 R 1CFF4F73 3B 9F 00 FF FF 66 20 FF
13:58:11.743 R 1DEFFF73 A0 16 3B 9F F0 81 9C C1
13:58:11.743 R 1DEFFF73 A1 17 03 F0 FF 08 02 F7
13:58:11.745 R 1DEFFF73 A2 FF FF 00 00 00 01 00
13:58:11.745 R 1DEFFF73 A3 00 00 FF FF FF FF FF
13:58:11.771 R 11F80E00 60 1C 03 50 53 8F 0E 71
13:58:11.772 R 11F80E00 61 7A 3B 03 68 D3 4B 1F
13:58:11.772 R 11F80E00 62 2D C5 40 05 00 00 00
13:58:11.773 R 11F80E00 63 08 7D 9D 14 00 C0 F8
13:58:11.774 R 11F80E00 64 FF FF FF FF FF FF FF
13:58:11.777 R 09F50373 00 00 00 FF FF 00 FF FF
13:58:11.778 R 1CFF1A73 3B 9F 00 00 FF FF FF FF
13:58:11.804 R 15FD0773 00 C0 53 7A FF 7F FF FF
13:58:11.813 R 09FD02B1 FF 5E 01 DF 77 FA FF FF
13:58:11.814 R 09FD02B1 FF 5E 01 DF 77 FC FF FF
13:58:11.814 R 09FD02B1 FF 60 01 76 8A F9 FF FF
13:58:11.838 R 09F80201 FF FC 00 00 03 00 FF FF
13:58:11.838 R 0DFE1101 00 0E C0 75 00 00 03 00
13:58:11.839 R 15FD0773 00 C0 53 7A FF 7F FF FF
13:58:11.840 R 0DFE1101 01 FF FF FF FF FB 01 03
13:58:11.840 R 0DFE1101 02 00 FF FF FF FF FF FF
13:58:11.841 R 09F80101 2A 20 50 1F 54 98 3E 03
13:58:11.912 R 09FD02B1 FF 5D 01 D7 77 FA FF FF
13:58:11.913 R 09FD02B1 FF 5D 01 D7 77 FC FF FF
13:58:11.913 R 09FD02B1 FF 5F 01 69 8A F9 FF FF
13:58:11.939 R 0DF90301 FF 7F FF FF FF 7F FF FF
13:58:11.940 R 09F80101 2A 20 50 1F 54 98 3E 03
13:58:11.940 R 1DFFF001 00 0D 3B 9F 90 FF FF FF
13:58:11.941 R 1DFFF001 01 FF FF FF FF FF FD 00
13:58:11.996 R 1CFF7400 3B 9F FD 00 00 FF FF FF
13:58:12.012 R 09FD02B1 FF 5C 01 DC 77 FA FF FF
13:58:12.012 R 09FD02B1 FF 5C 01 DC 77 FC FF FF
13:58:12.013 R 09FD02B1 FF 5F 01 6B 8A F9 FF FF
13:58:12.041 R 09F80201 FF FC 00 00 03 00 FF FF
13:58:12.041 R 09F80101 2A 20 50 1F 54 98 3E 03
13:58:12.042 R 19FA0301 00 DB 3C 00 5A 00 3E 00
13:58:12.043 R 19FA0601 80 0F 79 3E 00 FF FF FF
13:58:12.044 R 19FA0601 81 FF FF FF FF FF FF FF
13:58:12.044 R 19FA0601 82 FF FF FF FF FF FF FF
13:58:12.045 R 19FA0B01 80 0F 79 05 00 FF FF FF
13:58:12.046 R 19FA0B01 81 FF FF FF FF FF FF FF
13:58:12.046 R 19FA0B01 82 FF FF FF FF FF FF FF
13:58:12.111 R 09FD02B1 FF 5B 01 F3 77 FA FF FF
13:58:12.112 R 09FD02B1 FF 5B 01 F3 77 FC FF FF
13:58:12.112 R 09FD02B1 FF 5E 01 7E 8A F9 FF FF
13:58:12.142 R 19FA0401 80 DB 79 FF 12 05 FF 1D
13:58:12.143 R 19FA0401 81 E5 CD A0 0F 00 00 00
13:58:12.144 R 19FA0401 82 00 F5 07 E8 28 22 33
13:58:12.144 R 19FA0401 83 10 0E 00 00 00 00 F5
13:58:12.145 R 19FA0401 84 09 C5 13 AD 3C D8 0E
13:58:12.146 R 19FA0401 85 00 00 00 00 F5 0B 5D
13:58:12.147 R 19FA0401 86 10 AC 96 E4 0C 00 00
13:58:12.147 R 19FA0401 87 00 00 F5 14 0B 11 1F
13:58:12.148 R 19FA0401 88 BA D8 0E 00 00 00 00
13:58:12.149 R 19FA0401 89 F5 15 73 32 B7 A7 3C
13:58:12.149 R 19FA0401 8A 0F 00 00 00 00 F5 1E
13:58:12.150 R 19FA0401 8B FF 2C 66 7B 04 10 00
13:58:12.151 R 19FA0401 8C 00 00 00 F5 44 80 16
13:58:12.151 R 19FA0401 8D B9 3E 48 0D 00 00 00
13:58:12.152 R 19FA0401 8E 00 F5 45 73 32 A3 0D
13:58:12.153 R 19FA0401 8F A0 0F 00 00 00 00 F5
13:58:12.153 R 19FA0401 90 46 DD 17 2B CB A0 0F
13:58:12.154 R 19FA0401 91 00 00 00 00 F5 4E FF
13:58:12.155 R 19FA0401 92 1D D1 24 A0 0F 00 00
13:58:12.156 R 19FA0401 93 00 00 F5 22 C5 13 95
13:58:12.156 R 19FA0401 94 83 80 0C 00 00 00 00
13:58:12.157 R 19FA0401 95 F5 00 A2 3A 08 D4 D8
13:58:12.158 R 19FA0401 96 0E 00 00 00 00 F5 00
13:58:12.158 R 19FA0401 97 39 28 FD B3 E4 0C 00
13:58:12.159 R 19FA0401 98 00 00 00 F5 00 BA 11
13:58:12.160 R 19FA0401 99 66 8A 48 0D 00 00 00
13:58:12.160 R 19FA0401 9A 00 F5 00 2E 17 7F 34
13:58:12.161 R 19FA0401 9B B8 0B 00 00 00 00 F5
13:58:12.162 R 19FA0401 9C 00 51 2C D1 33 48 0D
13:58:12.163 R 19FA0401 9D 00 00 00 00 F5 00 3A
13:58:12.163 R 19FA0401 9E 19 88 CC AC 0D 00 00
13:58:12.164 R 19FA0401 9F 00 00 F5 FF FF FF FF
13:58:12.165 R 09F80101 2A 20 50 1F 54 98 3E 03
13:58:12.165 R 19F11A01 FF FF FF FF FB 01 FF FF
13:58:12.166 R 1CFF1F01 3B 9F FF FB 01 FF FF FF
13:58:12.192 R 11F80F00 60 1B 12 7C 13 8D 0E E7
13:58:12.193 R 11F80F00 61 97 3E 03 DD 1F 50 1F
13:58:12.193 R 11F80F00 62 33 FF FF 00 00 00 00
13:58:12.194 R 11F80F00 63 20 FF FF 00 70 FE FF
13:58:12.199 R 0DF50B73 00 F7 01 00 00 FF FF FF
13:58:12.210 R 09FD02B1 FF 5B 01 15 78 FA FF FF
13:58:12.211 R 09FD02B1 FF 5B 01 15 78 FC FF FF
13:58:12.212 R 09FD02B1 FF 5D 01 9B 8A F9 FF FF
13:58:12.221 R 19F51373 C0 0E FF FF FF FF FF FF
13:58:12.221 R 19F51373 C1 86 85 B0 00 00 00 00
13:58:12.222 R 19F51373 C2 00 FF FF FF FF FF FF
13:58:12.223 R 1DFF6773 E0 0B 3B 9F 03 00 04 B4
13:58:12.223 R 1DFF6773 E1 6E 11 19 09 09 FF FF
13:58:12.224 R 1DFF6773 00 0B 3B 9F 03 02 04 B4
13:58:12.224 R 1DFF6773 01 6E 11 19 09 09 FF FF
13:58:12.244 R 09F80201 FF FC 00 00 03 00 FF FF
13:58:12.245 R 09F80101 2A 20 50 1F 54 98 3E 03
13:58:12.310 R 09FD02B1 FF 5A 01 38 78 FA FF FF
13:58:12.310 R 09FD02B1 FF 5A 01 38 78 FC FF FF
13:58:12.311 R 09FD02B1 FF 5C 01 BB 8A F9 FF FF
13:58:12.342 R 1CFFF001 3B 9F 8C FF 92 1C B6 64
13:58:12.345 R 0DF80501 A0 2B 7A E4 50 34 62 AF
13:58:12.346 R 0DF80501 A1 19 00 EE 3F 7C 52 66
13:58:12.346 R 0DF80501 A2 4A 07 00 48 BA 62 52
13:58:12.347 R 0DF80501 A3 63 C1 00 20 FB 69 02
13:58:12.348 R 0DF80501 A4 00 00 00 00 23 FC 14
13:58:12.349 R 0DF80501 A5 3C 00 FF 7F EE 11 00
13:58:12.349 R 0DF80501 A6 00 00 FF FF FF FF FF
13:58:12.350 R 09F80101 2B 20 50 1F 54 98 3E 03
13:58:12.350 R 0DF80901 E4 50 34 62 AF 19 78 00
13:58:12.360 R 1DEFFF73 20 16 3B 9F F0 81 84 86
13:58:12.361 R 1DEFFF73 21 17 60 42 00 03 00 06
13:58:12.361 R 1DEFFF73 22 FF FF 00 00 00 01 00
13:58:12.363 R 1DEFFF73 23 00 00 FF FF FF FF FF
13:58:12.364 R 09F11273 00 0E 20 FF 7F FF 7F FD
13:58:12.364 R 09F10D73 FF F8 FF FF 0C 02 FF FF
13:58:12.365 R 1CFF0873 3B 9F 00 00 14 00 FF FF
13:58:12.366 R 1CFF4F73 3B 9F 00 FF FF 0E 20 FF
13:58:12.366 R 1CFF5073 3B 9F 00 FF FF BD 20 FF
13:58:12.408 R 09FD02B1 FF 59 01 59 78 FA FF FF
13:58:12.409 R 09FD02B1 FF 59 01 59 78 FC FF FF
13:58:12.409 R 09FD02B1 FF 5C 01 DA 8A F9 FF FF
13:58:12.412 R 11F80E00 80 1C 01 8D D5 95 0E 49
13:58:12.413 R 11F80E00 81 47 46 03 D2 D0 56 1F
13:58:12.413 R 11F80E00 82 33 49 94 91 01 15 C1
13:58:12.414 R 11F80E00 83 09 43 93 00 00 C0 F8
13:58:12.415 R 11F80E00 84 FF FF FF FF FF FF FF
13:58:12.445 R 09F80201 FF FC 00 00 03 00 FF FF
13:58:12.446 R 09F80101 2B 20 50 1F 54 98 3E 03
13:58:12.434 R 0DF01001 FF FF E4 50 34 62 AF 19
13:58:12.449 R 09F50373 00 00 00 FF FF 00 FF FF
13:58:12.489 R 1CFF1A73 3B 9F 00 00 FF FF FF FF
13:58:12.489 R 09F50373 00 00 00 FF FF 00 FF FF
13:58:12.496 R 09FD02B1 FF 58 01 77 78 FA FF FF
13:58:12.496 R 09FD02B1 FF 58 01 77 78 FC FF FF
13:58:12.497 R 09FD02B1 FF 5B 01 F3 8A F9 FF FF
13:58:12.534 R 09F80101 2B 20 50 1F 54 98 3E 03
13:58:12.579 R 15FD0773 00 C0 53 7A FF 7F FF FF
13:58:12.595 R 09FD02B1 FF 58 01 8A 78 FA FF FF
13:58:12.596 R 09FD02B1 FF 58 01 8A 78 FC FF FF
13:58:12.596 R 09FD02B1 FF 5B 01 04 8B F9 FF FF
13:58:12.609 R 15FD0773 00 C0 53 7A FF 7F FF FF
13:58:12.635 R 09F80201 FF FC 00 00 03 00 FF FF
13:58:12.636 R 09F80101 2B 20 50 1F 54 98 3E 03
13:58:12.636 R 0DF90B01 FF FC FB 01 03 00 FF FF
13:58:12.694 R 09FD02B1 FF 58 01 96 78 FA FF FF
13:58:12.696 R 09FD02B1 FF 58 01 96 78 FC FF FF
13:58:12.697 R 09FD02B1 FF 5A 01 0C 8B F9 FF FF
13:58:12.737 R 09F80101 2B 20 50 1F 54 98 3E 03
13:58:12.751 R 11F80E00 A0 1C 01 E4 71 96 0E BF
13:58:12.751 R 11F80E00 A1 53 3D 03 DE 28 4E 1F
13:58:12.752 R 11F80E00 A2 33 FF FF 00 00 E5 40
13:58:12.752 R 11F80E00 A3 09 07 F2 00 00 CF F8
13:58:12.753 R 11F80E00 A4 FF FF FF FF FF FF FF
13:58:12.777 R 11F80F00 80 1B 12 A0 DD 8B 0E 80
13:58:12.777 R 11F80F00 81 9D 3E 03 6A 03 50 1F
13:58:12.778 R 11F80F00 82 33 FF FF 00 00 06 00
13:58:12.779 R 11F80F00 83 06 FF FF 00 74 FF FF
13:58:12.794 R 09FD02B1 FF 57 01 9C 78 FA FF FF
13:58:12.794 R 09FD02B1 FF 57 01 9C 78 FC FF FF
13:58:12.795 R 09FD02B1 FF 5A 01 0E 8B F9 FF FF
13:58:12.804 R 11F80F00 A0 1B 12 1B 75 8B 0E 8E
13:58:12.804 R 11F80F00 A1 FF 37 03 74 28 4A 1F
13:58:12.805 R 11F80F00 A2 32 6B C1 0A 00 06 00
13:58:12.805 R 11F80F00 A3 06 FF FF 00 74 FF FF
13:58:12.811 R 1CFF4F73 3B 9F 00 FF FF 66 20 FF
13:58:12.812 R 1DEFFF73 40 16 3B 9F F0 81 9C C1
13:58:12.813 R 1DEFFF73 41 17 02 45 05 67 EB 00
13:58:12.814 R 1DEFFF73 42 00 00 00 00 00 01 00
13:58:12.815 R 1DEFFF73 43 00 00 FF FF FF FF FF
13:58:12.815 R 09F11273 00 66 20 FF 7F FF 7F FD
13:58:12.816 R 09F10D73 FF F8 FF FF 5D 01 FF FF
13:58:12.837 R 09F80201 FF FC 00 00 03 00 FF FF
13:58:12.838 R 0DFE1101 20 0E C0 76 00 00 03 00
13:58:12.839 R 0DFE1101 21 FF FF FF FF FB 01 03
13:58:12.840 R 0DFE1101 22 00 FF FF FF FF FF FF
13:58:12.840 R 09F80101 2B 20 50 1F 54 98 3E 03
13:58:12.856 R 1DEFFF73 60 16 3B 9F F0 81 86 41
13:58:12.857 R 1DEFFF73 61 02 FD 45 05 67 EB 00
13:58:12.857 R 1DEFFF73 62 00 00 00 00 00 01 00
13:58:12.858 R 1DEFFF73 63 00 00 FF FF FF FF FF
13:58:12.893 R 09FD02B1 FF 57 01 9B 78 FA FF FF
13:58:12.894 R 09FD02B1 FF 57 01 9B 78 FC FF FF
13:58:12.894 R 09FD02B1 FF 59 01 0B 8B F9 FF FF
13:58:12.916 R 09F11273 00 0E 20 FF 7F FF 7F FD
13:58:12.916 R 09F10D73 FF F8 FF FF 0C 02 FF FF
13:58:12.917 R 1CFF0873 3B 9F 00 00 14 00 FF FF
13:58:12.918 R 1CFF4F73 3B 9F 00 FF FF 0E 20 FF
13:58:12.918 R 1DEFFF73 80 16 3B 9F F0 81 84 86
13:58:12.919 R 1DEFFF73 81 17 00 40 00 03 00 06
13:58:12.919 R 1DEFFF73 82 00 00 00 00 00 01 00
13:58:12.920 R 1DEFFF73 83 00 00 FF FF FF FF FF
13:58:12.936 R 11F80E00 C0 1C 03 C2 FB 95 0E AF
13:58:12.936 R 11F80E00 C1 08 3D 03 4E 8B 4E 1F
13:58:12.937 R 11F80E00 C2 37 00 00 00 00 0A 50
13:58:12.938 R 11F80E00 C3 09 FF FF FF 7F C5 F8
13:58:12.938 R 11F80E00 C4 FF FF FF FF FF FF FF
13:58:12.939 R 0DF90301 FF 7F FF FF FF 7F FF FF
13:58:12.940 R 09F80101 2B 20 50 1F 54 98 3E 03
13:58:12.940 R 1DFFF001 20 0D 3B 9F 90 FF FF FF
13:58:12.941 R 1DFFF001 21 FF FF FF FF FF F9 00
13:58:12.964 R 11F80F00 C0 1B 12 A0 EB 99 0C CF
13:58:12.965 R 11F80F00 C1 F4 44 03 9E 89 54 1F
13:58:12.966 R 11F80F00 C2 30 60 B3 34 01 06 00
13:58:12.966 R 11F80F00 C3 0E FF FF 00 74 FF FF
13:58:12.989 R 11F80E00 E0 1C 01 90 73 8B 0E CF
13:58:12.990 R 11F80E00 E1 56 3D 03 63 1E 4E 1F
13:58:12.991 R 11F80E00 E2 37 FF FF 00 00 F2 01
13:58:12.991 R 11F80E00 E3 01 FF FF FF 7F C0 F8
13:58:12.992 R 11F80E00 E4 FF FF FF FF FF FF FF
13:58:12.993 R 09FD02B1 FF 56 01 9C 78 FA FF FF
13:58:12.993 R 09FD02B1 FF 56 01 9C 78 FC FF FF
13:58:12.994 R 09FD02B1 FF 59 01 0A 8B F9 FF FF
13:58:13.041 R 09F80201 FF FC 00 00 03 00 FF FF
13:58:13.041 R 09F80101 2B 20 50 1F 54 98 3E 03
13:58:13.042 R 19FA0301 00 DB 3C 00 5A 00 3E 00
13:58:13.043 R 19FA0601 A0 0F 7A 3E 00 FF FF FF
13:58:13.043 R 19FA0601 A1 FF FF FF FF FF FF FF
13:58:13.044 R 19FA0601 A2 FF FF FF FF FF FF FF
13:58:13.045 R 19FA0B01 A0 0F 7A 05 00 FF FF FF
13:58:13.046 R 19FA0B01 A1 FF FF FF FF FF FF FF
13:58:13.046 R 19FA0B01 A2 FF FF FF FF FF FF FF
13:58:13.092 R 09FD02B1 FF 56 01 AA 78 FA FF FF
13:58:13.093 R 09FD02B1 FF 56 01 AA 78 FC FF FF
13:58:13.093 R 09FD02B1 FF 58 01 13 8B F9 FF FF
13:58:13.142 R 19FA0401 A0 DB 7A FF 12 05 FF 1D
13:58:13.143 R 19FA0401 A1 E5 CD A0 0F 00 00 00
13:58:13.144 R 19FA0401 A2 00 F5 07 E8 28 22 33
13:58:13.144 R 19FA0401 A3 10 0E 00 00 00 00 F5
13:58:13.145 R 19FA0401 A4 09 C5 13 AD 3C 74 0E
13:58:13.146 R 19FA0401 A5 00 00 00 00 F5 0B 5D
13:58:13.147 R 19FA0401 A6 10 AC 96 E4 0C 00 00
13:58:13.147 R 19FA0401 A7 00 00 F5 14 0B 11 1F
13:58:13.148 R 19FA0401 A8 BA D8 0E 00 00 00 00
13:58:13.149 R 19FA0401 A9 F5 15 73 32 B7 A7 3C
13:58:13.149 R 19FA0401 AA 0F 00 00 00 00 F5 1E
13:58:13.150 R 19FA0401 AB FF 2C 66 7B A0 0F 00
13:58:13.151 R 19FA0401 AC 00 00 00 F5 44 80 16
13:58:13.152 R 19FA0401 AD B9 3E AC 0D 00 00 00
13:58:13.152 R 19FA0401 AE 00 F5 45 73 32 A3 0D
13:58:13.153 R 19FA0401 AF A0 0F 00 00 00 00 F5
13:58:13.154 R 19FA0401 B0 46 DD 17 2B CB A0 0F
13:58:13.155 R 19FA0401 B1 00 00 00 00 F5 4E FF
13:58:13.155 R 19FA0401 B2 1D D1 24 A0 0F 00 00
13:58:13.156 R 19FA0401 B3 00 00 F5 22 C5 13 95
13:58:13.157 R 19FA0401 B4 83 E4 0C 00 00 00 00
13:58:13.158 R 19FA0401 B5 F5 00 A2 3A 08 D4 D8
13:58:13.158 R 19FA0401 B6 0E 00 00 00 00 F5 00
13:58:13.159 R 19FA0401 B7 39 28 FD B3 E4 0C 00
13:58:13.160 R 19FA0401 B8 00 00 00 F5 00 BA 11
13:58:13.160 R 19FA0401 B9 66 8A 48 0D 00 00 00
13:58:13.161 R 19FA0401 BA 00 F5 00 2E 17 7F 34
13:58:13.162 R 19FA0401 BB B8 0B 00 00 00 00 F5
13:58:13.162 R 19FA0401 BC 00 51 2C D1 33 AC 0D
13:58:13.163 R 19FA0401 BD 00 00 00 00 F5 00 3A
13:58:13.164 R 19FA0401 BE 19 88 CC 10 0E 00 00
13:58:13.165 R 19FA0401 BF 00 00 F5 FF FF FF FF
13:58:13.165 R 09F80101 2B 20 50 1F 54 98 3E 03
13:58:13.166 R 19F11A01 FF FF FF FF FB 01 FF FF
13:58:13.170 R 0DF50B73 00 F4 01 00 00 FF FF FF
13:58:13.177 R 11F80E00 00 1C 01 1B E7 96 0E 06
13:58:13.178 R 11F80E00 01 23 33 03 E6 44 57 1F
13:58:13.178 R 11F80E00 02 34 FF FF 00 00 21 41
13:58:13.179 R 11F80E00 03 01 FF FF FF 7F C0 F8
13:58:13.179 R 11F80E00 04 FF FF FF FF FF FF FF
13:58:13.183 R 11F80F00 E0 1B 12 7C 13 8D 0E F7
13:58:13.184 R 11F80F00 E1 97 3E 03 DD 1F 50 1F
13:58:13.184 R 11F80F00 E2 37 FF FF 00 00 00 00
13:58:13.185 R 11F80F00 E3 20 FF FF 00 70 FE FF
13:58:13.191 R 09FD02B1 FF 55 01 C2 78 FA FF FF
13:58:13.193 R 09FD02B1 FF 55 01 C2 78 FC FF FF
13:58:13.194 R 09FD02B1 FF 58 01 27 8B F9 FF FF
13:58:13.204 R 11F80E00 20 1C 01 CA 71 96 0E 6D
13:58:13.204 R 11F80E00 21 37 3D 03 78 F0 4F 1F
13:58:13.205 R 11F80E00 22 34 00 00 00 00 B4 08
13:58:13.205 R 11F80E00 23 08 FF FF FF 7F C0 F8
13:58:13.206 R 11F80E00 24 FF FF FF FF FF FF FF
13:58:13.211 R 19F51373 A0 0E FF FF FF FF FF FF
13:58:13.212 R 19F51373 A1 86 85 B0 00 00 00 00
13:58:13.213 R 19F51373 A2 00 FF FF FF FF FF FF
13:58:13.213 R 1DFF6773 C0 0B 3B 9F 03 00 04 B4
13:58:13.214 R 1DFF6773 C1 6E 11 19 09 09 FF FF
13:58:13.214 R 1DFF6773 E0 0B 3B 9F 03 02 04 B4
13:58:13.215 R 1DFF6773 E1 6E 11 19 09 09 FF FF
13:58:13.244 R 09F80201 FF FC 00 00 03 00 FF FF
13:58:13.244 R 09F80101 2B 20 50 1F 53 98 3E 03
13:58:13.291 R 09FD02B1 FF 54 01 E2 78 FA FF FF
13:58:13.292 R 09FD02B1 FF 54 01 E2 78 FC FF FF
13:58:13.292 R 09FD02B1 FF 57 01 43 8B F9 FF FF
13:58:13.339 R 1CFFF001 3B 9F 8C FF A8 1C 76 64
13:58:13.345 R 0DF80501 C0 2B 7B E4 50 E6 87 AF
13:58:13.346 R 0DF80501 C1 19 00 B8 DA B7 52 66
13:58:13.346 R 0DF80501 C2 4A 07 00 7E 1F 27 52
13:58:13.347 R 0DF80501 C3 63 C1 00 20 FB 69 02
13:58:13.348 R 0DF80501 C4 00 00 00 00 23 FC 14
13:58:13.348 R 0DF80501 C5 3C 00 FF 7F EE 11 00
13:58:13.349 R 0DF80501 C6 00 00 FF FF FF FF FF
13:58:13.350 R 09F80101 2C 20 50 1F 53 98 3E 03
13:58:13.350 R 0DF80901 E4 50 E6 87 AF 19 78 00
13:58:13.389 R 09FD02B1 FF 54 01 05 79 FA FF FF
13:58:13.391 R 09FD02B1 FF 54 01 05 79 FC FF FF
13:58:13.392 R 09FD02B1 FF 56 01 62 8B F9 FF FF
13:58:13.446 R 09F80201 FF FC 00 00 03 00 FF FF
13:58:13.447 R 09F80101 2C 20 50 1F 53 98 3E 03
13:58:13.500 R 0DF01001 FF FF E4 50 D8 8B AF 19
13:58:13.541 R 09FD02B1 FF 53 01 24 79 FA FF FF
13:58:13.541 R 09FD02B1 FF 53 01 24 79 FC FF FF
13:58:13.542 R 09FD02B1 FF 56 01 7E 8B F9 FF FF
13:58:13.564 R 1DEFFF73 00 16 3B 9F F0 81 9C C1
13:58:13.565 R 1DEFFF73 01 17 02 01 FF 08 02 F7
13:58:13.565 R 1DEFFF73 02 FF FF 00 00 00 01 00
13:58:13.566 R 1DEFFF73 03 00 00 FF FF FF FF FF
13:58:13.567 R 09F11273 00 66 20 FF 7F FF 7F FD
13:58:13.568 R 09F10D73 FF F8 FF FF 5D 01 FF FF
13:58:13.569 R 1CFF4F73 3B 9F 00 FF FF 66 20 FF
13:58:13.577 R 11F80F00 00 1B 12 8C A7 AA 0E A3
13:58:13.578 R 11F80F00 01 0C 45 03 5E 56 55 1F
13:58:13.578 R 11F80F00 02 34 40 0E B9 00 FF C0
13:58:13.579 R 11F80F00 03 00 FF FF 00 70 FE FF
13:58:13.599 R 09F80101 2C 20 50 1F 53 98 3E 03
13:58:13.603 R 11F80E00 40 1C 01 80 8A 94 0E B9
13:58:13.603 R 11F80E00 41 23 3B 03 30 B0 4B 1F
13:58:13.604 R 11F80E00 42 35 20 9C 00 00 07 82
13:58:13.605 R 09F50373 00 00 00 FF FF 00 FF FF
13:58:13.605 R 11F80E00 43 09 C2 9A 00 00 C0 F8
13:58:13.606 R 11F80E00 44 FF FF FF FF FF FF FF
13:58:13.640 R 09FD02B1 FF 53 01 31 79 FA FF FF
13:58:13.641 R 09FD02B1 FF 53 01 31 79 FC FF FF
13:58:13.641 R 09FD02B1 FF 55 01 89 8B F9 FF FF
13:58:13.645 R 1CFF1A73 3B 9F 00 00 FF FF FF FF
13:58:13.646 R 09F50373 00 00 00 FF FF 00 FF FF
13:58:13.670 R 15FD0773 00 C0 53 7A FF 7F FF FF
13:58:13.700 R 09F80201 FF FC 00 00 03 00 FF FF
13:58:13.700 R 09F80101 2C 20 50 1F 53 98 3E 03
13:58:13.701 R 0DF90B01 FF FC FB 01 03 00 FF FF
13:58:13.726 R 1DEFFF73 20 16 3B 9F F0 81 90 00
13:58:13.726 R 1DEFFF73 21 03 00 00 00 49 02 F7
13:58:13.727 R 1DEFFF73 22 FF FF 00 00 00 01 00
13:58:13.727 R 1DEFFF73 23 00 00 FF FF FF FF FF
13:58:13.740 R 09FD02B1 FF 52 01 29 79 FA FF FF
13:58:13.741 R 09FD02B1 FF 52 01 29 79 FC FF FF
13:58:13.742 R 09FD02B1 FF 55 01 7D 8B F9 FF FF
13:58:13.800 R 15FD0773 00 C0 53 7A FF 7F FF FF
13:58:13.801 R 09F80101 2C 20 50 1F 53 98 3E 03
13:58:13.839 R 09FD02B1 FF 52 01 17 79 FA FF FF
13:58:13.840 R 09FD02B1 FF 52 01 17 79 FC FF FF
13:58:13.840 R 09FD02B1 FF 55 01 69 8B F9 FF FF
13:58:13.902 R 09F80201 FF FC 00 00 03 00 FF FF
13:58:13.903 R 0DFE1101 40 0E C0 77 00 00 03 00
13:58:13.904 R 0DFE1101 41 FF FF FF FF FB 01 03
13:58:13.904 R 0DFE1101 42 00 FF FF FF FF FF FF
13:58:13.905 R 09F80101 2C 20 50 1F 53 98 3E 03
13:58:13.938 R 09FD02B1 FF 52 01 14 79 FA FF FF
13:58:13.939 R 09FD02B1 FF 52 01 14 79 FC FF FF
13:58:13.939 R 09FD02B1 FF 55 01 63 8B F9 FF FF
13:58:13.951 R 11F80E00 60 1C 01 C9 D4 95 0E 2E
13:58:13.952 R 11F80E00 61 3C 3D 03 D0 F2 4F 1F
13:58:13.952 R 11F80E00 62 37 ED 4D 00 00 14 02
13:58:13.953 R 11F80E00 63 01 FF FF FF 7F D0 F8
13:58:13.953 R 11F80E00 64 FF FF FF FF FF FF FF
13:58:13.999 R 1CFF4F73 3B 9F 00 FF FF 0E 20 FF
13:58:13.999 R 1DEFFF73 40 16 3B 9F F0 81 84 86
13:58:14.000 R 1DEFFF73 41 17 00 40 00 03 00 06
13:58:14.000 R 1DEFFF73 42 FF FF 00 00 00 01 00
13:58:14.001 R 1DEFFF73 43 00 00 FF FF FF FF FF
13:58:14.002 R 09F11273 00 0E 20 FF 7F FF 7F FD
13:58:14.002 R 09F10D73 FF F8 FF FF 0C 02 FF FF
13:58:14.003 R 1CFF0873 3B 9F 00 00 14 00 FF FF
13:58:14.006 R 0DF90301 FF 7F FF FF FF 7F FF FF
13:58:14.007 R 09F80101 2C 20 50 1F 53 98 3E 03
13:58:14.007 R 1DFFF001 40 0D 3B 9F 90 FF FF FF
13:58:14.008 R 1DFFF001 41 FF FF FF FF FF F6 00
13:58:14.038 R 09FD02B1 FF 52 01 26 79 FA FF FF
13:58:14.038 R 09FD02B1 FF 52 01 26 79 FC FF FF
13:58:14.039 R 09FD02B1 FF 54 01 72 8B F9 FF FF
13:58:14.107 R 09F80201 FF FC 00 00 03 00 FF FF
13:58:14.108 R 09F80101 2C 20 50 1F 53 98 3E 03
13:58:14.108 R 19FA0301 00 DB 3C 00 5A 00 3E 00
13:58:14.109 R 19FA0601 C0 0F 7B 3E 00 FF FF FF
13:58:14.110 R 19FA0601 C1 FF FF FF FF FF FF FF
13:58:14.110 R 19FA0601 C2 FF FF FF FF FF FF FF
13:58:14.111 R 19FA0B01 C0 0F 7B 06 00 FF FF FF
13:58:14.112 R 19FA0B01 C1 FF FF FF FF FF FF FF
13:58:14.112 R 19FA0B01 C2 FF FF FF FF FF FF FF
13:58:14.137 R 09FD02B1 FF 51 01 42 79 FA FF FF
13:58:14.138 R 09FD02B1 FF 51 01 42 79 FC FF FF
13:58:14.138 R 09FD02B1 FF 54 01 8B 8B F9 FF FF
13:58:14.208 R 19FA0401 C0 DB 7B FF 12 05 FF 1D
13:58:14.209 R 19FA0401 C1 E5 CD A0 0F 00 00 00
13:58:14.209 R 19FA0401 C2 00 F5 07 E8 28 22 33
13:58:14.210 R 19FA0401 C3 10 0E 00 00 00 00 F5
13:58:14.211 R 19FA0401 C4 09 C5 13 AD 3C 74 0E
13:58:14.211 R 19FA0401 C5 00 00 00 00 F5 0B 5D
13:58:14.212 R 19FA0401 C6 10 AC 96 E4 0C 00 00
13:58:14.213 R 19FA0401 C7 00 00 F5 14 0B 11 1F
13:58:14.213 R 19FA0401 C8 BA D8 0E 00 00 00 00
13:58:14.214 R 19FA0401 C9 F5 15 73 32 B7 A7 3C
13:58:14.215 R 19FA0401 CA 0F 00 00 00 00 F5 1E
13:58:14.215 R 19FA0401 CB FF 2C 66 7B A0 0F 00
13:58:14.216 R 19FA0401 CC 00 00 00 F5 44 80 16
13:58:14.217 R 19FA0401 CD B9 3E AC 0D 00 00 00
13:58:14.217 R 19FA0401 CE 00 F5 45 73 32 A3 0D
13:58:14.218 R 19FA0401 CF A0 0F 00 00 00 00 F5
13:58:14.219 R 19FA0401 D0 46 8B 18 2B CB A0 0F
13:58:14.219 R 19FA0401 D1 00 00 00 00 F5 4E FF
13:58:14.220 R 19FA0401 D2 1D D1 24 3C 0F 00 00
13:58:14.221 R 19FA0401 D3 00 00 F5 22 C5 13 95
13:58:14.221 R 19FA0401 D4 83 E4 0C 00 00 00 00
13:58:14.222 R 19FA0401 D5 F5 00 A2 3A 08 D4 D8
13:58:14.223 R 19FA0401 D6 0E 00 00 00 00 F5 00
13:58:14.223 R 19FA0401 D7 39 28 FD B3 E4 0C 00
13:58:14.224 R 19FA0401 D8 00 00 00 F5 00 BA 11
13:58:14.225 R 19FA0401 D9 66 8A 48 0D 00 00 00
13:58:14.225 R 0DF50B73 00 F4 01 00 00 FF FF FF
13:58:14.226 R 19FA0401 DA 00 F5 00 2E 17 7F 34
13:58:14.226 R 19FA0401 DB 54 0B 00 00 00 00 F5
13:58:14.227 R 19FA0401 DC 00 51 2C D1 33 AC 0D
13:58:14.228 R 19FA0401 DD 00 00 00 00 F5 00 3A
13:58:14.228 R 19FA0401 DE 19 88 CC 10 0E 00 00
13:58:14.229 R 19FA0401 DF 00 00 F5 FF FF FF FF
13:58:14.230 R 09F80101 2C 20 50 1F 53 98 3E 03
13:58:14.231 R 19F11A01 FF FF FF FF FB 01 FF FF
13:58:14.236 R 09FD02B1 FF 51 01 56 79 FA FF FF
13:58:14.237 R 09FD02B1 FF 51 01 56 79 FC FF FF
13:58:14.238 R 09FD02B1 FF 54 01 9D 8B F9 FF FF
13:58:14.239 R 11F80F00 20 1B 12 7C 13 8D 0E F7
13:58:14.239 R 11F80F00 21 97 3E 03 DD 1F 50 1F
13:58:14.240 R 11F80F00 22 3B FF FF 00 00 00 00
13:58:14.240 R 11F80F00 23 20 FF FF 00 70 FE FF
13:58:14.266 R 19F51373 60 0E FF FF FF FF FF FF
13:58:14.266 R 19F51373 61 86 85 B0 00 00 00 00
13:58:14.267 R 19F51373 62 00 FF FF FF FF FF FF
13:58:14.268 R 1DFF6773 80 0B 3B 9F 03 00 04 B4
13:58:14.268 R 1DFF6773 81 6E 11 19 09 09 FF FF
13:58:14.269 R 1DFF6773 A0 0B 3B 9F 03 02 04 B4
13:58:14.270 R 1DFF6773 A1 6E 11 19 09 09 FF FF
13:58:14.272 R 1DEFFF73 C0 16 3B 9F F0 81 90 00
13:58:14.273 R 1DEFFF73 C1 05 A4 00 00 03 00 06
13:58:14.273 R 1DEFFF73 C2 00 00 00 00 00 01 00
13:58:14.274 R 1DEFFF73 C3 00 00 FF FF FF FF FF
13:58:14.309 R 09F80201 FF FC 00 00 03 00 FF FF
13:58:14.310 R 09F80101 2C 20 50 1F 53 98 3E 03
13:58:14.336 R 09FD02B1 FF 51 01 5C 79 FA FF FF
13:58:14.337 R 09FD02B1 FF 51 01 5C 79 FC FF FF
13:58:14.337 R 09FD02B1 FF 54 01 A2 8B F9 FF FF
13:58:14.354 R 19FB0200 E0 4C 05 C2 FB 95 0E 00
13:58:14.355 R 19FB0200 E1 00 00 00 50 48 38 32
13:58:14.355 R 19FB0200 E2 36 31 40 54 41 4C 45
13:58:14.356 R 19FB0200 E3 52 4E 41 40 40 40 40
13:58:14.356 R 19FB0200 E4 40 40 40 40 40 40 40
13:58:14.357 R 19FB0200 E5 40 40 4F BC 02 50 00
13:58:14.358 R 19FB0200 E6 1E 00 58 02 FF FF FF
13:58:14.358 R 19FB0200 E7 FF FF FF 14 00 5A 57
13:58:14.359 R 19FB0200 E8 4F 4C 4C 45 40 40 40
13:58:14.359 R 19FB0200 E9 40 40 40 40 40 40 40
13:58:14.360 R 19FB0200 EA 40 40 40 40 3D E0 FF
13:58:14.381 R 19FB0200 00 4C 05 90 73 8B 0E 00
13:58:14.381 R 19FB0200 01 00 00 00 50 44 36 31
13:58:14.382 R 19FB0200 02 34 34 40 43 41 50 45
13:58:14.383 R 19FB0200 03 4C 4C 41 20 40 40 40
13:58:14.383 R 19FB0200 04 40 40 40 40 40 40 40
13:58:14.384 R 19FB0200 05 40 40 00 52 03 64 00
13:58:14.384 R 19FB0200 06 28 00 EE 02 86 51 80
13:58:14.385 R 19FB0200 07 5C 41 1E 18 01 49 4A
13:58:14.385 R 19FB0200 08 53 53 45 4C 4D 45 45
13:58:14.386 R 19FB0200 09 52 40 40 40 40 40 40
13:58:14.387 R 19FB0200 0A 40 40 40 40 3E E1 FF
13:58:14.387 R 1CFFF001 3B 9F 8C FF B8 1C 46 64
13:58:14.410 R 0DF80501 E0 2B 7C E4 50 F6 AE AF
13:58:14.411 R 0DF80501 E1 19 00 82 75 F3 52 66
13:58:14.411 R 0DF80501 E2 4A 07 00 7E 1F 27 52
13:58:14.412 R 0DF80501 E3 63 C1 00 C0 81 6B 02
13:58:14.413 R 0DF80501 E4 00 00 00 00 23 FC 14
13:58:14.413 R 0DF80501 E5 3C 00 FF 7F EE 11 00
13:58:14.414 R 0DF80501 E6 00 00 FF FF FF FF FF
13:58:14.415 R 09F80101 2D 20 50 1F 53 98 3E 03
13:58:14.416 R 0DF80901 E4 50 F6 AE AF 19 78 00
13:58:14.435 R 09FD02B1 FF 52 01 57 79 FA FF FF
13:58:14.436 R 09FD02B1 FF 52 01 57 79 FC FF FF
13:58:14.436 R 09FD02B1 FF 54 01 9A 8B F9 FF FF
13:58:14.464 R 09F50373 00 00 00 FF FF 00 FF FF
13:58:14.511 R 09F80201 FF FC 00 00 03 00 FF FF
13:58:14.512 R 09F80101 2D 20 50 1F 53 98 3E 03
13:58:14.500 R 0DF01001 FF FF E4 50 E8 B2 AF 19
13:58:14.502 R 11F80E00 80 1C 01 FF 49 96 0E 1A
13:58:14.503 R 11F80E00 81 9F 1B 03 72 4A 56 1F
13:58:14.503 R 11F80E00 82 3B A5 BF F1 00 FD 41
13:58:14.504 R 11F80E00 83 09 FF FF FF 7F C8 F8
13:58:14.505 R 11F80E00 84 FF FF FF FF FF FF FF
13:58:14.523 R 09FD02B1 FF 52 01 55 79 FA FF FF
13:58:14.524 R 09FD02B1 FF 52 01 55 79 FC FF FF
13:58:14.525 R 09FD02B1 FF 54 01 96 8B F9 FF FF
13:58:14.576 R 1CFF1A73 3B 9F 00 00 FF FF FF FF
13:58:14.577 R 09F50373 00 00 00 FF FF 00 FF FF
13:58:14.600 R 09F80101 2D 20 50 1F 53 98 3E 03
13:58:14.602 R 15FD0773 00 C0 53 7A FF 7F FF FF
13:58:14.622 R 09FD02B1 FF 52 01 5D 79 FA FF FF
13:58:14.623 R 09FD02B1 FF 52 01 5D 79 FC FF FF
13:58:14.623 R 09FD02B1 FF 55 01 9F 8B F9 FF FF
13:58:14.634 R 1CFF4F73 3B 9F 00 FF FF 66 20 FF
13:58:14.635 R 1DEFFF73 E0 16 3B 9F F0 81 9C C1
13:58:14.636 R 1DEFFF73 E1 17 03 00 00 49 02 F7
13:58:14.636 R 1DEFFF73 E2 FF FF 00 00 00 01 00
13:58:14.637 R 1DEFFF73 E3 00 00 FF FF FF FF FF
13:58:14.637 R 09F11273 00 66 20 FF 7F FF 7F FD
13:58:14.638 R 09F10D73 FF F8 FF FF 0C 02 FF FF
13:58:14.700 R 09F80201 FF FC 00 00 03 00 FF FF
13:58:14.701 R 09F80101 2D 20 50 1F 53 98 3E 03
13:58:14.702 R 0DF90B01 FF FC FB 01 03 00 FF FF
13:58:14.721 R 09FD02B1 FF 53 01 6E 79 FA FF FF
13:58:14.722 R 09FD02B1 FF 53 01 6E 79 FC FF FF
13:58:14.723 R 09FD02B1 FF 55 01 AF 8B F9 FF FF
13:58:14.734 R 15FD0773 00 C0 53 7A FF 7F FF FF
13:58:14.801 R 09F80101 2D 20 50 1F 53 98 3E 03
13:58:14.821 R 09FD02B1 FF 53 01 78 79 FA FF FF
13:58:14.823 R 09FD02B1 FF 53 01 78 79 FC FF FF
13:58:14.823 R 09FD02B1 FF 56 01 BA 8B F9 FF FF
13:58:14.824 R 11F80F00 40 1B 12 2C 88 94 0E D7
13:58:14.825 R 11F80F00 41 4D 48 03 C6 9B 5B 1F
13:58:14.826 R 11F80F00 42 3B 9B 63 68 01 06 00
13:58:14.826 R 11F80F00 43 0E FF FF 00 74 FF FF
13:58:14.902 R 09F80201 FF FC 00 00 03 00 FF FF
13:58:14.903 R 0DFE1101 60 0E C0 78 00 00 03 00
13:58:14.904 R 0DFE1101 61 FF FF FF FF FB 01 03
13:58:14.904 R 0DFE1101 62 00 FF FF FF FF FF FF
13:58:14.905 R 09F80101 2D 20 50 1F 53 98 3E 03
13:58:14.920 R 09FD02B1 FF 54 01 72 79 FA FF FF
13:58:14.921 R 09FD02B1 FF 54 01 72 79 FC FF FF
13:58:14.921 R 09FD02B1 FF 56 01 B4 8B F9 FF FF
13:58:15.003 R 0DF90301 FF 7F FF FF FF 7F FF FF
13:58:15.004 R 09F80101 2D 20 50 1F 53 98 3E 03
13:58:15.005 R 1DFFF001 60 0D 3B 9F 90 FF FF FF
13:58:15.005 R 1DFFF001 61 FF FF FF FF FF F3 00
13:58:15.018 R 1CFF4F73 3B 9F 00 FF FF 0E 20 FF
13:58:15.018 R 1DEFFF73 00 16 3B 9F F0 81 84 86
13:58:15.019 R 1DEFFF73 01 17 00 40 00 03 00 06
13:58:15.019 R 1DEFFF73 02 FF FF 00 00 00 01 00
13:58:15.020 R 09FD02B1 FF 54 01 5E 79 FA FF FF
13:58:15.021 R 09FD02B1 FF 54 01 5E 79 FC FF FF
13:58:15.021 R 1DEFFF73 03 00 00 FF FF FF FF FF
13:58:15.022 R 09FD02B1 FF 57 01 A0 8B F9 FF FF
13:58:15.022 R 09F11273 00 0E 20 FF 7F FF 7F FD
13:58:15.023 R 09F10D73 FF F8 FF FF 0C 02 FF FF
13:58:15.023 R 1CFF0873 3B 9F 00 00 14 00 FF FF
13:58:15.037 R 11F80F00 60 1B 12 EC 73 8B 0E 61
13:58:15.038 R 11F80F00 61 8C 3E 03 F0 0E 50 1F
13:58:15.038 R 11F80F00 62 3F FF FF 00 00 9A 51
13:58:15.039 R 11F80F00 63 01 FF FF 00 70 FF FF
13:58:15.039 R 1CFF7400 3B 9F FD 00 00 FF FF FF
13:58:15.064 R 11F80E00 A0 1C 03 50 53 8F 0E 2E
13:58:15.064 R 11F80E00 A1 7A 3B 03 58 D3 4B 1F
13:58:15.065 R 11F80E00 A2 39 A2 49 05 00 90 0F
13:58:15.066 R 11F80E00 A3 00 7D 9D 0A 00 C0 F8
13:58:15.066 R 11F80E00 A4 FF FF FF FF FF FF FF
13:58:15.104 R 09F80201 FF FC 00 00 03 00 FF FF
13:58:15.105 R 09F80101 2D 20 50 1F 53 98 3E 03
13:58:15.105 R 19FA0301 00 DB 3C 00 5A 00 3E 00
13:58:15.106 R 19FA0601 E0 0F 7C 3E 00 FF FF FF
13:58:15.107 R 19FA0601 E1 FF FF FF FF FF FF FF
13:58:15.107 R 19FA0601 E2 FF FF FF FF FF FF FF
13:58:15.108 R 19FA0B01 E0 0F 7C 04 00 FF FF FF
13:58:15.109 R 19FA0B01 E1 FF FF FF FF FF FF FF
13:58:15.109 R 19FA0B01 E2 FF FF FF FF FF FF FF
13:58:15.119 R 09FD02B1 FF 55 01 45 79 FA FF FF
13:58:15.120 R 09FD02B1 FF 55 01 45 79 FC FF FF
13:58:15.120 R 09FD02B1 FF 57 01 88 8B F9 FF FF
13:58:15.171 R 11F80E00 C0 1C 01 62 4C 96 0E 56
13:58:15.172 R 11F80E00 C1 47 28 03 31 86 45 1F
13:58:15.172 R 11F80E00 C2 3F 1A A4 53 01 42 82
13:58:15.173 R 11F80E00 C3 01 FF FF FF 7F CF F8
13:58:15.173 R 11F80E00 C4 FF FF FF FF FF FF FF
13:58:15.205 R 19FA0401 E0 DB 7C FF 12 05 FF 1D
13:58:15.206 R 19FA0401 E1 E5 CD A0 0F 00 00 00
13:58:15.206 R 19FA0401 E2 00 F5 07 E8 28 22 33
13:58:15.207 R 19FA0401 E3 10 0E 00 00 00 00 F5
13:58:15.208 R 19FA0401 E4 09 C5 13 AD 3C 74 0E
13:58:15.208 R 19FA0401 E5 00 00 00 00 F5 0B 5D
13:58:15.209 R 19FA0401 E6 10 AC 96 80 0C 00 00
13:58:15.210 R 19FA0401 E7 00 00 F5 14 0B 11 1F
13:58:15.210 R 19FA0401 E8 BA 74 0E 00 00 00 00
13:58:15.211 R 19FA0401 E9 F5 15 73 32 B7 A7 3C
13:58:15.211 R 19FA0401 EA 0F 00 00 00 00 F5 1E
13:58:15.212 R 19FA0401 EB FF 2C 66 7B A0 0F 00
13:58:15.213 R 19FA0401 EC 00 00 00 F5 44 80 16
13:58:15.213 R 19FA0401 ED B9 3E AC 0D 00 00 00
13:58:15.214 R 19FA0401 EE 00 F5 45 73 32 A3 0D
13:58:15.215 R 19FA0401 EF 3C 0F 00 00 00 00 F5
13:58:15.215 R 19FA0401 F0 46 8B 18 2B CB A0 0F
13:58:15.216 R 19FA0401 F1 00 00 00 00 F5 4E FF
13:58:15.217 R 19FA0401 F2 1D D1 24 3C 0F 00 00
13:58:15.217 R 0DF50B73 00 F4 01 00 00 FF FF FF
13:58:15.218 R 19FA0401 F3 00 00 F5 22 C5 13 95
13:58:15.218 R 19FA0401 F4 83 80 0C 00 00 00 00
13:58:15.219 R 19FA0401 F5 F5 00 A2 3A 08 D4 D8
13:58:15.220 R 09FD02B1 FF 55 01 32 79 FA FF FF
13:58:15.220 R 09FD02B1 FF 55 01 32 79 FC FF FF
13:58:15.221 R 09FD02B1 FF 58 01 78 8B F9 FF FF
13:58:15.221 R 19FA0401 F6 0E 00 00 00 00 F5 00
13:58:15.222 R 19FA0401 F7 39 28 FD B3 E4 0C 00
13:58:15.223 R 19FA0401 F8 00 00 00 F5 00 BA 11
13:58:15.223 R 19FA0401 F9 66 8A E4 0C 00 00 00
13:58:15.224 R 19FA0401 FA 00 F5 00 2E 17 7F 34
13:58:15.225 R 19FA0401 FB 54 0B 00 00 00 00 F5
13:58:15.225 R 19FA0401 FC 00 51 2C D1 33 AC 0D
13:58:15.226 R 19FA0401 FD 00 00 00 00 F5 00 3A
13:58:15.227 R 19FA0401 FE 19 88 CC 10 0E 00 00
13:58:15.227 R 19FA0401 FF 00 00 F5 FF FF FF FF
13:58:15.228 R 09F80101 2D 20 50 1F 53 98 3E 03
13:58:15.229 R 19F11A01 FF FF FF FF FB 01 FF FF
13:58:15.231 R 11F80F00 80 1B 12 7C 13 8D 0E F7
13:58:15.231 R 11F80F00 81 97 3E 03 DD 1F 50 1F
13:58:15.232 R 11F80F00 82 3F FF FF 00 00 00 00
13:58:15.233 R 11F80F00 83 20 FF FF 00 70 FE FF
13:58:15.251 R 15FB0500 80 18 08 9E 84 8C 0E 01
13:58:15.252 R 15FB0500 81 80 00 32 0A C3 2C 31
13:58:15.252 R 15FB0500 82 D7 4C 74 0B 40 83 07
13:58:15.253 R 15FB0500 83 E0 26 C0 00 FF FF FF
13:58:15.258 R 19F51373 20 0E FF FF FF FF FF FF
13:58:15.258 R 19F51373 21 86 85 B0 00 00 00 00
13:58:15.259 R 19F51373 22 00 FF FF FF FF FF FF
13:58:15.259 R 1DFF6773 40 0B 3B 9F 03 00 04 B4
13:58:15.260 R 1DFF6773 41 6E 11 19 09 09 FF FF
13:58:15.261 R 1DFF6773 60 0B 3B 9F 03 02 04 B4
13:58:15.261 R 1DFF6773 61 6E 11 19 09 09 FF FF
13:58:15.306 R 09F80201 FF FC 00 00 03 00 FF FF
13:58:15.307 R 09F80101 2D 20 50 1F 53 98 3E 03
13:58:15.318 R 09FD02B1 FF 55 01 25 79 FA FF FF
13:58:15.320 R 09FD02B1 FF 55 01 25 79 FC FF FF
13:58:15.320 R 09FD02B1 FF 58 01 6A 8B F9 FF FF
13:58:15.358 R 11F80F00 A0 1B 12 53 C5 8E 0E C7
13:58:15.359 R 11F80F00 A1 25 44 03 FC 34 5A 1F
13:58:15.360 R 11F80F00 A2 3C 94 B6 4E 01 03 09
13:58:15.360 R 11F80F00 A3 08 FF FF 00 70 FE FF
13:58:15.370 R 1CFFF001 3B 9F 8C FF C3 1C 26 64
13:58:15.407 R 0DF80501 00 2B 7D E4 50 28 D2 AF
13:58:15.408 R 0DF80501 01 19 00 4C 10 2F 53 66
13:58:15.408 R 0DF80501 02 4A 07 00 B4 84 EB 51
13:58:15.409 R 0DF80501 03 63 C1 00 C0 81 6B 02
13:58:15.409 R 0DF80501 04 00 00 00 00 23 FC 13
13:58:15.410 R 0DF80501 05 41 00 FF 7F EE 11 00
13:58:15.411 R 0DF80501 06 00 00 FF FF FF FF FF
13:58:15.412 R 09F80101 2E 20 50 1F 52 98 3E 03
13:58:15.412 R 0DF80901 E4 50 28 D2 AF 19 78 00
13:58:15.417 R 09FD02B1 FF 56 01 13 79 FA FF FF
13:58:15.418 R 09FD02B1 FF 56 01 13 79 FC FF FF
13:58:15.419 R 09FD02B1 FF 58 01 56 8B F9 FF FF
13:58:15.456 R 09F50373 00 00 00 FF FF 00 FF FF
13:58:15.493 R 1CFF1A73 3B 9F 00 00 FF FF FF FF
13:58:15.494 R 09F50373 00 00 00 FF FF 00 FF FF
13:58:15.508 R 09F80201 FF FC 00 00 03 00 FF FF
13:58:15.508 R 09F80101 2E 20 50 1F 52 98 3E 03
13:58:15.500 R 0DF01001 FF FF E4 50 F8 D9 AF 19
13:58:15.508 R 09FD02B1 FF 56 01 F2 78 FA FF FF
13:58:15.508 R 09FD02B1 FF 56 01 F2 78 FC FF FF
13:58:15.509 R 09FD02B1 FF 58 01 39 8B F9 FF FF
13:58:15.599 R 09F80101 2E 20 50 1F 52 98 3E 03
13:58:15.607 R 09FD02B1 FF 56 01 C9 78 FA FF FF
13:58:15.609 R 09FD02B1 FF 56 01 C9 78 FC FF FF
13:58:15.610 R 09FD02B1 FF 59 01 10 8B F9 FF FF
13:58:15.618 R 11F80E00 E0 1C 01 E9 13 95 0E 89
13:58:15.619 R 11F80E00 E1 92 2E 03 44 9A 49 1F
13:58:15.619 R 11F80E00 E2 3F B1 A0 6D 01 FE C0
13:58:15.620 R 11F80E00 E3 00 FF FF FF 7F D5 F8
13:58:15.620 R 11F80E00 E4 FF FF FF FF FF FF FF
13:58:15.700 R 09F80201 FF FC 00 00 03 00 FF FF
13:58:15.701 R 09F80101 2E 20 50 1F 52 98 3E 03
13:58:15.702 R 0DF90B01 FF FC FB 01 03 00 FF FF
13:58:15.707 R 09FD02B1 FF 56 01 96 78 FA FF FF
13:58:15.708 R 09FD02B1 FF 56 01 96 78 FC FF FF
13:58:15.709 R 09FD02B1 FF 59 01 DE 8A F9 FF FF
13:58:15.719 R 09F11273 00 66 20 FF 7F FF 7F FD
13:58:15.720 R 09F10D73 FF F8 FF FF 0C 02 FF FF
13:58:15.720 R 1CFF4F73 3B 9F 00 FF FF 66 20 FF
13:58:15.721 R 1DEFFF73 80 16 3B 9F F0 81 9C C1
13:58:15.722 R 1DEFFF73 81 17 03 01 FF 08 02 F7
13:58:15.722 R 1DEFFF73 82 FF FF 00 00 00 01 00
13:58:15.723 R 1DEFFF73 83 00 00 FF FF FF FF FF
13:58:15.733 R 15FD0773 00 C0 53 7A FF 7F FF FF
13:58:15.751 R 11F80F00 C0 1B 12 02 84 97 0E 12
13:58:15.752 R 11F80F00 C1 A2 43 03 87 27 58 1F
13:58:15.752 R 11F80F00 C2 3C B2 73 06 01 81 14
13:58:15.753 R 11F80F00 C3 08 FF FF 00 70 FF FF
13:58:15.768 R 15FD0773 00 C0 53 7A FF 7F FF FF
13:58:15.802 R 09F80101 2E 20 50 1F 52 98 3E 03
13:58:15.806 R 09FD02B1 FF 56 01 60 78 FA FF FF
13:58:15.807 R 09FD02B1 FF 56 01 60 78 FC FF FF
13:58:15.807 R 09FD02B1 FF 59 01 AC 8A F9 FF FF
13:58:15.808 R 11F80E00 00 1C 01 18 E6 96 0E 75
13:58:15.808 R 11F80E00 01 26 3B 03 BC AC 4B 1F
13:58:15.809 R 11F80E00 02 3D 59 E8 00 00 C4 08
13:58:15.809 R 11F80E00 03 08 C5 22 00 00 D0 F8
13:58:15.810 R 11F80E00 04 FF FF FF FF FF FF FF
13:58:15.867 R 1DEFFF73 A0 16 3B 9F F0 81 90 00
13:58:15.868 R 1DEFFF73 A1 03 01 01 FF 08 02 F7
13:58:15.868 R 1DEFFF73 A2 FF FF 00 00 00 01 00
13:58:15.869 R 1DEFFF73 A3 00 00 FF FF FF FF FF
13:58:15.903 R 09F80201 FF FC 00 00 03 00 FF FF
13:58:15.903 R 0DFE1101 80 0E C0 79 00 00 03 00
13:58:15.904 R 0DFE1101 81 FF FF FF FF FB 01 03
13:58:15.905 R 0DFE1101 82 00 FF FF FF FF FF FF
13:58:15.905 R 09FD02B1 FF 57 01 39 78 FA FF FF
13:58:15.906 R 09F80101 2E 20 50 1F 52 98 3E 03
13:58:15.907 R 09FD02B1 FF 57 01 39 78 FC FF FF
13:58:15.907 R 09FD02B1 FF 59 01 85 8A F9 FF FF
13:58:16.004 R 0DF90301 FF 7F FF FF FF 7F FF FF
13:58:16.005 R 09F80101 2E 20 50 1F 52 98 3E 03
13:58:16.005 R 09FD02B1 FF 57 01 25 78 FA FF FF
13:58:16.006 R 1DFFF001 80 0D 3B 9F 90 FF FF FF
13:58:16.006 R 09FD02B1 FF 57 01 25 78 FC FF FF
13:58:16.007 R 09FD02B1 FF 5A 01 72 8A F9 FF FF
13:58:16.008 R 1DFFF001 81 FF FF FF FF FF F2 00
13:58:16.040 R 09F11273 00 0E 20 FF 7F FF 7F FD
13:58:16.041 R 09F10D73 FF F8 FF FF 0C 02 FF FF
13:58:16.042 R 1CFF0873 3B 9F 00 00 14 00 FF FF
13:58:16.042 R 1CFF4F73 3B 9F 00 FF FF 0E 20 FF
13:58:16.043 R 1DEFFF73 C0 16 3B 9F F0 81 84 86
13:58:16.043 R 1DEFFF73 C1 17 00 40 00 03 00 06
13:58:16.044 R 1DEFFF73 C2 FF FF 00 00 00 01 00
13:58:16.045 R 1DEFFF73 C3 00 00 FF FF FF FF FF
13:58:16.046 R 11F80E00 20 1C 01 20 38 95 0E 86
13:58:16.046 R 11F80E00 21 25 3D 03 A2 A9 4F 1F
13:58:16.047 R 11F80E00 22 43 FF FF 00 00 63 82
13:58:16.047 R 11F80E00 23 00 FF FF FF 7F D0 F8
13:58:16.048 R 11F80E00 24 FF FF FF FF FF FF FF
13:58:16.104 R 09FD02B1 FF 58 01 23 78 FA FF FF
13:58:16.105 R 09FD02B1 FF 58 01 23 78 FC FF FF
13:58:16.105 R 09FD02B1 FF 5B 01 74 8A F9 FF FF
13:58:16.106 R 09F80201 FF FC 00 00 03 00 FF FF
13:58:16.107 R 09F80101 2E 20 50 1F 52 98 3E 03
13:58:16.107 R 19FA0301 00 DB 41 00 63 00 45 00
13:58:16.108 R 19FA0601 00 0F 7D 3F 00 FF FF FF
13:58:16.109 R 19FA0601 01 FF FF FF FF FF FF FF
13:58:16.110 R 19FA0601 02 FF FF FF FF FF FF FF
13:58:16.110 R 19FA0B01 00 0F 7D 05 00 FF FF FF
13:58:16.111 R 19FA0B01 01 FF FF FF FF FF FF FF
13:58:16.112 R 19FA0B01 02 FF FF FF FF FF FF FF
13:58:16.203 R 09FD02B1 FF 59 01 2B 78 FA FF FF
13:58:16.204 R 09FD02B1 FF 59 01 2B 78 FC FF FF
13:58:16.205 R 09FD02B1 FF 5C 01 81 8A F9 FF FF
13:58:16.208 R 19FA0401 00 DB 7D FF 12 05 FF 1D
13:58:16.209 R 19FA0401 01 E5 CD A0 0F 00 00 00
13:58:16.209 R 19FA0401 02 00 F5 07 E8 28 22 33
13:58:16.210 R 19FA0401 03 74 0E 00 00 00 00 F5
13:58:16.211 R 19FA0401 04 09 C5 13 AD 3C 74 0E
13:58:16.211 R 19FA0401 05 00 00 00 00 F5 0B 5D
13:58:16.212 R 19FA0401 06 10 AC 96 80 0C 00 00
13:58:16.213 R 0DF50B73 00 F7 01 00 00 FF FF FF
13:58:16.213 R 19FA0401 07 00 00 F5 14 0B 11 1F
13:58:16.214 R 19FA0401 08 BA 74 0E 00 00 00 00
13:58:16.215 R 19FA0401 09 F5 15 73 32 B7 A7 A0
13:58:16.215 R 19FA0401 0A 0F 00 00 00 00 F5 1E
13:58:16.216 R 19FA0401 0B FF 2C 66 7B A0 0F 00
13:58:16.217 R 19FA0401 0C 00 00 00 F5 44 80 16
13:58:16.217 R 19FA0401 0D B9 3E AC 0D 00 00 00
13:58:16.218 R 19FA0401 0E 00 F5 45 73 32 A3 0D
13:58:16.219 R 19FA0401 0F 3C 0F 00 00 00 00 F5
13:58:16.220 R 19FA0401 10 46 8B 18 2B CB A0 0F
13:58:16.221 R 19FA0401 11 00 00 00 00 F5 4E FF
13:58:16.221 R 19FA0401 12 1D D1 24 A0 0F 00 00
13:58:16.222 R 19FA0401 13 00 00 F5 22 C5 13 95
13:58:16.223 R 19FA0401 14 83 E4 0C 00 00 00 00
13:58:16.224 R 19FA0401 15 F5 00 A2 3A 08 D4 D8
13:58:16.225 R 19FA0401 16 0E 00 00 00 00 F5 00
13:58:16.225 R 19FA0401 17 39 28 FD B3 E4 0C 00
13:58:16.226 R 19FA0401 18 00 00 00 F5 00 BA 11
13:58:16.227 R 11F80F00 E0 1B 12 7C 13 8D 0E F7
13:58:16.227 R 11F80F00 E1 97 3E 03 DD 1F 50 1F
13:58:16.228 R 11F80F00 E2 43 FF FF 00 00 00 00
13:58:16.228 R 11F80F00 E3 20 FF FF 00 70 FE FF
13:58:16.229 R 19FA0401 19 66 8A 48 0D 00 00 00
13:58:16.229 R 19FA0401 1A 00 F5 00 2E 17 7F 34
13:58:16.230 R 19FA0401 1B 54 0B 00 00 00 00 F5
13:58:16.231 R 19FA0401 1C 00 51 2C D1 33 AC 0D
13:58:16.232 R 19FA0401 1D 00 00 00 00 F5 00 3A
13:58:16.232 R 19FA0401 1E 19 88 CC 10 0E 00 00
13:58:16.233 R 19FA0401 1F 00 00 F5 FF FF FF FF
13:58:16.234 R 09F80101 2E 20 50 1F 52 98 3E 03
13:58:16.235 R 19F11A01 FF FF FF FF FB 01 FF FF
13:58:16.252 R 19F51373 E0 0E FF FF FF FF FF FF
13:58:16.253 R 19F51373 E1 86 85 B0 00 00 00 00
13:58:16.253 R 19F51373 E2 00 FF FF FF FF FF FF
13:58:16.254 R 1DFF6773 00 0B 3B 9F 03 00 04 B4
13:58:16.255 R 1DFF6773 01 6E 11 19 09 09 FF FF
13:58:16.255 R 1DFF6773 20 0B 3B 9F 03 02 04 B4
13:58:16.256 R 1DFF6773 21 6E 11 19 09 09 FF FF
13:58:16.286 R 19FB1200 80 23 18 53 C5 8E 0E 25
13:58:16.287 R 19FB1200 81 53 4D 54 46 2F 43 40
13:58:16.288 R 19FB1200 82 50 46 32 32 36 31 40
13:58:16.288 R 19FB1200 83 6E 00 28 00 0A 00 46
13:58:16.289 R 19FB1200 84 00 00 00 00 00 F3 E1
13:58:16.289 R 19FB1200 85 FF FF FF FF FF FF FF
13:58:16.290 R 1DFF7700 80 1C 3B 9F 18 53 C5 8E
13:58:16.290 R 1DFF7700 81 0E 01 25 53 4D 54 46
13:58:16.291 R 1DFF7700 82 2F 43 40 50 46 32 32
13:58:16.291 R 1DFF7700 83 36 31 40 C1 40 E0 C0
13:58:16.292 R 1DFF7700 84 FF FF FF FF FF FF FF
13:58:16.303 R 09FD02B1 FF 5A 01 31 78 FA FF FF
13:58:16.305 R 09FD02B1 FF 5A 01 31 78 FC FF FF
13:58:16.306 R 09FD02B1 FF 5C 01 8B 8A F9 FF FF
13:58:16.309 R 09F80201 FF FC 00 00 03 00 FF FF
13:58:16.310 R 09F80101 2E 20 50 1F 52 98 3E 03
13:58:16.376 R 1CFFF001 3B 9F 8C FF C9 1C 16 64
13:58:16.402 R 09FD02B1 FF 5B 01 23 78 FA FF FF
13:58:16.403 R 09FD02B1 FF 5B 01 23 78 FC FF FF
13:58:16.404 R 09FD02B1 FF 5D 01 85 8A F9 FF FF
13:58:16.410 R 0DF80501 20 2B 7E E4 50 38 F9 AF
13:58:16.411 R 0DF80501 21 19 00 16 AB 6A 53 66
13:58:16.412 R 0DF80501 22 4A 07 00 B4 84 EB 51
13:58:16.412 R 0DF80501 23 63 C1 00 60 08 6D 02
13:58:16.413 R 0DF80501 24 00 00 00 00 23 FC 14
13:58:16.414 R 0DF80501 25 3C 00 FF 7F EE 11 00
13:58:16.415 R 0DF80501 26 00 00 FF FF FF FF FF
13:58:16.416 R 09F80101 2F 20 50 1F 52 98 3E 03
13:58:16.416 R 0DF80901 E4 50 38 F9 AF 19 78 00
13:58:16.502 R 09FD02B1 FF 5C 01 FE 77 FA FF FF
13:58:16.502 R 09FD02B1 FF 5C 01 FE 77 FC FF FF
13:58:16.503 R 09FD02B1 FF 5E 01 66 8A F9 FF FF
13:58:16.512 R 09F80201 FF FC 00 00 03 00 FF FF
13:58:16.512 R 09F80101 2F 20 50 1F 52 98 3E 03
13:58:16.500 R 0DF01001 FF FF E4 50 08 01 B0 19
13:58:16.542 R 1DEFFF73 40 16 3B 9F F0 81 9C C1
13:58:16.543 R 1DEFFF73 41 17 03 8A FF 08 02 F7
13:58:16.543 R 1DEFFF73 42 FF FF 00 00 00 01 00
13:58:16.544 R 1DEFFF73 43 00 00 FF FF FF FF FF
13:58:16.544 R 09F11273 00 66 20 FF 7F FF 7F FD
13:58:16.545 R 09F10D73 FF F8 FF FF 0C 02 FF FF
13:58:16.546 R 1CFF4F73 3B 9F 00 FF FF 66 20 FF
13:58:16.577 R 09F50373 00 00 00 FF FF 00 FF FF
13:58:16.588 R 09FD02B1 FF 5C 01 C6 77 FA FF FF
13:58:16.590 R 09FD02B1 FF 5C 01 C6 77 FC FF FF
13:58:16.591 R 09FD02B1 FF 5F 01 33 8A F9 FF FF
13:58:16.600 R 09F80101 2F 20 50 1F 52 98 3E 03
13:58:16.617 R 1CFF1A73 3B 9F 00 00 FF FF FF FF
13:58:16.617 R 09F50373 00 00 00 FF FF 00 FF FF
13:58:16.643 R 15FD0773 00 C0 53 7A FF 7F FF FF
13:58:16.678 R 15FD0773 00 C0 53 7A FF 7F FF FF
13:58:16.688 R 09FD02B1 FF 5D 01 87 77 FA FF FF
13:58:16.688 R 09FD02B1 FF 5D 01 87 77 FC FF FF
13:58:16.689 R 09FD02B1 FF 5F 01 FA 89 F9 FF FF
13:58:16.701 R 09F80201 FF FC 00 00 03 00 FF FF
13:58:16.701 R 09F80101 2F 20 50 1F 52 98 3E 03
13:58:16.702 R 0DF90B01 FF FC FB 01 03 00 FF FF
13:58:16.703 R 11F80E00 40 1C 01 2C 37 95 0E CC
13:58:16.703 R 11F80E00 41 BA 3E 03 24 06 5D 1F
13:58:16.704 R 11F80E00 42 39 53 D5 96 01 E8 56
13:58:16.704 R 11F80E00 43 08 07 D4 00 00 D0 F8
13:58:16.705 R 11F80E00 44 FF FF FF FF FF FF FF
13:58:16.787 R 09FD02B1 FF 5D 01 52 77 FA FF FF
13:58:16.788 R 09FD02B1 FF 5D 01 52 77 FC FF FF
13:58:16.788 R 09FD02B1 FF 60 01 CA 89 F9 FF FF
13:58:16.802 R 09F80101 2F 20 50 1F 52 98 3E 03
13:58:16.886 R 09FD02B1 FF 5E 01 31 77 FA FF FF
13:58:16.887 R 09FD02B1 FF 5E 01 31 77 FC FF FF
13:58:16.888 R 09FD02B1 FF 61 01 AC 89 F9 FF FF
13:58:16.903 R 09F80201 FF FC 00 00 03 00 FF FF
13:58:16.904 R 0DFE1101 A0 0E C0 7A 00 00 03 00
13:58:16.904 R 0DFE1101 A1 FF FF FF FF FB 01 03
13:58:16.905 R 0DFE1101 A2 00 FF FF FF FF FF FF
13:58:16.906 R 09F80101 2F 20 50 1F 51 98 3E 03
13:58:16.944 R 19FB1100 20 1B 18 5E D3 99 0C 4B
13:58:16.944 R 19FB1100 21 52 45 55 54 5A 20 41
13:58:16.945 R 19FB1100 22 53 53 40 40 40 40 40
13:58:16.946 R 19FB1100 23 40 40 40 40 40 E1 FF
13:58:16.946 R 1DFF7600 20 1C 3B 9F 18 5E D3 99
13:58:16.947 R 1DFF7600 21 0C 00 4B 52 45 55 54
13:58:16.947 R 1DFF7600 22 5A 20 41 53 53 40 40
13:58:16.948 R 1DFF7600 23 40 40 40 40 40 40 40
13:58:16.948 R 1DFF7600 24 40 FF FF FF FF FF FF
13:58:16.986 R 09FD02B1 FF 5F 01 24 77 FA FF FF
13:58:16.987 R 09FD02B1 FF 5F 01 24 77 FC FF FF
13:58:16.987 R 09FD02B1 FF 62 01 A5 89 F9 FF FF
13:58:17.004 R 0DF90301 FF 7F FF FF FF 7F FF FF
13:58:17.005 R 09F80101 2F 20 50 1F 51 98 3E 03
13:58:17.006 R 1DFFF001 A0 0D 3B 9F 90 FF FF FF
13:58:17.006 R 1DFFF001 A1 FF FF FF FF FF F2 00
13:58:17.059 R 1CFF4F73 3B 9F 00 FF FF 0E 20 FF
13:58:17.060 R 1DEFFF73 60 16 3B 9F F0 81 84 86
13:58:17.061 R 1DEFFF73 61 17 00 40 00 03 00 06
13:58:17.061 R 1DEFFF73 62 FF FF 00 00 00 01 00
13:58:17.062 R 1DEFFF73 63 00 00 FF FF FF FF FF
13:58:17.062 R 09F11273 00 0E 20 FF 7F FF 7F FD
13:58:17.063 R 09F10D73 FF F8 FF FF 0C 02 FF FF
13:58:17.064 R 1CFF0873 3B 9F 00 00 14 00 FF FF
13:58:17.085 R 09FD02B1 FF 5F 01 2D 77 FA FF FF
13:58:17.086 R 09FD02B1 FF 5F 01 2D 77 FC FF FF
13:58:17.086 R 09FD02B1 FF 62 01 B3 89 F9 FF FF
13:58:17.104 R 15FB0500 A0 18 08 90 73 8B 0E 03
13:58:17.104 R 15FB0500 A1 80 00 32 0A C3 2C F1
13:58:17.105 R 15FB0500 A2 E3 7E 37 1A 90 B6 FA
13:58:17.105 R 15FB0500 A3 50 23 0F 00 FF FF FF
13:58:17.106 R 09F80201 FF FC 00 00 03 00 FF FF
13:58:17.107 R 09F80101 2F 20 50 1F 51 98 3E 03
13:58:17.107 R 19FA0301 00 DB 3C 00 5A 00 3E 00
13:58:17.108 R 19FA0601 20 0F 7E 3F 00 FF FF FF
13:58:17.109 R 19FA0601 21 FF FF FF FF FF FF FF
13:58:17.110 R 19FA0601 22 FF FF FF FF FF FF FF
13:58:17.110 R 19FA0B01 20 0F 7E 05 00 FF FF FF
13:58:17.111 R 19FA0B01 21 FF FF FF FF FF FF FF
13:58:17.112 R 19FA0B01 22 FF FF FF FF FF FF FF
13:58:17.131 R 11F80E00 60 1C 01 A5 04 8E 0E DB
13:58:17.131 R 11F80E00 61 B8 3D 03 86 53 4D 1F
13:58:17.132 R 11F80E00 62 44 FF FF 00 00 8C 02
13:58:17.133 R 11F80E00 63 01 FF FF FF 7F C0 F8
13:58:17.133 R 11F80E00 64 FF FF FF FF FF FF FF
13:58:17.184 R 11F80E00 80 1C 01 90 2A 8B 0E A7
13:58:17.185 R 09FD02B1 FF 60 01 45 77 FA FF FF
13:58:17.186 R 09FD02B1 FF 60 01 45 77 FC FF FF
13:58:17.186 R 11F80E00 81 7C 3B 03 C4 DA 4B 1F
13:58:17.187 R 09FD02B1 FF 63 01 D1 89 F9 FF FF
13:58:17.187 R 11F80E00 82 47 FF FF 05 00 C2 08
13:58:17.188 R 11F80E00 83 08 FF FF FF 7F C0 F8
13:58:17.188 R 11F80E00 84 FF FF FF FF FF FF FF
13:58:17.201 R 0DF50B73 00 F1 01 00 00 FF FF FF
13:58:17.208 R 19FA0401 20 DB 7E FF 12 05 FF 1D
13:58:17.208 R 19FA0401 21 E5 CD A0 0F 00 00 00
13:58:17.209 R 19FA0401 22 00 F5 07 E8 28 22 33
13:58:17.210 R 19FA0401 23 74 0E 00 00 00 00 F5
13:58:17.210 R 19FA0401 24 09 C5 13 AD 3C 74 0E
13:58:17.211 R 19FA0401 25 00 00 00 00 F5 0B 5D
13:58:17.212 R 19FA0401 26 10 AC 96 E4 0C 00 00
13:58:17.213 R 19FA0401 27 00 00 F5 14 0B 11 1F
13:58:17.213 R 11F80F00 00 1B 12 D0 7E A7 0E 80
13:58:17.214 R 11F80F00 01 18 37 03 4A 74 4B 1F
13:58:17.214 R 11F80F00 02 44 F2 7E D8 00 06 00
13:58:17.215 R 11F80F00 03 06 FF FF 00 5C FF FF
13:58:17.215 R 19FA0401 28 BA D8 0E 00 00 00 00
13:58:17.216 R 19FA0401 29 F5 15 73 32 B7 A7 3C
13:58:17.217 R 19FA0401 2A 0F 00 00 00 00 F5 1E
13:58:17.218 R 19FA0401 2B FF 2C 66 7B A0 0F 00
13:58:17.218 R 11F80F00 20 1B 12 7C 13 8D 0E F7
13:58:17.219 R 11F80F00 21 97 3E 03 DD 1F 50 1F
13:58:17.219 R 11F80F00 22 47 FF FF 00 00 00 00
13:58:17.220 R 11F80F00 23 20 FF FF 00 70 FE FF
13:58:17.220 R 19FA0401 2C 00 00 00 F5 44 80 16
13:58:17.221 R 19FA0401 2D B9 3E AC 0D 00 00 00
13:58:17.222 R 19FA0401 2E 00 F5 45 73 32 A3 0D
13:58:17.223 R 19FA0401 2F A0 0F 00 00 00 00 F5
13:58:17.223 R 19FA0401 30 46 8B 18 2B CB A0 0F
13:58:17.224 R 19FA0401 31 00 00 00 00 F5 4E FF
13:58:17.225 R 19FA0401 32 1D D1 24 3C 0F 00 00
13:58:17.225 R 19FA0401 33 00 00 F5 22 C5 13 95
13:58:17.226 R 19FA0401 34 83 E4 0C 00 00 00 00
13:58:17.227 R 19FA0401 35 F5 00 A2 3A 08 D4 D8
13:58:17.227 R 19FA0401 36 0E 00 00 00 00 F5 00
13:58:17.228 R 19FA0401 37 39 28 FD B3 E4 0C 00
13:58:17.229 R 19FA0401 38 00 00 00 F5 00 BA 11
13:58:17.229 R 19FA0401 39 66 8A 48 0D 00 00 00
13:58:17.230 R 19FA0401 3A 00 F5 00 2E 17 7F 34
13:58:17.231 R 19FA0401 3B 54 0B 00 00 00 00 F5
13:58:17.232 R 19FA0401 3C 00 51 2C D1 33 AC 0D
13:58:17.232 R 19FA0401 3D 00 00 00 00 F5 00 3A
13:58:17.233 R 19FA0401 3E 19 88 CC AC 0D 00 00
13:58:17.234 R 19FA0401 3F 00 00 F5 FF FF FF FF
13:58:17.234 R 09F80101 2F 20 50 1F 51 98 3E 03
13:58:17.235 R 19F11A01 FF FF FF FF FB 01 FF FF
13:58:17.243 R 19F51373 80 0E FF FF FF FF FF FF
13:58:17.243 R 19F51373 81 86 85 B0 00 00 00 00
13:58:17.244 R 19F51373 82 00 FF FF FF FF FF FF
13:58:17.245 R 1DFF6773 A0 0B 3B 9F 03 00 04 B4
13:58:17.245 R 1DFF6773 A1 6E 11 19 09 09 FF FF
13:58:17.246 R 1DFF6773 C0 0B 3B 9F 03 02 04 B4
13:58:17.246 R 1DFF6773 C1 6E 11 19 09 09 FF FF
13:58:17.266 R 11F80F00 40 1B 12 C6 7C D4 0D EC
13:58:17.266 R 11F80F00 41 9A 2F 03 F7 25 58 1F
13:58:17.267 R 11F80F00 42 47 2D 59 6D 01 C1 47
13:58:17.267 R 11F80F00 43 00 FF FF 00 70 FF FF
13:58:17.268 R 11F80F00 60 1B 12 86 BA 8B 0E 1A
13:58:17.268 R 11F80F00 61 1F 41 03 AC E6 52 1F
13:58:17.269 R 11F80F00 62 44 FF FF 00 00 0A 50
13:58:17.270 R 11F80F00 63 09 FF FF 00 70 FF FF
13:58:17.284 R 09FD02B1 FF 60 01 69 77 FA FF FF
13:58:17.285 R 09FD02B1 FF 60 01 69 77 FC FF FF
13:58:17.285 R 09FD02B1 FF 63 01 F7 89 F9 FF FF
13:58:17.311 R 09F80201 FF FC 00 00 03 00 FF FF
13:58:17.312 R 09F80101 2F 20 50 1F 51 98 3E 03
13:58:17.368 R 1CFFF001 3B 9F 8C FF C6 1C 1E 64
13:58:17.374 R 11F80F00 80 1B 12 4D 63 94 0E 0D
13:58:17.374 R 11F80F00 81 55 43 03 A8 0E 58 1F
13:58:17.375 R 11F80F00 82 47 95 6E 0B 01 06 00
13:58:17.375 R 11F80F00 83 06 FF FF 00 74 FF FF
13:58:17.384 R 09FD02B1 FF 60 01 85 77 FA FF FF
13:58:17.385 R 09FD02B1 FF 60 01 85 77 FC FF FF
13:58:17.386 R 09FD02B1 FF 63 01 16 8A F9 FF FF
13:58:17.412 R 0DF80501 40 2B 7F E4 50 84 25 B0
13:58:17.413 R 0DF80501 41 19 00 E0 45 A6 53 66
13:58:17.414 R 0DF80501 42 4A 07 00 EA E9 AF 51
13:58:17.414 R 0DF80501 43 63 C1 00 00 8F 6E 02
13:58:17.415 R 0DF80501 44 00 00 00 00 23 FC 14
13:58:17.416 R 0DF80501 45 3C 00 FF 7F EE 11 00
13:58:17.417 R 0DF80501 46 00 00 FF FF FF FF FF
13:58:17.418 R 09F80101 30 20 50 1F 51 98 3E 03
13:58:17.418 R 0DF80901 E4 50 84 25 B0 19 78 00
13:58:17.447 R 09F50373 00 00 00 FF FF 00 FF FF
13:58:17.483 R 09FD02B1 FF 60 01 90 77 FA FF FF
13:58:17.484 R 09FD02B1 FF 60 01 90 77 FC FF FF
13:58:17.484 R 09FD02B1 FF 63 01 27 8A F9 FF FF
13:58:17.485 R 1CFF1A73 3B 9F 00 00 FF FF FF FF
13:58:17.485 R 09F50373 00 00 00 FF FF 00 FF FF
13:58:17.515 R 09F80201 FF FC 00 00 03 00 FF FF
13:58:17.516 R 09F80101 30 20 50 1F 51 98 3E 03
13:58:17.600 R 0DF01001 FF FF E4 50 00 2C B0 19
13:58:17.666 R 09FD02B1 FF 60 01 97 77 FA FF FF
13:58:17.667 R 09FD02B1 FF 60 01 97 77 FC FF FF
13:58:17.668 R 09FD02B1 FF 63 01 2F 8A F9 FF FF
13:58:17.701 R 09F80101 30 20 50 1F 51 98 3E 03
13:58:17.766 R 09FD02B1 FF 60 01 A2 77 FA FF FF
13:58:17.766 R 09FD02B1 FF 60 01 A2 77 FC FF FF
13:58:17.767 R 09FD02B1 FF 63 01 38 8A F9 FF FF
13:58:17.802 R 09F80201 FF FC 00 00 03 00 FF FF
13:58:17.802 R 09F80101 30 20 50 1F 51 98 3E 03
13:58:17.803 R 0DF90B01 FF FC FB 01 03 00 FF FF
13:58:17.865 R 09FD02B1 FF 60 01 B4 77 FA FF FF
13:58:17.866 R 09FD02B1 FF 60 01 B4 77 FC FF FF
13:58:17.866 R 09FD02B1 FF 63 01 4D 8A F9 FF FF
13:58:17.895 R 09F11273 00 66 20 FF 7F FF 7F FD
13:58:17.896 R 09F10D73 FF F8 FF FF 0C 02 FF FF
13:58:17.897 R 1CFF4F73 3B 9F 00 FF FF 66 20 FF
13:58:17.897 R 1DEFFF73 E0 16 3B 9F F0 81 9C C1
13:58:17.898 R 1DEFFF73 E1 17 03 80 00 04 00 00
13:58:17.898 R 1DEFFF73 E2 00 00 00 00 00 01 00
13:58:17.899 R 1DEFFF73 E3 00 00 FF FF FF FF FF
13:58:17.903 R 09F80101 30 20 50 1F 51 98 3E 03
13:58:17.939 R 15FD0773 00 C0 53 7A FF 7F FF FF
13:58:17.965 R 09FD02B1 FF 60 01 D8 77 FA FF FF
13:58:17.966 R 09FD02B1 FF 60 01 D8 77 FC FF FF
13:58:17.967 R 09FD02B1 FF 63 01 70 8A F9 FF FF
13:58:17.974 R 15FD0773 00 C0 53 7A FF 7F FF FF
13:58:18.004 R 09F80201 FF FC 00 00 03 00 FF FF
13:58:18.005 R 0DFE1101 C0 0E C0 7B 00 00 03 00
13:58:18.006 R 0DFE1101 C1 FF FF FF FF FB 01 03
13:58:18.006 R 0DFE1101 C2 00 FF FF FF FF FF FF
13:58:18.007 R 09F80101 30 20 50 1F 51 98 3E 03
13:58:18.064 R 09FD02B1 FF 60 01 0A 78 FA FF FF
13:58:18.065 R 09FD02B1 FF 60 01 0A 78 FC FF FF
13:58:18.065 R 09FD02B1 FF 62 01 9E 8A F9 FF FF
13:58:18.106 R 0DF90301 FF 7F FF FF FF 7F FF FF
13:58:18.107 R 09F80101 30 20 50 1F 50 98 3E 03
13:58:18.107 R 1DFFF001 C0 0D 3B 9F 90 FF FF FF
13:58:18.108 R 1DFFF001 C1 FF FF FF FF FF F2 00
13:58:18.110 R 1CFF7400 3B 9F FD 00 00 FF FF FF
13:58:18.131 R 1DEFFF73 00 16 3B 9F F0 81 90 00
13:58:18.132 R 1DEFFF73 01 03 87 0C FF 08 02 F7
13:58:18.132 R 1DEFFF73 02 FF FF 00 00 00 01 00
13:58:18.133 R 1DEFFF73 03 00 00 FF FF FF FF FF
13:58:18.151 R 19FB1100 40 1B 18 88 3A 9A 0E 53
13:58:18.152 R 19FB1100 41 50 52 49 4E 47 42 4F
13:58:18.152 R 19FB1100 42 4B 40 40 40 40 40 40
13:58:18.153 R 19FB1100 43 40 40 40 40 40 E0 FF
13:58:18.153 R 1DFF7600 40 1C 3B 9F 18 88 3A 9A
13:58:18.154 R 1DFF7600 41 0E 00 53 50 52 49 4E
13:58:18.154 R 1DFF7600 42 47 42 4F 4B 40 40 40
13:58:18.155 R 1DFF7600 43 40 40 40 40 40 40 40
13:58:18.156 R 1DFF7600 44 40 FF FF FF FF FF FF
13:58:18.163 R 09FD02B1 FF 5F 01 39 78 FA FF FF
13:58:18.165 R 09FD02B1 FF 5F 01 39 78 FC FF FF
13:58:18.166 R 09FD02B1 FF 62 01 CF 8A F9 FF FF
13:58:18.175 R 09F11273 00 0E 20 FF 7F FF 7F FD
13:58:18.176 R 09F10D73 FF F8 FF FF 0C 02 FF FF
13:58:18.177 R 1CFF0873 3B 9F 00 00 14 00 FF FF
13:58:18.177 R 1CFF4F73 3B 9F 00 FF FF 0E 20 FF
13:58:18.178 R 1DEFFF73 20 16 3B 9F F0 81 84 86
13:58:18.179 R 1DEFFF73 21 17 00 40 00 03 00 06
13:58:18.180 R 11F80E00 A0 1C 01 91 72 96 0E 06
13:58:18.180 R 11F80E00 A1 97 41 03 EB E1 52 1F
13:58:18.181 R 11F80E00 A2 4F 14 9D 00 00 E6 08
13:58:18.182 R 11F80E00 A3 00 FF FF FF 7F CF F8
13:58:18.182 R 11F80E00 A4 FF FF FF FF FF FF FF
13:58:18.183 R 1DEFFF73 22 FF FF 00 00 00 01 00
13:58:18.183 R 1DEFFF73 23 00 00 FF FF FF FF FF
13:58:18.207 R 09F80201 FF FC 00 00 03 00 FF FF
13:58:18.208 R 09F80101 30 20 50 1F 50 98 3E 03
13:58:18.209 R 19FA0301 00 DB 3C 00 5A 00 3E 00
13:58:18.210 R 19FA0601 40 0F 7F 3F 00 FF FF FF
13:58:18.210 R 19FA0601 41 FF FF FF FF FF FF FF
13:58:18.211 R 19FA0601 42 FF FF FF FF FF FF FF
13:58:18.212 R 19FA0B01 40 0F 7F 04 00 FF FF FF
13:58:18.212 R 19FA0B01 41 FF FF FF FF FF FF FF
13:58:18.213 R 19FA0B01 42 FF FF FF FF FF FF FF
13:58:18.232 R 15FB0500 C0 18 08 C2 FB 95 0E 01
13:58:18.233 R 15FB0500 C1 80 00 32 0A C3 2C F1
13:58:18.233 R 15FB0500 C2 CB 3C 34 15 E0 A0 FA
13:58:18.234 R 15FB0500 C3 50 16 97 00 FF FF FF
13:58:18.263 R 09FD02B1 FF 5F 01 66 78 FA FF FF
13:58:18.265 R 09FD02B1 FF 5F 01 66 78 FC FF FF
13:58:18.267 R 09FD02B1 FF 62 01 F9 8A F9 FF FF
13:58:18.288 R 0DF50B73 00 04 02 00 00 FF FF FF
13:58:18.306 R 11F80F00 A0 1B 12 7C 13 8D 0E F7
13:58:18.306 R 11F80F00 A1 97 3E 03 DD 1F 50 1F
13:58:18.307 R 11F80F00 A2 4B FF FF 00 00 00 00
13:58:18.308 R 11F80F00 A3 20 FF FF 00 70 FE FF
13:58:18.309 R 19FA0401 40 DB 7F FF 12 05 FF 1D
13:58:18.310 R 19FA0401 41 E5 CD 3C 0F 00 00 00
13:58:18.311 R 19FA0401 42 00 F5 07 E8 28 22 33
13:58:18.311 R 19FA0401 43 D8 0E 00 00 00 00 F5
13:58:18.312 R 19FA0401 44 09 C5 13 AD 3C D8 0E
13:58:18.313 R 19FA0401 45 00 00 00 00 F5 0B 5D
13:58:18.313 R 19FA0401 46 10 AC 96 80 0C 00 00
13:58:18.314 R 19FA0401 47 00 00 F5 14 0B 11 1F
13:58:18.315 R 19FA0401 48 BA D8 0E 00 00 00 00
13:58:18.315 R 19FA0401 49 F5 15 73 32 B7 A7 A0
13:58:18.316 R 19FA0401 4A 0F 00 00 00 00 F5 1E
13:58:18.317 R 19FA0401 4B FF 2C 66 7B 3C 0F 00
13:58:18.317 R 19FA0401 4C 00 00 00 F5 44 80 16
13:58:18.318 R 19FA0401 4D B9 3E 48 0D 00 00 00
13:58:18.319 R 19FA0401 4E 00 F5 45 73 32 A3 0D
13:58:18.320 R 19FA0401 4F A0 0F 00 00 00 00 F5
13:58:18.320 R 19FA0401 50 46 8B 18 2B CB 3C 0F
13:58:18.321 R 19FA0401 51 00 00 00 00 F5 4E FF
13:58:18.322 R 19FA0401 52 1D D1 24 A0 0F 00 00
13:58:18.322 R 19FA0401 53 00 00 F5 22 C5 13 95
13:58:18.323 R 19FA0401 54 83 48 0D 00 00 00 00
13:58:18.324 R 19FA0401 55 F5 00 A2 3A 08 D4 D8
13:58:18.324 R 19FA0401 56 0E 00 00 00 00 F5 00
13:58:18.325 R 19FA0401 57 39 28 FD B3 E4 0C 00
13:58:18.326 R 19FA0401 58 00 00 00 F5 00 80 16
13:58:18.327 R 19FA0401 59 A0 B2 54 0B 00 00 00
13:58:18.327 R 19FA0401 5A 00 F5 00 BA 11 66 8A
13:58:18.328 R 19FA0401 5B 48 0D 00 00 00 00 F5
13:58:18.329 R 19FA0401 5C 00 51 2C D1 33 AC 0D
13:58:18.329 R 19FA0401 5D 00 00 00 00 F5 00 3A
13:58:18.330 R 19FA0401 5E 19 88 CC AC 0D 00 00
13:58:18.331 R 19F51373 40 0E FF FF FF FF FF FF
13:58:18.331 R 19FA0401 5F 00 00 F5 FF FF FF FF
13:58:18.332 R 19F51373 41 86 85 B0 00 00 00 00
13:58:18.332 R 09F80101 30 20 50 1F 50 98 3E 03
13:58:18.333 R 19F51373 42 00 FF FF FF FF FF FF
13:58:18.333 R 19F11A01 FF FF FF FF FB 01 FF FF
13:58:18.334 R 1DFF6773 60 0B 3B 9F 03 00 04 B4
13:58:18.335 R 1DFF6773 61 6E 11 19 09 09 FF FF
13:58:18.335 R 1DFF6773 80 0B 3B 9F 03 02 04 B4
13:58:18.336 R 1DFF6773 81 6E 11 19 09 09 FF FF
13:58:18.362 R 09FD02B1 FF 5F 01 8F 78 FA FF FF
13:58:18.363 R 09FD02B1 FF 5F 01 8F 78 FC FF FF
13:58:18.363 R 09FD02B1 FF 62 01 1B 8B F9 FF FF
13:58:18.366 R 11F80E00 C0 1C 03 B3 39 95 0E 5D
13:58:18.367 R 11F80E00 C1 1D 3F 03 F4 F9 51 1F
13:58:18.368 R 11F80E00 C2 49 DD 11 B0 01 A3 0F
13:58:18.368 R 11F80E00 C3 01 5C 10 00 00 C0 F8
13:58:18.369 R 11F80E00 C4 FF FF FF FF FF FF FF
13:58:18.411 R 09F80201 FF FC 00 00 03 00 FF FF
13:58:18.411 R 09F80101 30 20 50 1F 50 98 3E 03
13:58:18.457 R 1CFFF001 3B 9F 8C FF C1 1C 2E 64
13:58:18.462 R 09FD02B1 FF 5F 01 A6 78 FA FF FF
13:58:18.464 R 09FD02B1 FF 5F 01 A6 78 FC FF FF
13:58:18.464 R 09FD02B1 FF 61 01 1B 8B F9 FF FF
13:58:18.514 R 0DF80501 60 2B 80 E4 50 28 4F B0
13:58:18.515 R 0DF80501 61 19 00 AA E0 E1 53 66
13:58:18.515 R 0DF80501 62 4A 07 00 20 4F 74 51
13:58:18.516 R 0DF80501 63 63 C1 00 00 8F 6E 02
13:58:18.517 R 0DF80501 64 00 00 00 00 23 FC 14
13:58:18.517 R 0DF80501 65 3C 00 FF 7F EE 11 00
13:58:18.518 R 0DF80501 66 00 00 FF FF FF FF FF
13:58:18.519 R 09F80101 31 20 50 1F 50 98 3E 03
13:58:18.519 R 0DF80901 E4 50 28 4F B0 19 78 00
13:58:18.560 R 09FD02B1 FF 5F 01 A6 78 FA FF FF
13:58:18.562 R 09FD02B1 FF 5F 01 A6 78 FC FF FF
13:58:18.563 R 09FD02B1 FF 61 01 33 8B F9 FF FF
13:58:18.575 R 09F50373 00 00 00 FF FF 00 FF FF
13:58:18.605 R 11F80F00 C0 1B 12 03 A7 93 0E 5D
13:58:18.605 R 11F80F00 C1 BC 44 03 30 50 5B 1F
13:58:18.606 R 11F80F00 C2 4B 1A B9 25 01 06 00
13:58:18.606 R 11F80F00 C3 06 B6 B6 00 74 FF FF
13:58:18.617 R 09F80201 FF FC 00 00 03 00 FF FF
13:58:18.618 R 09F80101 31 20 50 1F 50 98 3E 03
13:58:18.500 R 0DF01001 FF FF E4 50 28 4F B0 19
13:58:18.541 R 09FD02B1 FF 5F 01 CB 78 FA FF FF
13:58:18.542 R 11F80E00 E0 1C 01 50 53 8F 0E 1D
13:58:18.543 R 11F80E00 E1 7A 3B 03 58 D3 4B 1F
13:58:18.543 R 09FD02B1 FF 5F 01 CB 78 FC FF FF
13:58:18.544 R 11F80E00 E2 45 DC 53 05 00 B2 08
13:58:18.544 R 09FD02B1 FF 61 01 56 8B F9 FF FF
13:58:18.545 R 11F80E00 E3 08 7D 9D F6 FF C0 F8
13:58:18.545 R 11F80E00 E4 FF FF FF FF FF FF FF
13:58:18.568 R 15FB0500 E0 18 08 42 39 95 0E 03
13:58:18.569 R 15FB0500 E1 80 00 32 0A C3 2C F0
13:58:18.570 R 15FB0500 E2 C3 0C F1 1A 90 BE FA
13:58:18.570 R 15FB0500 E3 50 0D D0 00 FF FF FF
13:58:18.600 R 09F80101 31 20 50 1F 50 98 3E 03
13:58:18.636 R 1CFF1A73 3B 9F 00 00 FF FF FF FF
13:58:18.637 R 09F50373 00 00 00 FF FF 00 FF FF
13:58:18.641 R 09FD02B1 FF 5F 01 E0 78 FA FF FF
13:58:18.643 R 09FD02B1 FF 5F 01 E0 78 FC FF FF
13:58:18.644 R 09FD02B1 FF 61 01 56 8B F9 FF FF
13:58:18.701 R 09F80201 FF FC 00 00 03 00 FF FF
13:58:18.702 R 09F80101 31 20 50 1F 50 98 3E 03
13:58:18.703 R 0DF90B01 FF FC FB 01 03 00 FF FF
13:58:18.740 R 09FD02B1 FF 5E 01 FD 78 FA FF FF
13:58:18.742 R 09FD02B1 FF 5E 01 FD 78 FC FF FF
13:58:18.743 R 09FD02B1 FF 61 01 86 8B F9 FF FF
13:58:18.757 R 09F11273 00 66 20 FF 7F FF 7F FD
13:58:18.757 R 09F10D73 FF F8 FF FF 0C 02 FF FF
13:58:18.758 R 1CFF4F73 3B 9F 00 FF FF 66 20 FF
13:58:18.758 R 1DEFFF73 A0 16 3B 9F F0 81 9C C1
13:58:18.759 R 1DEFFF73 A1 17 03 00 00 49 02 F7
13:58:18.760 R 1DEFFF73 A2 FF FF 00 00 00 01 00
13:58:18.760 R 1DEFFF73 A3 00 00 FF FF FF FF FF
13:58:18.803 R 09F80101 31 20 50 1F 50 98 3E 03
13:58:18.837 R 11F80F00 E0 1B 12 A7 C9 8B 0E DD
13:58:18.837 R 11F80F00 E1 C0 3D 03 CE AA 4F 1F
13:58:18.838 R 11F80F00 E2 4C FF FF 00 00 FA 4D
13:58:18.838 R 11F80F00 E3 09 FF FF 00 70 FF FF
13:58:18.840 R 09FD02B1 FF 5D 01 1C 79 FA FF FF
13:58:18.842 R 09FD02B1 FF 5E 01 1C 79 FC FF FF
13:58:18.842 R 09FD02B1 FF 61 01 86 8B F9 FF FF
13:58:18.858 R 15FD0773 00 C0 53 7A FF 7F FF FF
13:58:18.903 R 09F80201 FF FC 00 00 03 00 FF FF
13:58:18.904 R 0DFE1101 E0 0E C0 7C 00 00 03 00
13:58:18.905 R 0DFE1101 E1 FF FF FF FF FB 01 03
13:58:18.906 R 0DFE1101 E2 00 FF FF FF FF FF FF
13:58:18.906 R 09F80101 31 20 50 1F 50 98 3E 03
13:58:18.921 R 15FD0773 00 C0 53 7A FF 7F FF FF
13:58:18.939 R 09FD02B1 FF 5D 01 1C 79 FA FF FF
13:58:18.940 R 09FD02B1 FF 5D 01 1C 79 FC FF FF
13:58:18.940 R 09FD02B1 FF 60 01 A2 8B F9 FF FF
13:58:19.005 R 0DF90301 FF 7F FF FF FF 7F FF FF
13:58:19.005 R 09F80101 31 20 50 1F 50 98 3E 03
13:58:19.006 R 1DFFF001 E0 0D 3B 9F 90 FF FF FF
13:58:19.007 R 1DFFF001 E1 FF FF FF FF FF F3 00
13:58:19.038 R 09FD02B1 FF 5D 01 32 79 FA FF FF
13:58:19.039 R 09FD02B1 FF 5D 01 32 79 FC FF FF
13:58:19.040 R 09FD02B1 FF 5F 01 BB 8B F9 FF FF
13:58:19.089 R 1CFF4F73 3B 9F 00 FF FF 0E 20 FF
13:58:19.090 R 1DEFFF73 C0 16 3B 9F F0 81 84 86
13:58:19.090 R 1DEFFF73 C1 17 00 40 00 03 00 06
13:58:19.091 R 1DEFFF73 C2 FF FF 00 00 00 01 00
13:58:19.091 R 1DEFFF73 C3 00 00 FF FF FF FF FF
13:58:19.093 R 09F11273 00 0E 20 FF 7F FF 7F FD
13:58:19.093 R 09F10D73 FF F8 FF FF 0C 02 FF FF
13:58:19.094 R 1CFF0873 3B 9F 00 00 14 00 FF FF
13:58:19.106 R 09F80201 FF FC 00 00 03 00 FF FF
13:58:19.107 R 09F80101 31 20 50 1F 50 98 3E 03
13:58:19.108 R 19FA0301 00 DB 3C 00 5A 00 3E 00
13:58:19.108 R 19FA0601 60 0F 80 40 00 FF FF FF
13:58:19.109 R 19FA0601 61 FF FF FF FF FF FF FF
13:58:19.110 R 19FA0601 62 FF FF FF FF FF FF FF
13:58:19.111 R 19FA0B01 60 0F 80 03 00 FF FF FF
13:58:19.111 R 19FA0B01 61 FF FF FF FF FF FF FF
13:58:19.112 R 19FA0B01 62 FF FF FF FF FF FF FF
13:58:19.138 R 09FD02B1 FF 5C 01 47 79 FA FF FF
13:58:19.139 R 09FD02B1 FF 5C 01 47 79 FC FF FF
13:58:19.139 R 09FD02B1 FF 5F 01 CD 8B F9 FF FF
13:58:19.173 R 0DF50B73 00 E8 01 00 00 FF FF FF
13:58:19.191 R 11F80F00 00 1B 12 7C 13 8D 0E F7
13:58:19.192 R 11F80F00 01 97 3E 03 EE 1F 50 1F
13:58:19.192 R 11F80F00 02 4F FF FF 05 00 00 00
13:58:19.193 R 11F80F00 03 20 FF FF 00 70 FE FF
13:58:19.208 R 19FA0401 60 DB 80 FF 12 05 FF 1D
13:58:19.208 R 19FA0401 61 E5 CD A0 0F 00 00 00
13:58:19.209 R 19FA0401 62 00 F5 07 E8 28 22 33
13:58:19.210 R 19FA0401 63 D8 0E 00 00 00 00 F5
13:58:19.211 R 19FA0401 64 09 C5 13 AD 3C D8 0E
13:58:19.211 R 19FA0401 65 00 00 00 00 F5 14 0B
13:58:19.212 R 19FA0401 66 11 1F BA 10 0E 00 00
13:58:19.213 R 19FA0401 67 00 00 F5 15 73 32 B7
13:58:19.213 R 19FA0401 68 A7 A0 0F 00 00 00 00
13:58:19.214 R 19FA0401 69 F5 1E AE 2D 66 7B A0
13:58:19.215 R 19F51373 E0 0E FF FF FF FF FF FF
13:58:19.215 R 19FA0401 6A 0F 00 00 00 00 F5 44
13:58:19.216 R 19F51373 E1 86 85 B0 00 00 00 00
13:58:19.216 R 19FA0401 6B 80 16 B9 3E E4 0C 00
13:58:19.217 R 19F51373 E2 00 FF FF FF FF FF FF
13:58:19.218 R 19FA0401 6C 00 00 00 F5 45 73 32
13:58:19.218 R 1DFF6773 00 0B 3B 9F 03 00 04 B4
13:58:19.219 R 19FA0401 6D A3 0D 3C 0F 00 00 00
13:58:19.219 R 1DFF6773 01 6E 11 19 09 09 FF FF
13:58:19.220 R 19FA0401 6E 00 F5 46 8B 18 2B CB
13:58:19.220 R 19FA0401 6F A0 0F 00 00 00 00 F5
13:58:19.221 R 1DFF6773 20 0B 3B 9F 03 02 04 B4
13:58:19.222 R 19FA0401 70 4E FF 1D D1 24 A0 0F
13:58:19.222 R 1DFF6773 21 6E 11 19 09 09 FF FF
13:58:19.223 R 19FA0401 71 00 00 00 00 F5 22 C5
13:58:19.223 R 19FA0401 72 13 95 83 E4 0C 00 00
13:58:19.224 R 19FA0401 73 00 00 F5 00 A2 3A 08
13:58:19.225 R 19FA0401 74 D4 D8 0E 00 00 00 00
13:58:19.225 R 19FA0401 75 F5 00 39 28 FD B3 E4
13:58:19.226 R 19FA0401 76 0C 00 00 00 00 F5 00
13:58:19.227 R 19FA0401 77 80 16 A0 B2 F0 0A 00
13:58:19.228 R 19FA0401 78 00 00 00 F5 00 BA 11
13:58:19.228 R 19FA0401 79 66 8A 48 0D 00 00 00
13:58:19.229 R 19FA0401 7A 00 F5 00 2E 17 7F 34
13:58:19.230 R 19FA0401 7B 54 0B 00 00 00 00 F5
13:58:19.230 R 19FA0401 7C 00 51 2C D1 33 AC 0D
13:58:19.231 R 19FA0401 7D 00 00 00 00 F5 00 3A
13:58:19.232 R 19FA0401 7E 19 88 CC 10 0E 00 00
13:58:19.232 R 19FA0401 7F 00 00 F5 FF FF FF FF
13:58:19.233 R 09F80101 31 20 50 1F 4F 98 3E 03
13:58:19.234 R 19F11A01 FF FF FF FF FB 01 FF FF
13:58:19.237 R 09FD02B1 FF 5B 01 59 79 FA FF FF
13:58:19.238 R 09FD02B1 FF 5B 01 59 79 FC FF FF
13:58:19.239 R 09FD02B1 FF 5E 01 DB 8B F9 FF FF
13:58:19.309 R 09F80201 FF FC 00 00 03 00 FF FF
13:58:19.310 R 09F80101 31 20 50 1F 4F 98 3E 03
13:58:19.316 R 1CFFFF01 4F 9A 00 F5 FF FF FF FF
13:58:19.319 R 11F80E00 00 1C 03 B4 D6 95 0E 7B
13:58:19.319 R 11F80E00 01 3D 3D 03 52 EE 4F 1F
13:58:19.320 R 11F80E00 02 4C FF FF 00 00 A3 0E
13:58:19.320 R 11F80E00 03 01 FF FF FF 7F C0 F8
13:58:19.321 R 11F80E00 04 FF FF FF FF FF FF FF
13:58:19.337 R 09FD02B1 FF 5A 01 63 79 FA FF FF
13:58:19.337 R 09FD02B1 FF 5A 01 63 79 FC FF FF
13:58:19.338 R 09FD02B1 FF 5D 01 E5 8B F9 FF FF
13:58:19.346 R 1CFFF001 3B 9F 8C FF C1 1C 2E 64
13:58:19.410 R 0DF80501 80 2B 81 E4 50 0C 75 B0
13:58:19.411 R 0DF80501 81 19 00 74 7B 1D 54 66
13:58:19.412 R 0DF80501 82 4A 07 00 56 B4 38 51
13:58:19.412 R 0DF80501 83 63 C1 00 00 8F 6E 02
13:58:19.413 R 0DF80501 84 00 00 00 00 23 FC 14
13:58:19.414 R 0DF80501 85 3C 00 FF 7F EE 11 00
13:58:19.414 R 0DF80501 86 00 00 FF FF FF FF FF
13:58:19.415 R 09F80101 32 20 50 1F 4F 98 3E 03
13:58:19.415 R 0DF80901 E4 50 0C 75 B0 19 78 00
13:58:19.435 R 09FD02B1 FF 5A 01 6D 79 FA FF FF
13:58:19.436 R 09FD02B1 FF 5A 01 6D 79 FC FF FF
13:58:19.436 R 09FD02B1 FF 5C 01 EC 8B F9 FF FF
13:58:19.449 R 09F50373 00 00 00 FF FF 00 FF FF
13:58:19.489 R 1CFF1A73 3B 9F 00 00 FF FF FF FF
13:58:19.490 R 09F50373 00 00 00 FF FF 00 FF FF
13:58:19.505 R 11F80E00 20 1C 01 28 91 76 0C 7F
13:58:19.506 R 11F80E00 21 13 4F 03 FE 3C 5A 1F
13:58:19.506 R 11F80E00 22 4C EE 38 00 00 E8 56
13:58:19.507 R 11F80E00 23 08 FF FF FF 7F C0 F8
13:58:19.507 R 11F80E00 24 FF FF FF FF FF FF FF
13:58:19.510 R 09F80201 FF FC 00 00 03 00 FF FF
13:58:19.511 R 09F80101 32 20 50 1F 4F 98 3E 03
13:58:19.587 R 0DF01001 FF FF E4 50 9E 79 B0 19
13:58:19.591 R 15FD0773 00 C0 53 7A FF 7F FF FF
13:58:19.611 R 09FD02B1 FF 59 01 76 79 FA FF FF
13:58:19.611 R 09FD02B1 FF 59 01 76 79 FC FF FF
13:58:19.612 R 09FD02B1 FF 5B 01 F2 8B F9 FF FF
13:58:19.627 R 15FD0773 00 C0 53 7A FF 7F FF FF
13:58:19.668 R 1CFF4F73 3B 9F 00 FF FF 66 20 FF
13:58:19.668 R 1DEFFF73 40 16 3B 9F F0 81 9C C1
13:58:19.669 R 1DEFFF73 41 17 03 00 00 49 00 F7
13:58:19.670 R 1DEFFF73 42 FF FF 00 00 00 01 00
13:58:19.670 R 1DEFFF73 43 00 00 FF FF FF FF FF
13:58:19.671 R 09F11273 00 66 20 FF 7F FF 7F FD
13:58:19.671 R 09F10D73 FF F8 FF FF 0C 02 FF FF
13:58:19.687 R 09F80101 32 20 50 1F 4F 98 3E 03
13:58:19.710 R 09FD02B1 FF 58 01 7F 79 FA FF FF
13:58:19.711 R 09FD02B1 FF 58 01 7F 79 FC FF FF
13:58:19.711 R 09FD02B1 FF 5A 01 F9 8B F9 FF FF
13:58:19.788 R 09F80201 FF FC 00 00 03 00 FF FF
13:58:19.788 R 09F80101 32 20 50 1F 4F 98 3E 03
13:58:19.789 R 0DF90B01 FF FC FB 01 03 00 FF FF
13:58:19.809 R 09FD02B1 FF 57 01 8A 79 FA FF FF
13:58:19.810 R 09FD02B1 FF 57 01 8A 79 FC FF FF
13:58:19.811 R 09FD02B1 FF 59 01 02 8C F9 FF FF
13:58:19.888 R 09F80101 32 20 50 1F 4F 98 3E 03
13:58:19.909 R 09FD02B1 FF 56 01 99 79 FA FF FF
13:58:19.909 R 09FD02B1 FF 56 01 99 79 FC FF FF
13:58:19.910 R 09FD02B1 FF 58 01 12 8C F9 FF FF
13:58:19.989 R 09F80201 FF FC 00 00 03 00 FF FF
13:58:19.990 R 0DFE1101 00 0E C0 7D 00 00 03 00
13:58:19.991 R 0DFE1101 01 FF FF FF FF FB 01 03
13:58:19.991 R 0DFE1101 02 00 FF FF FF FF FF FF
13:58:19.992 R 09F80101 32 20 50 1F 4F 98 3E 03
13:58:20.008 R 09FD02B1 FF 54 01 AF 79 FA FF FF
13:58:20.010 R 09FD02B1 FF 54 01 AF 79 FC FF FF
13:58:20.011 R 09FD02B1 FF 57 01 25 8C F9 FF FF
13:58:20.090 R 0DF90301 FF 7F FF FF FF 7F FF FF
13:58:20.091 R 09F80101 32 20 50 1F 4F 98 3E 03
13:58:20.091 R 1DFFF001 00 0D 3B 9F 90 FF FF FF
13:58:20.092 R 1DFFF001 01 FF FF FF FF FF F2 00
13:58:20.108 R 09FD02B1 FF 53 01 C6 79 FA FF FF
13:58:20.108 R 09FD02B1 FF 53 01 C6 79 FC FF FF
13:58:20.109 R 09FD02B1 FF 56 01 3B 8C F9 FF FF
13:58:20.191 R 09F80201 FF FC 00 00 03 00 FF FF
13:58:20.192 R 09F80101 32 20 50 1F 4F 98 3E 03
13:58:20.192 R 19FA0301 00 DB 3C 00 5A 00 3E 00
13:58:20.193 R 19FA0601 80 0F 81 40 00 FF FF FF
13:58:20.194 R 19FA0601 81 FF FF FF FF FF FF FF
13:58:20.194 R 19FA0601 82 FF FF FF FF FF FF FF
13:58:20.195 R 19FA0B01 80 0F 81 04 00 FF FF FF
13:58:20.195 R 1CFF4F73 3B 9F 00 FF FF 0E 20 FF
13:58:20.196 R 19FA0B01 81 FF FF FF FF FF FF FF
13:58:20.197 R 1DEFFF73 60 16 3B 9F F0 81 84 86
13:58:20.197 R 19FA0B01 82 FF FF FF FF FF FF FF
13:58:20.198 R 1DEFFF73 61 17 00 40 00 03 00 06
13:58:20.199 R 1DEFFF73 62 00 00 00 00 00 01 00
13:58:20.200 R 1DEFFF73 63 00 00 FF FF FF FF FF
13:58:20.201 R 09F11273 00 0E 20 FF 7F FF 7F FD
13:58:20.201 R 09F10D73 FF F8 FF FF 0C 02 FF FF
13:58:20.202 R 1CFF0873 3B 9F 00 00 14 00 FF FF
13:58:20.207 R 09FD02B1 FF 52 01 DA 79 FA FF FF
13:58:20.209 R 09FD02B1 FF 52 01 DA 79 FC FF FF
13:58:20.210 R 09FD02B1 FF 55 01 50 8C F9 FF FF
13:58:20.251 R 0DF50B73 00 EB 01 00 00 FF FF FF
13:58:20.270 R 11F80F00 20 1B 12 7C 13 8D 0E F7
13:58:20.271 R 11F80F00 21 97 3E 03 EE 1F 50 1F
13:58:20.272 R 11F80F00 22 53 FF FF 00 00 00 00
13:58:20.272 R 11F80F00 23 20 FF FF 00 70 FE FF
13:58:20.278 R 11F80E00 40 1C 01 88 48 B2 0E 02
13:58:20.278 R 11F80E00 41 86 3D 03 96 D0 4D 1F
13:58:20.279 R 11F80E00 42 51 AC 8D 05 00 D1 C0
13:58:20.279 R 11F80E00 43 08 9F A3 32 00 C0 F8
13:58:20.280 R 11F80E00 44 FF FF FF FF FF FF FF
13:58:20.280 R 1DEFFF73 80 16 3B 9F F0 81 90 00
13:58:20.281 R 1DEFFF73 81 03 A1 00 00 03 00 06
13:58:20.282 R 1DEFFF73 82 00 00 00 00 00 01 00
13:58:20.282 R 1DEFFF73 83 00 00 FF FF FF FF FF
13:58:20.292 R 19FA0401 80 DB 81 FF 12 05 FF 1D
13:58:20.293 R 19FA0401 81 E5 CD 3C 0F 00 00 00
13:58:20.293 R 19F51373 A0 0E FF FF FF FF FF FF
13:58:20.294 R 19FA0401 82 00 F5 07 E8 28 22 33
13:58:20.294 R 19F51373 A1 86 85 B0 00 00 00 00
13:58:20.295 R 19FA0401 83 74 0E 00 00 00 00 F5
13:58:20.295 R 19F51373 A2 00 FF FF FF FF FF FF
13:58:20.296 R 19FA0401 84 09 C5 13 AD 3C D8 0E
13:58:20.296 R 1DFF6773 C0 0B 3B 9F 03 00 04 B4
13:58:20.297 R 19FA0401 85 00 00 00 00 F5 0B 5D
13:58:20.298 R 1DFF6773 C1 6E 11 19 09 09 FF FF
13:58:20.298 R 19FA0401 86 10 AC 96 E4 0C 00 00
13:58:20.299 R 1DFF6773 E0 0B 3B 9F 03 02 04 B4
13:58:20.299 R 19FA0401 87 00 00 F5 14 0B 11 1F
13:58:20.300 R 19FA0401 88 BA 48 0D 00 00 00 00
13:58:20.300 R 1DFF6773 E1 6E 11 19 09 09 FF FF
13:58:20.301 R 19FA0401 89 F5 15 73 32 B7 A7 A0
13:58:20.302 R 19FA0401 8A 0F 00 00 00 00 F5 1E
13:58:20.302 R 19FA0401 8B AE 2D 66 7B A0 0F 00
13:58:20.303 R 19FA0401 8C 00 00 00 F5 44 80 16
13:58:20.304 R 19FA0401 8D B9 3E 48 0D 00 00 00
13:58:20.304 R 19FA0401 8E 00 F5 45 73 32 A3 0D
13:58:20.305 R 19FA0401 8F 3C 0F 00 00 00 00 F5
13:58:20.305 R 19FA0401 90 46 8B 18 2B CB 74 0E
13:58:20.306 R 19FA0401 91 00 00 00 00 F5 4E FF
13:58:20.307 R 09FD02B1 FF 51 01 F0 79 FA FF FF
13:58:20.307 R 09FD02B1 FF 51 01 F0 79 FC FF FF
13:58:20.308 R 19FA0401 92 1D D1 24 3C 0F 00 00
13:58:20.308 R 09FD02B1 FF 53 01 65 8C F9 FF FF
13:58:20.309 R 19FA0401 93 00 00 F5 22 C5 13 95
13:58:20.310 R 19FA0401 94 83 E4 0C 00 00 00 00
13:58:20.310 R 19FA0401 95 F5 00 A2 3A B6 D4 D8
13:58:20.311 R 19FA0401 96 0E 00 00 00 00 F5 00
13:58:20.311 R 19FA0401 97 39 28 FD B3 E4 0C 00
13:58:20.312 R 19FA0401 98 00 00 00 F5 00 BA 11
13:58:20.313 R 19FA0401 99 66 8A 48 0D 00 00 00
13:58:20.313 R 19FA0401 9A 00 F5 00 2E 17 7F 34
13:58:20.314 R 19FA0401 9B 54 0B 00 00 00 00 F5
13:58:20.315 R 19FA0401 9C 00 51 2C D1 33 AC 0D
13:58:20.315 R 19FA0401 9D 00 00 00 00 F5 00 3A
13:58:20.316 R 19FA0401 9E 19 88 CC AC 0D 00 00
13:58:20.317 R 19FA0401 9F 00 00 F5 FF FF FF FF
13:58:20.317 R 09F80101 32 20 50 1F 4F 98 3E 03
13:58:20.318 R 19F11A01 FF FF FF FF FB 01 FF FF
13:58:20.386 R 19FB0200 20 4C 05 BA BA 98 0E 00
13:58:20.386 R 19FB0200 21 00 00 00 50 46 36 34
13:58:20.387 R 19FB0200 22 32 31 40 4E 4F 4D 41
13:58:20.388 R 19FB0200 23 44 40 40 40 40 40 40
13:58:20.388 R 19FB0200 24 40 40 40 40 40 40 40
13:58:20.389 R 19FB0200 25 40 40 25 40 01 3C 00
13:58:20.389 R 19FB0200 26 28 00 D2 00 FF FF FF
13:58:20.390 R 19FB0200 27 FF FF FF BE 00 4C 45
13:58:20.390 R 19FB0200 28 4C 56 53 54 41 44 40
13:58:20.391 R 19FB0200 29 40 40 40 40 40 40 40
13:58:20.392 R 19FB0200 2A 40 40 40 40 3E E0 FF
13:58:20.393 R 09F80201 FF FC 00 00 03 00 FF FF
13:58:20.393 R 09F80101 32 20 50 1F 4F 98 3E 03
13:58:20.404 R 1CFFF001 3B 9F 8C FF C6 1C 1E 64
13:58:20.406 R 09FD02B1 FF 50 01 08 7A FA FF FF
13:58:20.407 R 09FD02B1 FF 50 01 08 7A FC FF FF
13:58:20.407 R 09FD02B1 FF 52 01 7A 8C F9 FF FF
13:58:20.413 R 11F80F00 40 1B 12 43 10 95 0E 94
13:58:20.414 R 11F80F00 41 DE 34 03 75 F7 53 1F
13:58:20.414 R 11F80F00 42 50 CD E1 E2 00 06 00
13:58:20.415 R 11F80F00 43 0E FF FF 00 74 FF FF
13:58:20.494 R 0DF80501 A0 2B 82 E4 50 BE 9A B0
13:58:20.494 R 0DF80501 A1 19 00 3E 16 59 54 66
13:58:20.495 R 0DF80501 A2 4A 07 00 8C 19 FD 50
13:58:20.496 R 0DF80501 A3 63 C1 00 00 8F 6E 02
13:58:20.496 R 0DF80501 A4 00 00 00 00 23 FC 14
13:58:20.497 R 0DF80501 A5 3C 00 FF 7F EE 11 00
13:58:20.498 R 0DF80501 A6 00 00 FF FF FF FF FF
13:58:20.499 R 09F80101 33 20 50 1F 4E 98 3E 03
13:58:20.499 R 0DF80901 E4 50 BE 9A B0 19 78 00
13:58:20.505 R 09FD02B1 FF 4F 01 1B 7A FA FF FF
13:58:20.506 R 09FD02B1 FF 4F 01 1B 7A FC FF FF
13:58:20.507 R 09FD02B1 FF 51 01 8F 8C F9 FF FF
13:58:20.582 R 09F50373 00 00 00 FF FF 00 FF FF
13:58:20.594 R 09F80201 FF FC 00 00 03 00 FF FF
13:58:20.595 R 09F80101 33 20 50 1F 4E 98 3E 03
13:58:20.586 R 0DF01001 FF FF E4 50 A4 A0 B0 19
13:58:20.595 R 09FD02B1 FF 4D 01 31 7A FA FF FF
13:58:20.595 R 09FD02B1 FF 4D 01 31 7A FC FF FF
13:58:20.596 R 09FD02B1 FF 50 01 A4 8C F9 FF FF
13:58:20.608 R 1CFF1A73 3B 9F 00 00 FF FF FF FF
13:58:20.609 R 09F50373 00 00 00 FF FF 00 FF FF
13:58:20.616 R 11F80E00 60 1C 01 D7 AF 95 0E C9
13:58:20.616 R 11F80E00 61 73 49 03 A4 C6 58 1F
13:58:20.617 R 11F80E00 62 53 A8 1D B5 01 0D 03
13:58:20.617 R 11F80E00 63 01 FF FF FF 7F C0 F8
13:58:20.618 R 11F80E00 64 FF FF FF FF FF FF FF
13:58:20.635 R 15FD0773 00 C0 53 7A FF 7F FF FF
13:58:20.665 R 15FD0773 00 C0 53 7A FF 7F FF FF
13:58:20.685 R 09F80101 33 20 50 1F 4E 98 3E 03
13:58:20.694 R 09FD02B1 FF 4C 01 49 7A FA FF FF
13:58:20.695 R 09FD02B1 FF 4C 01 49 7A FC FF FF
13:58:20.695 R 09FD02B1 FF 4F 01 BA 8C F9 FF FF
13:58:20.696 R 11F80E00 80 1C 01 6B 5A 8E 0E 47
13:58:20.697 R 11F80E00 81 26 33 03 61 76 57 1F
13:58:20.697 R 11F80E00 82 53 FF FF 00 00 54 C0
13:58:20.698 R 11F80E00 83 09 FF FF FF 7F C0 F8
13:58:20.698 R 11F80E00 84 FF FF FF FF FF FF FF
13:58:20.750 R 11F80E00 A0 1C 01 65 13 95 0E 8D
13:58:20.750 R 11F80E00 A1 91 3B 03 F0 E6 4B 1F
13:58:20.751 R 11F80E00 A2 53 79 45 00 00 12 83
13:58:20.751 R 11F80E00 A3 08 FF FF FF 7F C0 F8
13:58:20.752 R 11F80E00 A4 FF FF FF FF FF FF FF
13:58:20.752 R 1CFF4F73 3B 9F 00 FF FF 66 20 FF
13:58:20.753 R 1DEFFF73 00 16 3B 9F F0 81 9C C1
13:58:20.754 R 1DEFFF73 01 17 03 00 00 49 00 F7
13:58:20.754 R 1DEFFF73 02 FF FF 00 00 00 01 00
13:58:20.755 R 1DEFFF73 03 00 00 FF FF FF FF FF
13:58:20.755 R 09F11273 00 66 20 FF 7F FF 7F FD
13:58:20.756 R 09F10D73 FF F8 FF FF 0C 02 FF FF
13:58:20.786 R 09F80201 FF FC 00 00 03 00 FF FF
13:58:20.787 R 09F80101 33 20 50 1F 4E 98 3E 03
13:58:20.787 R 0DF90B01 FF FC FB 01 03 00 FF FF
13:58:20.794 R 09FD02B1 FF 4C 01 5D 7A FA FF FF
13:58:20.794 R 09FD02B1 FF 4C 01 5D 7A FC FF FF
13:58:20.795 R 09FD02B1 FF 4E 01 CF 8C F9 FF FF
13:58:20.832 R 15FB0500 00 18 08 BA BA 98 0E 01
13:58:20.833 R 15FB0500 01 80 00 32 0A C3 3C 33
13:58:20.833 R 15FB0500 02 C3 7E 73 09 D0 6C 39
13:58:20.834 R 15FB0500 03 D0 17 20 00 FF FF FF
13:58:20.887 R 09F80101 33 20 50 1F 4E 98 3E 03
13:58:20.893 R 09FD02B1 FF 4B 01 72 7A FA FF FF
13:58:20.894 R 09FD02B1 FF 4B 01 72 7A FC FF FF
13:58:20.894 R 09FD02B1 FF 4D 01 E3 8C F9 FF FF
13:58:20.910 R 11F80E00 C0 1C 01 EC 9B 94 0E 58
13:58:20.911 R 11F80E00 C1 EA 3C 03 0F 64 4D 1F
13:58:20.911 R 11F80E00 C2 57 69 06 A5 01 40 40
13:58:20.912 R 11F80E00 C3 01 FF FF FF 7F C0 F8
13:58:20.913 R 11F80E00 C4 FF FF FF FF FF FF FF
13:58:20.988 R 09F80201 FF FC 00 00 03 00 FF FF
13:58:20.989 R 0DFE1101 20 0E C0 7E 00 00 03 00
13:58:20.990 R 0DFE1101 21 FF FF FF FF FB 01 03
13:58:20.990 R 0DFE1101 22 00 FF FF FF FF FF FF
13:58:20.991 R 09F80101 33 20 50 1F 4E 98 3E 03
13:58:20.993 R 09FD02B1 FF 4A 01 86 7A FA FF FF
13:58:20.994 R 09FD02B1 FF 4A 01 86 7A FC FF FF
13:58:20.995 R 09FD02B1 FF 4C 01 F5 8C F9 FF FF
13:58:21.045 R 11F80E00 E0 1C 01 DA FA 95 0E AF
13:58:21.046 R 11F80E00 E1 53 56 03 79 75 63 1F
13:58:21.046 R 11F80E00 E2 59 FA 1F 00 00 C6 08
13:58:21.047 R 11F80E00 E3 08 92 EC 00 00 D0 F8
13:58:21.047 R 11F80E00 E4 FF FF FF FF FF FF FF
13:58:21.070 R 1CFF7400 3B 9F FD 00 00 FF FF FF
13:58:21.089 R 0DF90301 FF 7F FF FF FF 7F FF FF
13:58:21.090 R 09F80101 33 20 50 1F 4E 98 3E 03
13:58:21.091 R 1DFFF001 20 0D 3B 9F 90 FF FF FF
13:58:21.092 R 1DFFF001 21 FF FF FF FF FF F0 00
13:58:21.092 R 09FD02B1 FF 49 01 90 7A FA FF FF
13:58:21.093 R 09FD02B1 FF 49 01 90 7A FC FF FF
13:58:21.093 R 09FD02B1 FF 4C 01 04 8D F9 FF FF
13:58:21.097 R 19FB1100 60 1B 18 F5 37 8E 0E 4E
13:58:21.097 R 19FB1100 61 49 4D 52 4F 44 40 40
13:58:21.098 R 19FB1100 62 40 40 40 40 40 40 40
13:58:21.098 R 19FB1100 63 40 40 40 40 40 E1 FF
13:58:21.099 R 1DFF7600 60 1C 3B 9F 18 F5 37 8E
13:58:21.099 R 1DFF7600 61 0E 00 4E 49 4D 52 4F
13:58:21.100 R 1DFF7600 62 44 40 40 40 40 40 40
13:58:21.101 R 1DFF7600 63 40 40 40 40 40 40 40
13:58:21.101 R 1DFF7600 64 40 FF FF FF FF FF FF
13:58:21.191 R 09F80201 FF FC 00 00 03 00 FF FF
13:58:21.192 R 09FD02B1 FF 48 01 9B 7A FA FF FF
13:58:21.192 R 09F80101 33 20 50 1F 4E 98 3E 03
13:58:21.193 R 09FD02B1 FF 48 01 9B 7A FC FF FF
13:58:21.193 R 09FD02B1 FF 4B 01 0E 8D F9 FF FF
13:58:21.194 R 19FA0301 00 DB 3C 00 5A 00 3E 00
13:58:21.195 R 19FA0601 A0 0F 82 40 00 FF FF FF
13:58:21.195 R 19FA0601 A1 FF FF FF FF FF FF FF
13:58:21.196 R 19FA0601 A2 FF FF FF FF FF FF FF
13:58:21.197 R 19FA0B01 A0 0F 82 04 00 FF FF FF
13:58:21.197 R 19FA0B01 A1 FF FF FF FF FF FF FF
13:58:21.198 R 19FA0B01 A2 FF FF FF FF FF FF FF
13:58:21.207 R 1CFF4F73 3B 9F 00 FF FF 0E 20 FF
13:58:21.207 R 1DEFFF73 20 16 3B 9F F0 81 84 86
13:58:21.208 R 1DEFFF73 21 17 00 40 00 03 00 06
13:58:21.209 R 1DEFFF73 22 FF FF 00 00 00 01 00
13:58:21.209 R 1DEFFF73 23 00 00 FF FF FF FF FF
13:58:21.210 R 09F11273 00 0E 20 FF 7F FF 7F FD
13:58:21.210 R 09F10D73 FF F8 FF FF 0C 02 FF FF
13:58:21.211 R 1CFF0873 3B 9F 00 00 14 00 FF FF
13:58:21.251 R 0DF50B73 00 E8 01 00 00 FF FF FF
13:58:21.258 R 11F80E00 00 1C 01 D9 88 94 0E C7
13:58:21.259 R 11F80E00 01 A9 34 03 1F 52 4A 1F
13:58:21.260 R 11F80E00 02 57 AC 90 B5 01 E8 56
13:58:21.260 R 11F80E00 03 08 FF FF FF 7F C0 F8
13:58:21.261 R 11F80E00 04 FF FF FF FF FF FF FF
13:58:21.265 R 11F80F00 60 1B 12 7C 13 8D 0E F7
13:58:21.265 R 11F80F00 61 97 3E 03 EE 1F 50 1F
13:58:21.266 R 11F80F00 62 57 FF FF 00 00 00 00
13:58:21.267 R 11F80F00 63 20 FF FF 00 70 FE FF
13:58:21.285 R 11F80E00 20 1C 01 42 39 95 0E 51
13:58:21.286 R 11F80E00 21 D9 4C 03 5C 1F 5B 1F
13:58:21.286 R 11F80E00 22 57 83 95 7C 01 2B C1
13:58:21.287 R 11F80E00 23 00 AB 96 00 00 D0 F8
13:58:21.287 R 11F80E00 24 FF FF FF FF FF FF FF
13:58:21.288 R 19F51373 40 0E FF FF FF FF FF FF
13:58:21.289 R 19F51373 41 86 85 B0 00 00 00 00
13:58:21.289 R 19F51373 42 00 FF FF FF FF FF FF
13:58:21.290 R 1DFF6773 60 0B 3B 9F 03 00 04 B4
13:58:21.291 R 1DFF6773 61 6E 11 19 09 09 FF FF
13:58:21.291 R 09FD02B1 FF 48 01 9A 7A FA FF FF
13:58:21.292 R 09FD02B1 FF 48 01 9A 7A FC FF FF
13:58:21.292 R 1DFF6773 80 0B 3B 9F 03 02 04 B4
13:58:21.293 R 09FD02B1 FF 4A 01 0C 8D F9 FF FF
13:58:21.293 R 19FA0401 A0 DB 82 FF 12 05 FF 1D
13:58:21.294 R 1DFF6773 81 6E 11 19 09 09 FF FF
13:58:21.294 R 19FA0401 A1 E5 CD 54 0B 00 00 00
13:58:21.295 R 19FA0401 A2 00 F5 07 E8 28 22 33
13:58:21.296 R 19FA0401 A3 3C 0F 00 00 00 00 F5
13:58:21.297 R 19FA0401 A4 09 C5 13 AD 3C 74 0E
13:58:21.297 R 19FA0401 A5 00 00 00 00 F5 0B 5D
13:58:21.298 R 19FA0401 A6 10 AC 96 80 0C 00 00
13:58:21.299 R 19FA0401 A7 00 00 F5 14 0B 11 1F
13:58:21.299 R 19FA0401 A8 BA AC 0D 00 00 00 00
13:58:21.300 R 19FA0401 A9 F5 15 73 32 B7 A7 3C
13:58:21.301 R 19FA0401 AA 0F 00 00 00 00 F5 1E
13:58:21.301 R 19FA0401 AB AE 2D 66 7B A0 0F 00
13:58:21.302 R 19FA0401 AC 00 00 00 F5 44 80 16
13:58:21.303 R 19FA0401 AD B9 3E D8 0E 00 00 00
13:58:21.303 R 19FA0401 AE 00 F5 45 73 32 A3 0D
13:58:21.304 R 19FA0401 AF 04 10 00 00 00 00 F5
13:58:21.305 R 19FA0401 B0 46 8B 18 2B CB E4 0C
13:58:21.306 R 19FA0401 B1 00 00 00 00 F5 4E FF
13:58:21.306 R 19FA0401 B2 1D D1 24 A0 0F 00 00
13:58:21.307 R 19FA0401 B3 00 00 F5 22 C5 13 95
13:58:21.308 R 19FA0401 B4 83 10 0E 00 00 00 00
13:58:21.308 R 19FA0401 B5 F5 00 A2 3A B6 D4 D8
13:58:21.309 R 19FA0401 B6 0E 00 00 00 00 F5 00
13:58:21.310 R 19FA0401 B7 39 28 AB B4 80 0C 00
13:58:21.310 R 19FA0401 B8 00 00 00 F5 00 80 16
13:58:21.311 R 19FA0401 B9 A0 B2 F0 0A 00 00 00
13:58:21.312 R 19FA0401 BA 00 F5 00 BA 11 66 8A
13:58:21.313 R 19FA0401 BB E4 0C 00 00 00 00 F5
13:58:21.313 R 19FA0401 BC 00 2E 17 7F 34 54 0B
13:58:21.314 R 19FA0401 BD 00 00 00 00 F5 00 51
13:58:21.315 R 19FA0401 BE 2C D1 33 AC 0D 00 00
13:58:21.315 R 19FA0401 BF 00 00 F5 FF FF FF FF
13:58:21.316 R 09F80101 34 20 50 1F 4E 98 3E 03
13:58:21.317 R 19F11A01 FF FF FF FF FB 01 FF FF
13:58:21.367 R 19FB1200 A0 23 18 93 4E 8B 0E 24
13:58:21.367 R 19FB1200 A1 53 4D 54 46 39 21 49
13:58:21.368 R 19FB1200 A2 50 44 39 31 30 38 40
13:58:21.368 R 19FB1200 A3 78 00 28 00 14 00 28
13:58:21.369 R 19FB1200 A4 00 00 00 00 00 03 E1
13:58:21.370 R 19FB1200 A5 FF FF FF FF FF FF FF
13:58:21.370 R 1DFF7700 A0 1C 3B 9F 18 93 4E 8B
13:58:21.371 R 1DFF7700 A1 0E 01 24 53 4D 54 46
13:58:21.371 R 1DFF7700 A2 39 21 49 50 44 39 31
13:58:21.372 R 1DFF7700 A3 30 38 40 82 80 80 C0
13:58:21.372 R 1DFF7700 A4 FF FF FF FF FF FF FF
13:58:21.390 R 09FD02B1 FF 47 01 86 7A FA FF FF
13:58:21.392 R 09FD02B1 FF 47 01 86 7A FC FF FF
13:58:21.393 R 09FD02B1 FF 4A 01 FF 8C F9 FF FF
13:58:21.395 R 09F80201 FF FC 00 00 03 00 FF FF
13:58:21.395 R 09F80101 34 20 50 1F 4E 98 3E 03
13:58:21.416 R 1CFFF001 3B 9F 8C FF D6 1C EF 63
13:58:21.446 R 11F80E00 40 1C 01 AE 7D 09 10 6F
13:58:21.446 R 11F80E00 41 4D 3D 03 AB 57 4F 1F
13:58:21.447 R 11F80E00 42 69 63 02 85 00 CC 08
13:58:21.448 R 11F80E00 43 00 AE 00 00 00 C0 F8
13:58:21.448 R 11F80E00 44 FF FF FF FF FF FF FF
13:58:21.474 R 11F80F00 80 1B 12 52 0C 97 0E AD
13:58:21.475 R 11F80F00 81 21 44 03 21 EC 53 1F
13:58:21.475 R 11F80F00 82 57 42 BD DD 00 06 00
13:58:21.476 R 11F80F00 83 06 FF FF 00 5C FF FF
13:58:21.490 R 09FD02B1 FF 46 01 78 7A FA FF FF
13:58:21.490 R 09F50373 00 00 00 FF FF 00 FF FF
13:58:21.491 R 09FD02B1 FF 46 01 78 7A FC FF FF
13:58:21.491 R 09FD02B1 FF 49 01 F2 8C F9 FF FF
13:58:21.496 R 0DF80501 C0 2B 83 E4 50 58 C4 B0
13:58:21.496 R 0DF80501 C1 19 00 08 B1 94 54 66
13:58:21.497 R 0DF80501 C2 4A 07 00 C2 7E C1 50
13:58:21.498 R 0DF80501 C3 63 C1 00 A0 15 70 02
13:58:21.499 R 0DF80501 C4 00 00 00 00 23 FC 14
13:58:21.499 R 11F80E00 60 1C 03 50 53 8F 0E 0D
13:58:21.500 R 0DF80501 C5 3C 00 FF 7F EE 11 00
13:58:21.501 R 11F80E00 61 7A 3B 03 58 D3 4B 1F
13:58:21.501 R 0DF80501 C6 00 00 FF FF FF FF FF
13:58:21.502 R 11F80E00 62 51 2D 53 05 00 00 00
13:58:21.502 R 09F80101 34 20 50 1F 4D 98 3E 03
13:58:21.502 R 11F80E00 63 00 7D 9D E6 FF C0 F8
13:58:21.502 R 0DF80901 E4 50 58 C4 B0 19 78 00
13:58:21.503 R 11F80E00 64 FF FF FF FF FF FF FF
13:58:21.526 R 1CFF1A73 3B 9F 00 00 FF FF FF FF
13:58:21.527 R 09F50373 00 00 00 FF FF 00 FF FF
13:58:21.588 R 09FD02B1 FF 46 01 7D 7A FA FF FF
13:58:21.589 R 09FD02B1 FF 46 01 7D 7A FC FF FF
13:58:21.589 R 09FD02B1 FF 48 01 F6 8C F9 FF FF
13:58:21.596 R 09F80201 FF FC 00 00 03 00 FF FF
13:58:21.597 R 09F80101 34 20 50 1F 4D 98 3E 03
13:58:21.500 R 0DF01001 FF FF E4 50 58 C4 B0 19
13:58:21.590 R 09FD02B1 FF 45 01 91 7A FA FF FF
13:58:21.591 R 09FD02B1 FF 45 01 91 7A FC FF FF
13:58:21.592 R 09FD02B1 FF 48 01 10 8D F9 FF FF
13:58:21.600 R 09F80101 34 20 50 1F 4D 98 3E 03
13:58:21.642 R 11F80E00 80 1C 03 50 53 8F 0E 0D
13:58:21.643 R 11F80E00 81 7A 3B 03 68 D3 4B 1F
13:58:21.644 R 11F80E00 82 55 2D 53 05 00 00 00
13:58:21.644 R 11F80E00 83 00 7D 9D E6 FF C0 F8
13:58:21.645 R 11F80E00 84 FF FF FF FF FF FF FF
13:58:21.665 R 09F11273 00 66 20 FF 7F FF 7F FD
13:58:21.665 R 09F10D73 FF F8 FF FF 0C 02 FF FF
13:58:21.666 R 1CFF4F73 3B 9F 00 FF FF 66 20 FF
13:58:21.667 R 1DEFFF73 A0 16 3B 9F F0 81 9C C1
13:58:21.667 R 1DEFFF73 A1 17 03 FB 01 03 00 F7
13:58:21.668 R 1DEFFF73 A2 FF FF 00 00 00 01 00
13:58:21.668 R 1DEFFF73 A3 00 00 FF FF FF FF FF
13:58:21.669 R 11F80E00 A0 1C 01 D4 45 8D 0E 8A
13:58:21.670 R 11F80E00 A1 41 3B 03 4D B9 4B 1F
13:58:21.670 R 11F80E00 A2 57 FF FF 00 00 38 03
13:58:21.671 R 11F80E00 A3 09 C2 9A 00 00 C7 F8
13:58:21.672 R 11F80E00 A4 FF FF FF FF FF FF FF
13:58:21.690 R 09FD02B1 FF 45 01 BA 7A FA FF FF
13:58:21.691 R 09FD02B1 FF 45 01 BA 7A FC FF FF
13:58:21.691 R 09FD02B1 FF 47 01 3A 8D F9 FF FF
13:58:21.692 R 15FD0773 00 C0 53 7A FF 7F FF FF
13:58:21.696 R 11F80E00 C0 1C 01 BC 0F 97 0E 4E
13:58:21.697 R 11F80E00 C1 A7 4D 03 20 50 61 1F
13:58:21.697 R 11F80E00 C2 54 2E 08 96 01 39 03
13:58:21.698 R 11F80E00 C3 09 FF FF FF 7F C0 F8
13:58:21.698 R 11F80E00 C4 FF FF FF FF FF FF FF
13:58:21.701 R 09F80201 FF FC 00 00 03 00 FF FF
13:58:21.702 R 09F80101 34 20 50 1F 4D 98 3E 03
13:58:21.702 R 0DF90B01 FF FC FB 01 03 00 FF FF
13:58:21.703 R 19F81401 20 14 57 38 34 00 00 00
13:58:21.704 R 19F81401 21 00 00 00 00 00 00 00
13:58:21.705 R 19F81401 22 00 00 00 57 38 34 00
13:58:21.728 R 15FD0773 00 C0 53 7A FF 7F FF FF
13:58:21.778 R 11F80F00 A0 1B 12 F5 37 8E 0E AF
13:58:21.778 R 11F80F00 A1 49 2E 03 50 20 57 1F
13:58:21.779 R 11F80F00 A2 54 C2 EB 8C 01 49 09
13:58:21.779 R 11F80F00 A3 00 FF FF 00 70 FE FF
13:58:21.789 R 09FD02B1 FF 44 01 E8 7A FA FF FF
13:58:21.790 R 09FD02B1 FF 44 01 E8 7A FC FF FF
13:58:21.791 R 09FD02B1 FF 46 01 68 8D F9 FF FF
13:58:21.803 R 09F80101 34 20 50 1F 4D 98 3E 03
13:58:21.889 R 09FD02B1 FF 43 01 0C 7B FA FF FF
13:58:21.889 R 09FD02B1 FF 43 01 0C 7B FC FF FF
13:58:21.890 R 09FD02B1 FF 46 01 8F 8D F9 FF FF
13:58:21.903 R 09F80201 FF FC 00 00 03 00 FF FF
13:58:21.904 R 0DFE1101 40 0E C0 7F 00 00 03 00
13:58:21.905 R 0DFE1101 41 FF FF FF FF FB 01 03
13:58:21.906 R 0DFE1101 42 00 FF FF FF FF FF FF
13:58:21.906 R 09F80101 34 20 50 1F 4D 98 3E 03
13:58:21.910 R 11F80E00 E0 1C 01 8D D5 95 0E C9
13:58:21.911 R 11F80E00 E1 3A 46 03 99 C6 56 1F
13:58:21.911 R 11F80E00 E2 5B 26 94 8C 01 E8 56
13:58:21.912 R 11F80E00 E3 00 43 93 00 00 C0 F8
13:58:21.913 R 11F80E00 E4 FF FF FF FF FF FF FF
13:58:21.913 R 11F80F00 C0 1B 12 1F 5B 8B 0E 68
13:58:21.914 R 11F80F00 C1 5F 30 03 ED 4E 57 1F
13:58:21.914 R 11F80F00 C2 5B F9 4C 0B 01 06 00
13:58:21.915 R 11F80F00 C3 0E FF FF 00 74 FF FF
13:58:21.988 R 09FD02B1 FF 43 01 22 7B FA FF FF
13:58:21.989 R 09FD02B1 FF 43 01 22 7B FC FF FF
13:58:21.989 R 09FD02B1 FF 45 01 A6 8D F9 FF FF
13:58:21.991 R 11F80E00 00 1C 01 12 09 8C 0E B1
13:58:21.991 R 11F80E00 01 91 3A 03 5A 77 4B 1F
13:58:21.992 R 11F80E00 02 5F F7 AF 00 00 1E 41
13:58:21.992 R 11F80E00 03 01 FF FF FF 7F CF F8
13:58:21.993 R 11F80E00 04 FF FF FF FF FF FF FF
13:58:22.005 R 0DF90301 FF 7F FF FF FF 7F FF FF
13:58:22.006 R 09F80101 34 20 50 1F 4D 98 3E 03
13:58:22.007 R 1DFFF001 40 0D 3B 9F 90 FF FF FF
13:58:22.007 R 1DFFF001 41 FF FF FF FF FF ED 00
13:58:22.088 R 09FD02B1 FF 42 01 24 7B FA FF FF
13:58:22.088 R 09FD02B1 FF 42 01 24 7B FC FF FF
13:58:22.089 R 09FD02B1 FF 45 01 A8 8D F9 FF FF
13:58:22.107 R 09F80201 FF FC 00 00 03 00 FF FF
13:58:22.107 R 09F80101 34 20 50 1F 4D 98 3E 03
13:58:22.108 R 19FA0301 00 DB 3C 00 5A 00 3E 00
13:58:22.109 R 19FA0601 C0 0F 83 41 00 FF FF FF
13:58:22.110 R 19FA0601 C1 FF FF FF FF FF FF FF
13:58:22.110 R 19FA0601 C2 FF FF FF FF FF FF FF
13:58:22.111 R 19FA0B01 C0 0F 83 04 00 FF FF FF
13:58:22.112 R 19FA0B01 C1 FF FF FF FF FF FF FF
13:58:22.112 R 19FA0B01 C2 FF FF FF FF FF FF FF
13:58:22.151 R 1CFF4F73 3B 9F 00 FF FF 0E 20 FF
13:58:22.152 R 1DEFFF73 C0 16 3B 9F F0 81 84 86
13:58:22.152 R 1DEFFF73 C1 17 00 40 00 03 00 06
13:58:22.153 R 1DEFFF73 C2 FF FF 00 00 00 01 00
13:58:22.153 R 1DEFFF73 C3 00 00 FF FF FF FF FF
13:58:22.154 R 09F11273 00 0E 20 FF 7F FF 7F FD
13:58:22.155 R 09F10D73 FF F8 FF FF 0C 02 FF FF
13:58:22.155 R 1CFF0873 3B 9F 00 00 14 00 FF FF
13:58:22.171 R 11F80F00 E0 1B 12 7C 13 8D 0E 08
13:58:22.172 R 11F80F00 E1 98 3E 03 EE 1F 50 1F
13:58:22.172 R 11F80F00 E2 5B FF FF 00 00 00 00
13:58:22.173 R 11F80F00 E3 20 FF FF 00 70 FE FF
13:58:22.187 R 09FD02B1 FF 42 01 1B 7B FA FF FF
13:58:22.188 R 09FD02B1 FF 42 01 1B 7B FC FF FF
13:58:22.188 R 09FD02B1 FF 44 01 A2 8D F9 FF FF
13:58:22.192 R 19F51373 E0 0E FF FF FF FF FF FF
13:58:22.193 R 19F51373 E1 86 85 B0 00 00 00 00
13:58:22.193 R 19F51373 E2 00 FF FF FF FF FF FF
13:58:22.194 R 1DFF6773 00 0B 3B 9F 03 00 04 B4
13:58:22.194 R 1DFF6773 01 6E 11 19 09 09 FF FF
13:58:22.196 R 1DFF6773 20 0B 3B 9F 03 02 04 B4
13:58:22.196 R 1DFF6773 21 6E 11 19 09 09 FF FF
13:58:22.207 R 11F80F00 00 1B 12 EA 6F 96 0E 9B
13:58:22.207 R 11F80F00 01 AC 3E 03 DC 14 50 1F
13:58:22.208 R 11F80F00 02 54 A7 5C 00 00 06 00
13:58:22.208 R 11F80F00 03 06 FF FF 00 74 FF FF
13:58:22.209 R 19FA0401 C0 DB 83 FF 12 05 FF 1D
13:58:22.210 R 19FA0401 C1 E5 CD D8 0E 00 00 00
13:58:22.210 R 19FA0401 C2 00 F5 07 E8 28 22 33
13:58:22.211 R 19FA0401 C3 D8 0E 00 00 00 00 F5
13:58:22.212 R 19FA0401 C4 09 C5 13 AD 3C A0 0F
13:58:22.213 R 19FA0401 C5 00 00 00 00 F5 0B 5D
13:58:22.213 R 19FA0401 C6 10 AC 96 80 0C 00 00
13:58:22.214 R 19FA0401 C7 00 00 F5 14 0B 11 1F
13:58:22.215 R 19FA0401 C8 BA 74 0E 00 00 00 00
13:58:22.215 R 19FA0401 C9 F5 15 73 32 B7 A7 A0
13:58:22.216 R 19FA0401 CA 0F 00 00 00 00 F5 1E
13:58:22.217 R 19FA0401 CB AE 2D 66 7B A0 0F 00
13:58:22.218 R 19FA0401 CC 00 00 00 F5 44 80 16
13:58:22.218 R 19FA0401 CD B9 3E 10 0E 00 00 00
13:58:22.219 R 19FA0401 CE 00 F5 45 73 32 A3 0D
13:58:22.220 R 19FA0401 CF A0 0F 00 00 00 00 F5
13:58:22.220 R 19FA0401 D0 46 8B 18 2B CB D8 0E
13:58:22.221 R 19FA0401 D1 00 00 00 00 F5 4E FF
13:58:22.222 R 19FA0401 D2 1D D1 24 A0 0F 00 00
13:58:22.223 R 19FA0401 D3 00 00 F5 22 C5 13 95
13:58:22.223 R 19FA0401 D4 83 AC 0D 00 00 00 00
13:58:22.224 R 19FA0401 D5 F5 00 A2 3A B6 D4 D8
13:58:22.225 R 19FA0401 D6 0E 00 00 00 00 F5 00
13:58:22.225 R 19FA0401 D7 39 28 AB B4 E4 0C 00
13:58:22.226 R 19FA0401 D8 00 00 00 F5 00 80 16
13:58:22.227 R 19FA0401 D9 A0 B2 54 0B 00 00 00
13:58:22.227 R 19FA0401 DA 00 F5 00 BA 11 66 8A
13:58:22.228 R 19FA0401 DB 80 0C 00 00 00 00 F5
13:58:22.229 R 19FA0401 DC 00 51 2C D1 33 AC 0D
13:58:22.229 R 19FA0401 DD 00 00 00 00 F5 00 3A
13:58:22.230 R 19FA0401 DE 19 88 CC AC 0D 00 00
13:58:22.231 R 19FA0401 DF 00 00 F5 FF FF FF FF
13:58:22.232 R 09F80101 35 20 50 1F 4D 98 3E 03
13:58:22.232 R 11F80E00 20 1C 01 1B E7 96 0E C3
13:58:22.233 R 11F80E00 21 22 33 03 E6 44 57 1F
13:58:22.233 R 11F80E00 22 58 FF FF 00 00 4D 83
13:58:22.234 R 11F80E00 23 09 FF FF FF 7F C0 F8
13:58:22.234 R 11F80E00 24 FF FF FF FF FF FF FF
13:58:22.235 R 19F11A01 FF FF FF FF FB 01 FF FF
13:58:22.236 R 1CFF1F01 3B 9F FF FB 01 FF FF FF
13:58:22.258 R 11F80E00 40 1C 01 CA 71 96 0E 5D
13:58:22.259 R 11F80E00 41 37 3D 03 67 F0 4F 1F
13:58:22.260 R 11F80E00 42 58 00 00 00 00 4E 83
13:58:22.260 R 11F80E00 43 01 FF FF FF 7F C0 F8
13:58:22.261 R 11F80E00 44 FF FF FF FF FF FF FF
13:58:22.286 R 09FD02B1 FF 42 01 1B 7B FA FF FF
13:58:22.288 R 09FD02B1 FF 42 01 1B 7B FC FF FF
13:58:22.289 R 09FD02B1 FF 44 01 A4 8D F9 FF FF
13:58:22.310 R 09F80201 FF FC 00 00 03 00 FF FF
13:58:22.311 R 09F80101 35 20 50 1F 4C 98 3E 03
13:58:22.319 R 1CFFF001 3B 9F 8C FF E4 1C C7 63
13:58:22.363 R 1DEFFF73 40 16 3B 9F F0 81 90 00
13:58:22.363 R 1DEFFF73 41 03 00 01 FF 08 02 F7
13:58:22.364 R 1DEFFF73 42 FF FF 00 00 00 01 00
13:58:22.364 R 1DEFFF73 43 00 00 FF FF FF FF FF
13:58:22.386 R 09FD02B1 FF 41 01 2B 7B FA FF FF
13:58:22.387 R 09FD02B1 FF 41 01 2B 7B FC FF FF
13:58:22.387 R 09FD02B1 FF 44 01 B6 8D F9 FF FF
13:58:22.411 R 0DF80501 E0 2B 84 E4 50 DE E8 B0
13:58:22.411 R 0DF80501 E1 19 00 D2 4B D0 54 66
13:58:22.412 R 0DF80501 E2 4A 07 00 F8 E3 85 50
13:58:22.413 R 0DF80501 E3 63 C1 00 A0 15 70 02
13:58:22.414 R 0DF80501 E4 00 00 00 00 23 FC 14
13:58:22.414 R 0DF80501 E5 3C 00 FF 7F EE 11 00
13:58:22.415 R 0DF80501 E6 00 00 FF FF FF FF FF
13:58:22.416 R 09F80101 35 20 50 1F 4C 98 3E 03
13:58:22.417 R 0DF80901 E4 50 DE E8 B0 19 78 00
13:58:22.485 R 09FD02B1 FF 41 01 4C 7B FA FF FF
13:58:22.486 R 09FD02B1 FF 41 01 4C 7B FC FF FF
13:58:22.487 R 09FD02B1 FF 43 01 DA 8D F9 FF FF
13:58:22.512 R 09F80201 FF FC 00 00 03 00 FF FF
13:58:22.513 R 09F80101 35 20 50 1F 4C 98 3E 03
13:58:22.602 R 0DF01001 FF FF E4 50 64 EF B0 19
13:58:22.638 R 09F50373 00 00 00 FF FF 00 FF FF
13:58:22.666 R 0DF50B73 00 FE 01 00 00 FF FF FF
13:58:22.673 R 09FD02B1 FF 40 01 7A 7B FA FF FF
13:58:22.674 R 09FD02B1 FF 40 01 7A 7B FC FF FF
13:58:22.675 R 09FD02B1 FF 43 01 08 8E F9 FF FF
13:58:22.702 R 09F80101 35 20 50 1F 4C 98 3E 03
13:58:22.743 R 09F11273 00 66 20 FF 7F FF 7F FD
13:58:22.744 R 09F10D73 FF F8 FF FF 0C 02 FF FF
13:58:22.745 R 1CFF4F73 3B 9F 00 FF FF 66 20 FF
13:58:22.745 R 1DEFFF73 60 16 3B 9F F0 81 9C C1
13:58:22.746 R 1DEFFF73 61 17 03 00 01 03 00 F7
13:58:22.746 R 1DEFFF73 62 FF FF 00 00 00 01 00
13:58:22.747 R 1DEFFF73 63 00 00 FF FF FF FF FF
13:58:22.769 R 09F50373 00 00 00 FF FF 00 FF FF
13:58:22.769 R 1CFF1A73 3B 9F 00 00 FF FF FF FF
13:58:22.772 R 09FD02B1 FF 3F 01 A6 7B FA FF FF
13:58:22.773 R 09FD02B1 FF 3F 01 A6 7B FC FF FF
13:58:22.773 R 09FD02B1 FF 42 01 35 8E F9 FF FF
13:58:22.802 R 09F80201 FF FC 00 00 04 00 FF FF
13:58:22.803 R 09F80101 35 20 50 1F 4C 98 3E 03
13:58:22.804 R 0DF90B01 FF FC FB 01 03 00 FF FF
13:58:22.872 R 09FD02B1 FF 3F 01 C7 7B FA FF FF
13:58:22.873 R 09FD02B1 FF 3F 01 C7 7B FC FF FF
13:58:22.874 R 09FD02B1 FF 41 01 5A 8E F9 FF FF
13:58:22.882 R 11F80E00 60 1C 01 C9 D4 95 0E FC
13:58:22.883 R 11F80E00 61 3B 3D 03 D0 F2 4F 1F
13:58:22.883 R 11F80E00 62 5B ED 4D 00 00 CE 40
13:58:22.884 R 11F80E00 63 09 FF FF FF 7F D0 F8
13:58:22.884 R 11F80E00 64 FF FF FF FF FF FF FF
13:58:22.904 R 09F80101 35 20 50 1F 4C 98 3E 03
13:58:22.941 R 15FD0773 00 C0 53 7A FF 7F FF FF
13:58:22.971 R 09FD02B1 FF 3F 01 E0 7B FA FF FF
13:58:22.972 R 09FD02B1 FF 3F 01 E0 7B FC FF FF
13:58:22.972 R 09FD02B1 FF 41 01 73 8E F9 FF FF
13:58:22.998 R 15FD0773 00 C0 53 7A FF 7F FF FF
13:58:23.005 R 09F80201 FF FC 00 00 03 00 FF FF
13:58:23.006 R 0DFE1101 60 0E C0 80 00 00 03 00
13:58:23.006 R 0DFE1101 61 FF FF FF FF FB 01 03
13:58:23.007 R 0DFE1101 62 00 FF FF FF FF FF FF
13:58:23.008 R 09F80101 35 20 50 1F 4C 98 3E 03
13:58:23.070 R 09FD02B1 FF 3E 01 EC 7B FA FF FF
13:58:23.071 R 09FD02B1 FF 3E 01 EC 7B FC FF FF
13:58:23.072 R 09FD02B1 FF 41 01 82 8E F9 FF FF
13:58:23.106 R 0DF90301 FF 7F FF FF FF 7F FF FF
13:58:23.107 R 09F80101 36 20 50 1F 4C 98 3E 03
13:58:23.108 R 1DFFF001 60 0D 3B 9F 90 FF FF FF
13:58:23.108 R 1DFFF001 61 FF FF FF FF FF EA 00
13:58:23.170 R 09FD02B1 FF 3E 01 F4 7B FA FF FF
13:58:23.171 R 09FD02B1 FF 3E 01 F4 7B FC FF FF
13:58:23.171 R 09FD02B1 FF 40 01 8F 8E F9 FF FF
13:58:23.177 R 11F80E00 80 1C 01 90 73 8B 0E 9D
13:58:23.177 R 11F80E00 81 56 3D 03 A6 1E 4E 1F
13:58:23.178 R 11F80E00 82 5F FF FF 00 00 D0 08
13:58:23.178 R 11F80E00 83 08 FF FF FF 7F C0 F8
13:58:23.179 R 11F80E00 84 FF FF FF FF FF FF FF
13:58:23.208 R 09F80201 FF FC 00 00 04 00 FF FF
13:58:23.208 R 09F80101 36 20 50 1F 4C 98 3E 03
13:58:23.209 R 19FA0301 00 DB 3C 00 5A 00 3E 00
13:58:23.210 R 19FA0601 E0 0F 84 41 00 FF FF FF
13:58:23.211 R 19FA0601 E1 FF FF FF FF FF FF FF
13:58:23.211 R 19FA0601 E2 FF FF FF FF FF FF FF
13:58:23.212 R 19FA0B01 E0 0F 84 06 00 FF FF FF
13:58:23.213 R 19FA0B01 E1 FF FF FF FF FF FF FF
13:58:23.213 R 19FA0B01 E2 FF FF FF FF FF FF FF
13:58:23.243 R 0DF50B73 00 EB 01 00 00 FF FF FF
13:58:23.263 R 11F80F00 20 1B 12 7C 13 8D 0E 08
13:58:23.264 R 11F80F00 21 98 3E 03 EE 1F 50 1F
13:58:23.265 R 11F80F00 22 5F FF FF 00 00 00 00
13:58:23.265 R 11F80F00 23 20 FF FF 00 70 FE FF
13:58:23.269 R 09FD02B1 FF 3E 01 FF 7B FA FF FF
13:58:23.270 R 09FD02B1 FF 3E 01 FF 7B FC FF FF
13:58:23.271 R 09FD02B1 FF 40 01 9A 8E F9 FF FF
13:58:23.281 R 09F11273 00 BD 20 FF 7F FF 7F FD
13:58:23.282 R 09F10D73 FF F8 FF FF 0C 02 FF FF
13:58:23.283 R 1CFF0873 3B 9F 00 00 14 00 FF FF
13:58:23.284 R 1CFF4F73 3B 9F 00 FF FF BD 20 FF
13:58:23.284 R 1DFF6773 80 0B 3B 9F 03 00 04 B4
13:58:23.285 R 1DFF6773 81 6E 11 19 09 09 FF FF
13:58:23.286 R 1DEFFF73 A0 16 3B 9F F0 81 84 06
13:58:23.286 R 1DEFFF73 A1 18 00 40 00 03 00 06
13:58:23.287 R 1DEFFF73 A2 00 00 00 00 00 01 00
13:58:23.287 R 1DEFFF73 A3 00 00 FF FF FF FF FF
13:58:23.288 R 19F51373 C0 0E FF FF FF FF FF FF
13:58:23.289 R 19F51373 C1 86 85 B0 00 00 00 00
13:58:23.289 R 19F51373 C2 00 FF FF FF FF FF FF
13:58:23.290 R 1DFF6773 E0 0B 3B 9F 03 02 04 B4
13:58:23.291 R 1DFF6773 E1 6E 11 19 09 09 FF FF
13:58:23.309 R 19FA0401 E0 DB 84 FF 12 05 FF 1D
13:58:23.310 R 19FA0401 E1 E5 CD 3C 0F 00 00 00
13:58:23.311 R 11F80E00 A0 1C 03 C2 D3 8C 0E DA
13:58:23.311 R 11F80E00 A1 95 41 03 52 E7 52 1F
13:58:23.312 R 11F80E00 A2 5E 11 30 48 00 80 A6
13:58:23.312 R 11F80E00 A3 01 FF FF FF 7F C5 F8
13:58:23.313 R 11F80E00 A4 FF FF FF FF FF FF FF
13:58:23.313 R 19FA0401 E2 00 F5 07 E8 28 22 33
13:58:23.314 R 19FA0401 E3 D8 0E 00 00 00 00 F5
13:58:23.315 R 19FA0401 E4 09 C5 13 AD 3C 3C 0F
13:58:23.316 R 19FA0401 E5 00 00 00 00 F5 0B 5D
13:58:23.316 R 19FA0401 E6 10 AC 96 1C 0C 00 00
13:58:23.317 R 19FA0401 E7 00 00 F5 14 0B 11 1F
13:58:23.318 R 19FA0401 E8 BA D8 0E 00 00 00 00
13:58:23.318 R 19FA0401 E9 F5 15 73 32 B7 A7 A0
13:58:23.319 R 19FA0401 EA 0F 00 00 00 00 F5 1E
13:58:23.320 R 19FA0401 EB AE 2D 66 7B A0 0F 00
13:58:23.321 R 19FA0401 EC 00 00 00 F5 44 80 16
13:58:23.321 R 19FA0401 ED B9 3E 80 0C 00 00 00
13:58:23.322 R 19FA0401 EE 00 F5 45 73 32 A3 0D
13:58:23.323 R 19FA0401 EF A0 0F 00 00 00 00 F5
13:58:23.323 R 19FA0401 F0 46 8B 18 2B CB A0 0F
13:58:23.324 R 19FA0401 F1 00 00 00 00 F5 4E FF
13:58:23.325 R 19FA0401 F2 1D D1 24 A0 0F 00 00
13:58:23.325 R 19FA0401 F3 00 00 F5 22 C5 13 95
13:58:23.326 R 19FA0401 F4 83 E4 0C 00 00 00 00
13:58:23.327 R 19FA0401 F5 F5 00 A2 3A B6 D4 D8
13:58:23.328 R 19FA0401 F6 0E 00 00 00 00 F5 00
13:58:23.328 R 19FA0401 F7 39 28 AB B4 E4 0C 00
13:58:23.329 R 19FA0401 F8 00 00 00 F5 00 BA 11
13:58:23.330 R 19FA0401 F9 66 8A E4 0C 00 00 00
13:58:23.330 R 19FA0401 FA 00 F5 00 2E 17 7F 34
13:58:23.331 R 19FA0401 FB 54 0B 00 00 00 00 F5
13:58:23.332 R 19FA0401 FC 00 51 2C D1 33 AC 0D
13:58:23.333 R 19FA0401 FD 00 00 00 00 F5 00 3A
13:58:23.333 R 19FA0401 FE 19 88 CC AC 0D 00 00
13:58:23.334 R 19FA0401 FF 00 00 F5 FF FF FF FF
13:58:23.335 R 09F80101 36 20 50 1F 4B 98 3E 03
13:58:23.335 R 19F11A01 FF FF FF FF FB 01 FF FF
13:58:23.337 R 11F80F00 40 1B 12 9D FF 90 0E 29
13:58:23.338 R 11F80F00 41 22 28 03 66 3F 5A 1F
13:58:23.339 R 11F80F00 42 5C 96 59 58 01 91 5B
13:58:23.339 R 11F80F00 43 00 FF FF 00 70 FF FF
13:58:23.369 R 09FD02B1 FF 3D 01 05 7C FA FF FF
13:58:23.369 R 09FD02B1 FF 3D 01 05 7C FC FF FF
13:58:23.370 R 09FD02B1 FF 40 01 A2 8E F9 FF FF
13:58:23.410 R 1CFFF001 3B 9F 8C FF F1 1C 9F 63
13:58:23.411 R 09F80201 FF FC 00 00 03 00 FF FF
13:58:23.411 R 09F80101 36 20 50 1F 4B 98 3E 03
13:58:23.418 R 11F80E00 C0 1C 01 E4 71 96 0E BF
13:58:23.418 R 11F80E00 C1 53 3D 03 DE 28 4E 1F
13:58:23.419 R 11F80E00 C2 5F FF FF 00 00 76 03
13:58:23.419 R 11F80E00 C3 01 07 F2 00 00 CF F8
13:58:23.420 R 11F80E00 C4 FF FF FF FF FF FF FF
13:58:23.463 R 09F50373 00 00 00 FF FF 00 FF FF
13:58:23.468 R 09FD02B1 FF 3D 01 05 7C FA FF FF
13:58:23.469 R 09FD02B1 FF 3D 01 05 7C FC FF FF
13:58:23.469 R 09FD02B1 FF 3F 01 A6 8E F9 FF FF
13:58:23.507 R 1CFF1A73 3B 9F 00 00 FF FF FF FF
13:58:23.508 R 09F50373 00 00 00 FF FF 00 FF FF
13:58:23.512 R 0DF80501 00 2B 85 E4 50 EE 0F B1
13:58:23.513 R 0DF80501 01 19 00 9C E6 0B 55 66
13:58:23.513 R 0DF80501 02 4A 07 00 2E 49 4A 50
13:58:23.514 R 0DF80501 03 63 C1 00 A0 15 70 02
13:58:23.515 R 0DF80501 04 00 00 00 00 23 FC 14
13:58:23.516 R 0DF80501 05 3C 00 FF 7F EE 11 00
13:58:23.516 R 0DF80501 06 00 00 FF FF FF FF FF
13:58:23.517 R 09F80101 36 20 50 1F 4B 98 3E 03
13:58:23.517 R 0DF80901 E4 50 EE 0F B1 19 78 00
13:58:23.566 R 09FD02B1 FF 3D 01 07 7C FA FF FF
13:58:23.567 R 09FD02B1 FF 3D 01 07 7C FC FF FF
13:58:23.568 R 09FD02B1 FF 3F 01 A9 8E F9 FF FF
13:58:23.577 R 11F80E00 E0 1C 03 0D 59 8C 0E A3
13:58:23.578 R 11F80E00 E1 23 3D 03 D1 D6 4F 1F
13:58:23.579 R 11F80E00 E2 55 21 6F 00 00 8A 4A
13:58:23.579 R 11F80E00 E3 01 5A 79 00 00 D5 F8
13:58:23.580 R 11F80E00 E4 FF FF FF FF FF FF FF
13:58:23.605 R 11F80F00 60 1B 12 6A 6B 96 0C 3B
13:58:23.606 R 11F80F00 61 48 36 03 FF B4 52 1F
13:58:23.606 R 11F80F00 62 5C 42 E1 FC 00 7D 83
13:58:23.607 R 11F80F00 63 00 FF FF 00 70 FE FF
13:58:23.612 R 09F80201 FF FC 00 00 03 00 FF FF
13:58:23.613 R 09F80101 36 20 50 1F 4B 98 3E 03
13:58:23.600 R 0DF01001 FF FF E4 50 60 16 B1 19
13:58:23.608 R 15FD0773 00 C0 53 7A FF 7F FF FF
13:58:23.652 R 09FD02B1 FF 3C 01 0B 7C FA FF FF
13:58:23.653 R 09FD02B1 FF 3C 01 0B 7C FC FF FF
13:58:23.653 R 09FD02B1 FF 3F 01 B0 8E F9 FF FF
13:58:23.693 R 19FB1200 C0 23 18 A0 FF 8B 0E 00
13:58:23.693 R 19FB1200 C1 00 00 00 00 00 00 00
13:58:23.694 R 19FB1200 C2 00 00 FF FF 00 99 51
13:58:23.694 R 19FB1200 C3 31 00 00 00 00 00 00
13:58:23.695 R 19FB1200 C4 00 00 00 00 00 93 E0
13:58:23.696 R 19FB1200 C5 FF FF FF FF FF FF FF
13:58:23.696 R 1DFF7700 C0 1C 3B 9F 18 A0 FF 8B
13:58:23.697 R 1DFF7700 C1 0E 01 00 00 00 00 00
13:58:23.697 R 1DFF7700 C2 00 00 00 00 00 FF FF
13:58:23.698 R 1DFF7700 C3 00 99 51 E4 5F 00 E0
13:58:23.699 R 1DFF7700 C4 FF FF FF FF FF FF FF
13:58:23.699 R 09F80101 36 20 50 1F 4B 98 3E 03
13:58:23.734 R 15FD0773 00 C0 53 7A FF 7F FF FF
13:58:23.751 R 11F80E00 00 1C 01 62 4C 96 0E 89
13:58:23.751 R 09FD02B1 FF 3C 01 10 7C FA FF FF
13:58:23.752 R 09FD02B1 FF 3C 01 10 7C FC FF FF
13:58:23.753 R 11F80E00 01 39 28 03 70 81 45 1F
13:58:23.753 R 09FD02B1 FF 3E 01 B7 8E F9 FF FF
13:58:23.754 R 11F80E00 02 5F 60 A4 58 01 1B D2
13:58:23.754 R 11F80E00 03 08 FF FF FF 7F CF F8
13:58:23.755 R 11F80E00 04 FF FF FF FF FF FF FF
13:58:23.760 R 1CFF4F73 3B 9F 00 FF FF BD 20 FF
13:58:23.761 R 1DEFFF73 00 16 3B 9F F0 81 9C 01
13:58:23.762 R 1DEFFF73 01 18 03 FB 01 03 00 F7
13:58:23.762 R 1DEFFF73 02 FF FF 00 00 00 01 00
13:58:23.763 R 1DEFFF73 03 00 00 FF FF FF FF FF
13:58:23.763 R 09F11273 00 BD 20 FF 7F FF 7F FD
13:58:23.764 R 09F10D73 FF F8 FF FF 0C 02 FF FF
13:58:23.800 R 09F80201 FF FC 00 00 03 00 FF FF
13:58:23.801 R 09F80101 36 20 50 1F 4B 98 3E 03
13:58:23.802 R 0DF90B01 FF FC FB 01 04 00 FF FF
13:58:23.851 R 09FD02B1 FF 3C 01 16 7C FA FF FF
13:58:23.851 R 09FD02B1 FF 3C 01 16 7C FC FF FF
13:58:23.852 R 09FD02B1 FF 3E 01 BE 8E F9 FF FF
13:58:23.886 R 19FB0200 40 4C 05 88 48 B2 0E 00
13:58:23.887 R 19FB0200 41 00 00 00 50 49 43 49
13:58:23.887 R 19FB0200 42 40 40 40 4B 4E 52 4D
13:58:23.888 R 19FB0200 43 2D 54 52 55 44 59 20
13:58:23.888 R 19FB0200 44 42 41 4B 48 55 49 53
13:58:23.889 R 19FB0200 45 40 40 33 6E 00 28 00
13:58:23.889 R 19FB0200 46 1E 00 3C 00 FF FF 00
13:58:23.890 R 19FB0200 47 00 00 00 00 00 40 40
13:58:23.891 R 19FB0200 48 40 40 40 40 40 40 40
13:58:23.891 R 19FB0200 49 40 40 40 40 40 40 40
13:58:23.892 R 19FB0200 4A 40 40 40 40 0E E0 FF
13:58:23.902 R 09F80101 37 20 50 1F 4B 98 3E 03
13:58:23.950 R 09FD02B1 FF 3B 01 18 7C FA FF FF
13:58:23.951 R 09FD02B1 FF 3B 01 18 7C FC FF FF
13:58:23.951 R 09FD02B1 FF 3E 01 C5 8E F9 FF FF
13:58:24.003 R 09F80201 FF FC 00 00 03 00 FF FF
13:58:24.003 R 0DFE1101 80 0E C0 81 00 00 03 00
13:58:24.004 R 0DFE1101 81 FF FF FF FF FB 01 04
13:58:24.005 R 0DFE1101 82 00 FF FF FF FF FF FF
13:58:24.006 R 09F80101 37 20 50 1F 4B 98 3E 03
13:58:24.050 R 09FD02B1 FF 3B 01 1C 7C FA FF FF
13:58:24.051 R 09FD02B1 FF 3B 01 1C 7C FC FF FF
13:58:24.052 R 09FD02B1 FF 3D 01 CA 8E F9 FF FF
13:58:24.057 R 1CFF7400 3B 9F FD 00 00 FF FF FF
13:58:24.104 R 0DF90301 FF 7F FF FF FF 7F FF FF
13:58:24.105 R 09F80101 37 20 50 1F 4A 98 3E 03
13:58:24.105 R 1DFFF001 80 0D 3B 9F 90 FF FF FF
13:58:24.106 R 1DFFF001 81 FF FF FF FF FF E8 00
13:58:24.149 R 09FD02B1 FF 3A 01 1F 7C FA FF FF
13:58:24.150 R 09FD02B1 FF 3A 01 1F 7C FC FF FF
13:58:24.150 R 09FD02B1 FF 3D 01 CF 8E F9 FF FF
13:58:24.205 R 09F80201 FF FC 00 00 03 00 FF FF
13:58:24.206 R 09F80101 37 20 50 1F 4A 98 3E 03
13:58:24.207 R 19FA0301 00 DB 3C 00 5A 00 3E 00
13:58:24.208 R 19FA0601 00 0F 85 41 00 FF FF FF
13:58:24.208 R 19FA0601 01 FF FF FF FF FF FF FF
13:58:24.209 R 19FA0601 02 FF FF FF FF FF FF FF
13:58:24.210 R 19FA0B01 00 0F 85 04 00 FF FF FF
13:58:24.210 R 19FA0B01 01 FF FF FF FF FF FF FF
13:58:24.211 R 19FA0B01 02 FF FF FF FF FF FF FF
13:58:24.230 R 0DF50B73 00 E8 01 00 00 FF FF FF
13:58:24.249 R 09FD02B1 FF 3A 01 1F 7C FA FF FF
13:58:24.250 R 09FD02B1 FF 3A 01 1F 7C FC FF FF
13:58:24.251 R 09FD02B1 FF 3D 01 D3 8E F9 FF FF
13:58:24.253 R 11F80F00 80 1B 12 7C 13 8D 0E 08
13:58:24.253 R 11F80F00 81 98 3E 03 EE 1F 50 1F
13:58:24.254 R 11F80F00 82 63 FF FF 00 00 00 00
13:58:24.254 R 11F80F00 83 20 FF FF 00 70 FE FF
13:58:24.272 R 19F51373 20 0E FF FF FF FF FF FF
13:58:24.272 R 19F51373 21 86 85 B0 00 00 00 00
13:58:24.273 R 19F51373 22 00 FF FF FF FF FF FF
13:58:24.274 R 1DFF6773 40 0B 3B 9F 03 00 04 B4
13:58:24.274 R 1DFF6773 41 6E 11 19 09 09 FF FF
13:58:24.275 R 1DFF6773 60 0B 3B 9F 03 02 04 B4
13:58:24.276 R 1DFF6773 61 6E 11 19 09 09 FF FF
13:58:24.307 R 19FA0401 00 DB 85 FF 12 05 FF 1D
13:58:24.308 R 19FA0401 01 E5 CD D8 0E 00 00 00
13:58:24.309 R 19FA0401 02 00 F5 07 E8 28 22 33
13:58:24.309 R 19FA0401 03 74 0E 00 00 00 00 F5
13:58:24.310 R 19FA0401 04 09 C5 13 AD 3C D8 0E
13:58:24.311 R 19FA0401 05 00 00 00 00 F5 0B 5D
13:58:24.311 R 19FA0401 06 10 AC 96 80 0C 00 00
13:58:24.312 R 19FA0401 07 00 00 F5 14 0B 11 1F
13:58:24.313 R 19FA0401 08 BA 74 0E 00 00 00 00
13:58:24.313 R 19FA0401 09 F5 15 73 32 B7 A7 A0
13:58:24.314 R 19FA0401 0A 0F 00 00 00 00 F5 1E
13:58:24.315 R 19FA0401 0B AE 2D 66 7B 04 10 00
13:58:24.315 R 19FA0401 0C 00 00 00 F5 44 80 16
13:58:24.316 R 19FA0401 0D B9 3E 80 0C 00 00 00
13:58:24.317 R 19FA0401 0E 00 F5 45 73 32 A3 0D
13:58:24.318 R 19FA0401 0F 3C 0F 00 00 00 00 F5
13:58:24.318 R 19FA0401 10 46 8B 18 2B CB A0 0F
13:58:24.319 R 19FA0401 11 00 00 00 00 F5 4E FF
13:58:24.320 R 19FA0401 12 1D D1 24 04 10 00 00
13:58:24.320 R 19FA0401 13 00 00 F5 22 C5 13 95
13:58:24.321 R 19FA0401 14 83 80 0C 00 00 00 00
13:58:24.322 R 19FA0401 15 F5 00 A2 3A B6 D4 D8
13:58:24.323 R 19FA0401 16 0E 00 00 00 00 F5 00
13:58:24.323 R 19FA0401 17 39 28 AB B4 E4 0C 00
13:58:24.324 R 19FA0401 18 00 00 00 F5 00 BA 11
13:58:24.325 R 19FA0401 19 66 8A 48 0D 00 00 00
13:58:24.325 R 19FA0401 1A 00 F5 00 2E 17 7F 34
13:58:24.326 R 19FA0401 1B 54 0B 00 00 00 00 F5
13:58:24.327 R 19FA0401 1C 00 51 2C D1 33 AC 0D
13:58:24.327 R 19FA0401 1D 00 00 00 00 F5 00 3A
13:58:24.328 R 19FA0401 1E 19 88 CC AC 0D 00 00
13:58:24.329 R 19FA0401 1F 00 00 F5 FF FF FF FF
13:58:24.330 R 09F80101 37 20 50 1F 4A 98 3E 03
13:58:24.330 R 19F11A01 FF FF FF FF FB 01 FF FF
13:58:24.348 R 09FD02B1 FF 3A 01 21 7C FA FF FF
13:58:24.349 R 09FD02B1 FF 3A 01 21 7C FC FF FF
13:58:24.349 R 09FD02B1 FF 3C 01 D7 8E F9 FF FF
13:58:24.402 R 1DEFFF73 80 16 3B 9F F0 81 84 06
13:58:24.402 R 1DEFFF73 81 18 00 40 00 03 00 06
13:58:24.403 R 1DEFFF73 82 FF FF 00 00 00 01 00
13:58:24.403 R 1DEFFF73 83 00 00 FF FF FF FF FF
13:58:24.404 R 09F11273 00 BD 20 FF 7F FF 7F FD
13:58:24.405 R 09F10D73 FF F8 FF FF 0C 02 FF FF
13:58:24.405 R 1CFF0873 3B 9F 00 00 14 00 FF FF
13:58:24.406 R 1CFFF001 3B 9F 8C FF FF 1C 77 63
13:58:24.406 R 1CFF4F73 3B 9F 00 FF FF BD 20 FF
13:58:24.408 R 09F80201 FF FC 00 00 03 00 FF FF
13:58:24.409 R 09F80101 37 20 50 1F 4A 98 3E 03
13:58:24.447 R 09FD02B1 FF 39 01 25 7C FA FF FF
13:58:24.448 R 09FD02B1 FF 39 01 25 7C FC FF FF
13:58:24.449 R 09FD02B1 FF 3C 01 DB 8E F9 FF FF
13:58:24.449 R 11F80F00 A0 1B 12 FF E8 8D 0E 5F
13:58:24.450 R 11F80F00 A1 ED 39 03 F8 33 4B 1F
13:58:24.450 R 11F80F00 A2 63 1F D8 00 00 06 00
13:58:24.451 R 11F80F00 A3 0E FF FF 00 74 FF FF
13:58:24.478 R 09F50373 00 00 00 FF FF 00 FF FF
13:58:24.501 R 1DEFFF73 A0 16 3B 9F F0 81 90 00
13:58:24.501 R 1DEFFF73 A1 05 00 40 00 03 00 06
13:58:24.502 R 1DEFFF73 A2 00 00 00 00 00 01 00
13:58:24.504 R 1DEFFF73 A3 00 00 FF FF FF FF FF
13:58:24.509 R 0DF80501 20 2B 86 E4 50 08 37 B1
13:58:24.510 R 0DF80501 21 19 00 66 81 47 55 66
13:58:24.511 R 0DF80501 22 4A 07 00 64 AE 0E 50
13:58:24.511 R 0DF80501 23 63 C1 00 00 8F 6E 02
13:58:24.512 R 0DF80501 24 00 00 00 00 23 FC 14
13:58:24.513 R 0DF80501 25 3C 00 FF 7F EE 11 00
13:58:24.513 R 0DF80501 26 00 00 FF FF FF FF FF
13:58:24.514 R 09F80101 37 20 50 1F 4A 98 3E 03
13:58:24.514 R 0DF80901 E4 50 08 37 B1 19 78 00
13:58:24.525 R 19FB1100 80 1B 18 02 84 97 0E 50
13:58:24.526 R 19FB1100 81 49 4E 47 55 49 4E 40
13:58:24.527 R 19FB1100 82 40 40 40 40 40 40 40
13:58:24.527 R 19FB1100 83 40 40 40 40 40 E1 FF
13:58:24.528 R 1DFF7600 80 1C 3B 9F 18 02 84 97
13:58:24.528 R 1DFF7600 81 0E 00 50 49 4E 47 55
13:58:24.529 R 1DFF7600 82 49 4E 40 40 40 40 40
13:58:24.529 R 1DFF7600 83 40 40 40 40 40 40 40
13:58:24.530 R 1DFF7600 84 40 FF FF FF FF FF FF
13:58:24.546 R 09FD02B1 FF 39 01 25 7C FA FF FF
13:58:24.546 R 09FD02B1 FF 39 01 25 7C FC FF FF
13:58:24.547 R 09FD02B1 FF 3B 01 DF 8E F9 FF FF
13:58:24.601 R 09F50373 00 00 00 FF FF 00 FF FF
13:58:24.602 R 1CFF1A73 3B 9F 00 00 FF FF FF FF
13:58:24.609 R 09F80201 FF FC 00 00 03 00 FF FF
13:58:24.610 R 09F80101 37 20 50 1F 4A 98 3E 03
13:58:24.586 R 0DF01001 FF FF E4 50 E4 3C B1 19
13:58:24.617 R 1DEFFF73 C0 16 3B 9F F0 81 90 00
13:58:24.618 R 1DEFFF73 C1 03 00 00 00 49 00 06
13:58:24.618 R 1DEFFF73 C2 00 00 00 00 00 01 00
13:58:24.619 R 1DEFFF73 C3 00 00 FF FF FF FF FF
13:58:24.620 R 09FD02B1 FF 38 01 27 7C FA FF FF
13:58:24.621 R 09FD02B1 FF 38 01 27 7C FC FF FF
13:58:24.621 R 09FD02B1 FF 3B 01 E3 8E F9 FF FF
13:58:24.685 R 09F80101 38 20 50 1F 4A 98 3E 03
13:58:24.720 R 09FD02B1 FF 38 01 2C 7C FA FF FF
13:58:24.720 R 09FD02B1 FF 38 01 2C 7C FC FF FF
13:58:24.721 R 09FD02B1 FF 3A 01 E7 8E F9 FF FF
13:58:24.786 R 09F80201 FF FC 00 00 03 00 FF FF
13:58:24.786 R 09F80101 38 20 50 1F 49 98 3E 03
13:58:24.787 R 0DF90B01 FF FC FB 01 03 00 FF FF
13:58:24.809 R 15FD0773 00 C0 53 7A FF 7F FF FF
13:58:24.819 R 09FD02B1 FF 37 01 2C 7C FA FF FF
13:58:24.820 R 09FD02B1 FF 37 01 2C 7C FC FF FF
13:58:24.820 R 09FD02B1 FF 39 01 EB 8E F9 FF FF
13:58:24.829 R 1CFF4F73 3B 9F 00 FF FF BD 20 FF
13:58:24.829 R 1DEFFF73 E0 16 3B 9F F0 81 9C 01
13:58:24.830 R 1DEFFF73 E1 18 03 45 05 67 EB F7
13:58:24.830 R 1DEFFF73 E2 FF FF 00 00 00 01 00
13:58:24.832 R 1DEFFF73 E3 00 00 FF FF FF FF FF
13:58:24.832 R 09F11273 00 BD 20 FF 7F FF 7F FD
13:58:24.833 R 09F10D73 FF F8 FF FF 0C 02 FF FF
13:58:24.843 R 15FD0773 00 C0 53 7A FF 7F FF FF
13:58:24.887 R 09F80101 38 20 50 1F 49 98 3E 03
13:58:24.918 R 09FD02B1 FF 36 01 2F 7C FA FF FF
13:58:24.919 R 09FD02B1 FF 36 01 2F 7C FC FF FF
13:58:24.920 R 09FD02B1 FF 39 01 EF 8E F9 FF FF
13:58:24.987 R 09F80201 FF FC 00 00 03 00 FF FF
13:58:24.988 R 0DFE1101 A0 0E C0 82 00 00 03 00
13:58:24.989 R 0DFE1101 A1 FF FF FF FF FB 01 03
13:58:24.989 R 0DFE1101 A2 00 FF FF FF FF FF FF
13:58:24.990 R 09F80101 38 20 50 1F 49 98 3E 03
13:58:25.010 R 11F80E00 20 1C 03 50 53 8F 0E 0D
13:58:25.011 R 11F80E00 21 7A 3B 03 58 D3 4B 1F
13:58:25.012 R 11F80E00 22 61 39 46 05 00 D0 0F
13:58:25.012 R 11F80E00 23 08 7D 9D DF FF C0 F8
13:58:25.013 R 11F80E00 24 FF FF FF FF FF FF FF
13:58:25.018 R 09FD02B1 FF 36 01 33 7C FA FF FF
13:58:25.020 R 09FD02B1 FF 36 01 33 7C FC FF FF
13:58:25.020 R 09FD02B1 FF 38 01 F2 8E F9 FF FF
13:58:25.088 R 0DF90301 FF 7F FF FF FF 7F FF FF
13:58:25.089 R 09F80101 38 20 50 1F 49 98 3E 03
13:58:25.089 R 1DFFF001 A0 0D 3B 9F 90 FF FF FF
13:58:25.090 R 1DFFF001 A1 FF FF FF FF FF E4 00
13:58:25.117 R 09FD02B1 FF 35 01 33 7C FA FF FF
13:58:25.118 R 09FD02B1 FF 35 01 33 7C FC FF FF
13:58:25.119 R 09FD02B1 FF 38 01 F6 8E F9 FF FF
13:58:25.189 R 09F80201 FF FC 00 00 03 00 FF FF
13:58:25.190 R 09F80101 38 20 50 1F 49 98 3E 03
13:58:25.190 R 19FA0301 00 DB 3C 00 5A 00 3E 00
13:58:25.191 R 19FA0601 20 0F 86 41 00 FF FF FF
13:58:25.192 R 19FA0601 21 FF FF FF FF FF FF FF
13:58:25.192 R 19FA0601 22 FF FF FF FF FF FF FF
13:58:25.193 R 19FA0B01 20 0F 86 07 00 FF FF FF
13:58:25.194 R 19FA0B01 21 FF FF FF FF FF FF FF
13:58:25.194 R 19FA0B01 22 FF FF FF FF FF FF FF
13:58:25.207 R 0DF50B73 00 EB 01 00 00 FF FF FF
13:58:25.217 R 09FD02B1 FF 34 01 38 7C FA FF FF
13:58:25.217 R 09FD02B1 FF 34 01 38 7C FC FF FF
13:58:25.218 R 09FD02B1 FF 37 01 FA 8E F9 FF FF
13:58:25.231 R 11F80F00 C0 1B 12 7C 13 8D 0E 19
13:58:25.232 R 11F80F00 C1 98 3E 03 EE 1F 50 1F
13:58:25.232 R 11F80F00 C2 67 FF FF 00 00 00 00
13:58:25.233 R 11F80F00 C3 20 FF FF 00 70 FE FF
13:58:25.249 R 19F51373 00 0E FF FF FF FF FF FF
13:58:25.250 R 19F51373 01 86 85 B0 00 00 00 00
13:58:25.251 R 19F51373 02 00 FF FF FF FF FF FF
13:58:25.251 R 1DFF6773 20 0B 3B 9F 03 00 04 B4
13:58:25.252 R 1DFF6773 21 6E 11 19 09 09 FF FF
13:58:25.253 R 1DFF6773 40 0B 3B 9F 03 02 04 B4
13:58:25.253 R 1DFF6773 41 6E 11 19 09 09 FF FF
13:58:25.278 R 11F80E00 40 1C 01 80 8A 94 0E A8
13:58:25.279 R 11F80E00 41 23 3B 03 40 B0 4B 1F
13:58:25.279 R 11F80E00 42 65 20 9C 00 00 E8 56
13:58:25.280 R 11F80E00 43 00 C2 9A 00 00 C0 F8
13:58:25.281 R 11F80E00 44 FF FF FF FF FF FF FF
13:58:25.290 R 19FA0401 20 DB 86 FF 12 05 FF 1D
13:58:25.291 R 19FA0401 21 E5 CD D8 0E 00 00 00
13:58:25.291 R 19FA0401 22 00 F5 07 E8 28 22 33
13:58:25.292 R 19FA0401 23 10 0E 00 00 00 00 F5
13:58:25.293 R 19FA0401 24 09 C5 13 AD 3C 74 0E
13:58:25.293 R 19FA0401 25 00 00 00 00 F5 0B 5D
13:58:25.294 R 19FA0401 26 10 AC 96 B8 0B 00 00
13:58:25.295 R 19FA0401 27 00 00 F5 14 0B 11 1F
13:58:25.295 R 19FA0401 28 BA 74 0E 00 00 00 00
13:58:25.296 R 19FA0401 29 F5 15 73 32 B7 A7 3C
13:58:25.296 R 19FA0401 2A 0F 00 00 00 00 F5 1E
13:58:25.297 R 19FA0401 2B AE 2D 66 7B 04 10 00
13:58:25.298 R 19FA0401 2C 00 00 00 F5 44 80 16
13:58:25.298 R 19FA0401 2D B9 3E 48 0D 00 00 00
13:58:25.299 R 19FA0401 2E 00 F5 45 73 32 A3 0D
13:58:25.300 R 19FA0401 2F A0 0F 00 00 00 00 F5
13:58:25.300 R 19FA0401 30 46 8B 18 2B CB A0 0F
13:58:25.301 R 19FA0401 31 00 00 00 00 F5 4E FF
13:58:25.302 R 19FA0401 32 1D 22 24 04 10 00 00
13:58:25.302 R 19FA0401 33 00 00 F5 22 C5 13 95
13:58:25.303 R 19FA0401 34 83 48 0D 00 00 00 00
13:58:25.304 R 19FA0401 35 F5 00 A2 3A B6 D4 D8
13:58:25.304 R 19FA0401 36 0E 00 00 00 00 F5 00
13:58:25.305 R 19FA0401 37 39 28 AB B4 E4 0C 00
13:58:25.305 R 19FA0401 38 00 00 00 F5 00 BA 11
13:58:25.306 R 19FA0401 39 66 8A E4 0C 00 00 00
13:58:25.307 R 19FA0401 3A 00 F5 00 2E 17 7F 34
13:58:25.307 R 19FA0401 3B B8 0B 00 00 00 00 F5
13:58:25.308 R 19FA0401 3C 00 51 2C D1 33 48 0D
13:58:25.309 R 19FA0401 3D 00 00 00 00 F5 00 3A
13:58:25.309 R 19FA0401 3E 19 88 CC 10 0E 00 00
13:58:25.310 R 19FA0401 3F 00 00 F5 FF FF FF FF
13:58:25.311 R 09F80101 38 20 50 1F 49 98 3E 03
13:58:25.311 R 19F11A01 FF FF FF FF FB 01 FF FF
13:58:25.316 R 09FD02B1 FF 34 01 3D 7C FA FF FF
13:58:25.317 R 09FD02B1 FF 34 01 3D 7C FC FF FF
13:58:25.317 R 09FD02B1 FF 36 01 FE 8E F9 FF FF
13:58:25.359 R 11F80E00 60 1C 01 20 38 95 0E 54
13:58:25.359 R 11F80E00 61 25 3D 03 0C A9 4F 1F
13:58:25.360 R 11F80E00 62 67 FF FF 00 00 FA 08
13:58:25.360 R 11F80E00 63 08 FF FF FF 7F D0 F8
13:58:25.361 R 11F80E00 64 FF FF FF FF FF FF FF
13:58:25.379 R 1CFFF001 3B 9F 8C FF 0D 1D 4F 63
13:58:25.391 R 09F80201 FF FC 00 00 03 00 FF FF
13:58:25.392 R 09F80101 39 20 50 1F 49 98 3E 03
13:58:25.415 R 09FD02B1 FF 33 01 3D 7C FA FF FF
13:58:25.416 R 09FD02B1 FF 33 01 3D 7C FC FF FF
13:58:25.417 R 09FD02B1 FF 35 01 00 8F F9 FF FF
13:58:25.466 R 11F80E00 80 1C 01 18 E6 96 0E 75
13:58:25.466 R 11F80E00 81 26 3B 03 BC AC 4B 1F
13:58:25.467 R 11F80E00 82 65 D3 E2 00 00 E8 56
13:58:25.467 R 11F80E00 83 00 16 22 00 00 D0 F8
13:58:25.468 R 11F80E00 84 FF FF FF FF FF FF FF
13:58:25.492 R 0DF80501 40 2B 87 E4 50 0E 5E B1
13:58:25.493 R 0DF80501 41 19 00 FA B6 BE 55 66
13:58:25.493 R 0DF80501 42 4A 07 00 D0 78 97 4F
13:58:25.494 R 0DF80501 43 63 C1 00 00 8F 6E 02
13:58:25.495 R 0DF80501 44 00 00 00 00 23 FC 14
13:58:25.495 R 0DF80501 45 3C 00 FF 7F EE 11 00
13:58:25.496 R 0DF80501 46 00 00 FF FF FF FF FF
13:58:25.497 R 09F80101 39 20 50 1F 48 98 3E 03
13:58:25.497 R 0DF80901 E4 50 0E 5E B1 19 78 00
13:58:25.514 R 09FD02B1 FF 32 01 42 7C FA FF FF
13:58:25.515 R 09FD02B1 FF 32 01 42 7C FC FF FF
13:58:25.515 R 09FD02B1 FF 35 01 00 8F F9 FF FF
13:58:25.572 R 1DEFFF73 60 16 3B 9F F0 81 84 06
13:58:25.572 R 1DEFFF73 61 18 00 40 00 03 00 06
13:58:25.573 R 1DEFFF73 62 FF FF 00 00 00 01 00
13:58:25.573 R 1DEFFF73 63 00 00 FF FF FF FF FF
13:58:25.574 R 09F11273 00 BD 20 FF 7F FF 7F FD
13:58:25.575 R 09F10D73 FF F8 FF FF 0C 02 FF FF
13:58:25.575 R 1CFF0873 3B 9F 00 00 14 00 FF FF
13:58:25.576 R 1CFF4F73 3B 9F 00 FF FF BD 20 FF
13:58:25.592 R 09F80201 FF FC 00 00 03 00 FF FF
13:58:25.593 R 09F80101 39 20 50 1F 48 98 3E 03
13:58:25.587 R 0DF01001 FF FF E4 50 FE 63 B1 19
13:58:25.592 R 11F80E00 A0 1C 01 90 2A 8B 0E EA
13:58:25.592 R 11F80E00 A1 7C 3B 03 D4 DA 4B 1F
13:58:25.593 R 11F80E00 A2 67 FF FF 05 00 C9 C0
13:58:25.593 R 11F80E00 A3 00 FF FF FF 7F C0 F8
13:58:25.594 R 11F80E00 A4 FF FF FF FF FF FF FF
13:58:25.606 R 09FD02B1 FF 31 01 43 7C FA FF FF
13:58:25.607 R 09FD02B1 FF 31 01 43 7C FC FF FF
13:58:25.608 R 09FD02B1 FF 34 01 FF 8E F9 FF FF
13:58:25.637 R 09F50373 00 00 00 FF FF 00 FF FF
13:58:25.677 R 1CFF1A73 3B 9F 00 00 FF FF FF FF
13:58:25.677 R 09F50373 00 00 00 FF FF 00 FF FF
13:58:25.686 R 09F80101 39 20 50 1F 48 98 3E 03
13:58:25.703 R 15FD0773 00 C0 53 7A FF 7F FF FF
13:58:25.706 R 09FD02B1 FF 30 01 41 7C FA FF FF
13:58:25.707 R 09FD02B1 FF 30 01 41 7C FC FF FF
13:58:25.707 R 09FD02B1 FF 33 01 FC 8E F9 FF FF
13:58:25.738 R 15FD0773 00 C0 53 7A FF 7F FF FF
13:58:25.775 R 19FB1200 E0 23 18 A0 FF 8B 0E 24
13:58:25.776 R 19FB1200 E1 4F 4E 57 41 40 40 40
13:58:25.777 R 19FB1200 E2 50 45 35 39 36 38 40
13:58:25.777 R 19FB1200 E3 64 00 28 00 14 00 28
13:58:25.778 R 19FB1200 E4 00 00 00 00 00 03 E1
13:58:25.778 R 19FB1200 E5 FF FF FF FF FF FF FF
13:58:25.779 R 1DFF7700 E0 1C 3B 9F 18 A0 FF 8B
13:58:25.779 R 1DFF7700 E1 0E 01 24 4F 4E 57 41
13:58:25.780 R 1DFF7700 E2 40 40 40 50 45 35 39
13:58:25.781 R 1DFF7700 E3 36 38 40 82 60 80 C0
13:58:25.781 R 1DFF7700 E4 FF FF FF FF FF FF FF
13:58:25.787 R 09F80201 FF FC 00 00 03 00 FF FF
13:58:25.788 R 09F80101 39 20 50 1F 48 98 3E 03
13:58:25.789 R 0DF90B01 FF FC FB 01 03 00 FF FF
13:58:25.791 R 1CFF4F73 3B 9F 00 FF FF BD 20 FF
13:58:25.791 R 1DEFFF73 80 16 3B 9F F0 81 9C 01
13:58:25.792 R 1DEFFF73 81 18 03 00 00 49 00 06
13:58:25.792 R 1DEFFF73 82 00 00 00 00 00 01 00
13:58:25.793 R 1DEFFF73 83 00 00 FF FF FF FF FF
13:58:25.794 R 09F11273 00 BD 20 FF 7F FF 7F FD
13:58:25.794 R 09F10D73 FF F8 FF FF 0C 02 FF FF
13:58:25.805 R 09FD02B1 FF 2F 01 43 7C FA FF FF
13:58:25.806 R 09FD02B1 FF 2F 01 43 7C FC FF FF
13:58:25.807 R 09FD02B1 FF 32 01 F8 8E F9 FF FF
13:58:25.889 R 09F80101 39 20 50 1F 48 98 3E 03
13:58:25.905 R 09FD02B1 FF 2E 01 45 7C FA FF FF
13:58:25.905 R 09FD02B1 FF 2E 01 45 7C FC FF FF
13:58:25.906 R 09FD02B1 FF 31 01 F3 8E F9 FF FF
13:58:25.990 R 09F80201 FF FC 00 00 03 00 FF FF
13:58:25.990 R 0DFE1101 C0 0E C0 83 00 00 03 00
13:58:25.991 R 0DFE1101 C1 FF FF FF FF FB 01 03
13:58:25.992 R 0DFE1101 C2 00 FF FF FF FF FF FF
13:58:25.993 R 09F80101 39 20 50 1F 48 98 3E 03
13:58:26.004 R 09FD02B1 FF 2E 01 43 7C FA FF FF
13:58:26.005 R 09FD02B1 FF 2E 01 43 7C FC FF FF
13:58:26.005 R 09FD02B1 FF 30 01 EE 8E F9 FF FF
13:58:26.091 R 0DF90301 FF 7F FF FF FF 7F FF FF
13:58:26.092 R 09F80101 3A 20 50 1F 48 98 3E 03
13:58:26.093 R 1DFFF001 C0 0D 3B 9F 90 FF FF FF
13:58:26.093 R 1DFFF001 C1 FF FF FF FF FF E2 00
13:58:26.101 R 11F80E00 C0 1C 01 E9 13 95 0E F5
13:58:26.101 R 11F80E00 C1 80 2E 03 FA 92 49 1F
13:58:26.102 R 11F80E00 C2 67 8F A0 6D 01 E8 56
13:58:26.102 R 11F80E00 C3 08 FF FF FF 7F D5 F8
13:58:26.103 R 11F80E00 C4 FF FF FF FF FF FF FF
13:58:26.105 R 09FD02B1 FF 2D 01 45 7C FA FF FF
13:58:26.105 R 09FD02B1 FF 2D 01 45 7C FC FF FF
13:58:26.106 R 09FD02B1 FF 2F 01 E9 8E F9 FF FF
13:58:26.129 R 11F80F00 E0 1B 12 1A 80 9A 0C 21
13:58:26.130 R 11F80F00 E1 BE 43 03 B0 B3 5F 1F
13:58:26.130 R 11F80F00 E2 64 46 06 C3 00 06 00
13:58:26.131 R 11F80F00 E3 0E FF FF 00 74 FF FF
13:58:26.193 R 09F80201 FF FC 00 00 03 00 FF FF
13:58:26.194 R 09F80101 3A 20 50 1F 47 98 3E 03
13:58:26.194 R 19FA0301 00 DB 3C 00 5A 00 3E 00
13:58:26.195 R 19FA0601 40 0F 87 41 00 FF FF FF
13:58:26.196 R 19FA0601 41 FF FF FF FF FF FF FF
13:58:26.197 R 19FA0601 42 FF FF FF FF FF FF FF
13:58:26.197 R 19FA0B01 40 0F 87 09 00 FF FF FF
13:58:26.198 R 19FA0B01 41 FF FF FF FF FF FF FF
13:58:26.199 R 19FA0B01 42 FF FF FF FF FF FF FF
13:58:26.203 R 09FD02B1 FF 2C 01 45 7C FA FF FF
13:58:26.203 R 0DF50B73 00 F7 01 00 00 FF FF FF
13:58:26.204 R 09FD02B1 FF 2C 01 45 7C FC FF FF
13:58:26.205 R 09FD02B1 FF 2E 01 E3 8E F9 FF FF
13:58:26.227 R 11F80F00 00 1B 12 7C 13 8D 0E 19
13:58:26.228 R 11F80F00 01 98 3E 03 EE 1F 50 1F
13:58:26.229 R 11F80F00 02 6B FF FF 00 00 00 00
13:58:26.229 R 11F80F00 03 20 FF FF 00 70 FE FF
13:58:26.245 R 19F51373 A0 0E FF FF FF FF FF FF
13:58:26.246 R 19F51373 A1 86 85 B0 00 00 00 00
13:58:26.246 R 19F51373 A2 00 FF FF FF FF FF FF
13:58:26.247 R 1DFF6773 C0 0B 3B 9F 03 00 04 B4
13:58:26.247 R 1DFF6773 C1 6E 11 19 09 09 FF FF
13:58:26.248 R 1DFF6773 E0 0B 3B 9F 03 02 04 B4
13:58:26.249 R 1DFF6773 E1 6E 11 19 09 09 FF FF
13:58:26.295 R 19FA0401 40 DB 87 FF 12 05 AE 1E
13:58:26.295 R 19FA0401 41 E5 CD 3C 0F 00 00 00
13:58:26.296 R 19FA0401 42 00 F5 07 E8 28 22 33
13:58:26.297 R 19FA0401 43 10 0E 00 00 00 00 F5
13:58:26.298 R 19FA0401 44 09 C5 13 AD 3C 74 0E
13:58:26.298 R 19FA0401 45 00 00 00 00 F5 0B 5D
13:58:26.299 R 19FA0401 46 10 AC 96 B8 0B 00 00
13:58:26.300 R 19FA0401 47 00 00 F5 14 0B 11 1F
13:58:26.300 R 19FA0401 48 BA 10 0E 00 00 00 00
13:58:26.301 R 19FA0401 49 F5 15 73 32 B7 A7 D8
13:58:26.302 R 19FA0401 4A 0E 00 00 00 00 F5 1E
13:58:26.302 R 19FA0401 4B AE 2D 66 7B 04 10 00
13:58:26.303 R 19FA0401 4C 00 00 00 F5 44 80 16
13:58:26.304 R 19FA0401 4D B9 3E 48 0D 00 00 00
13:58:26.304 R 09FD02B1 FF 2B 01 41 7C FA FF FF
13:58:26.305 R 09FD02B1 FF 2B 01 41 7C FC FF FF
13:58:26.306 R 09FD02B1 FF 2D 01 DC 8E F9 FF FF
13:58:26.306 R 19FA0401 4E 00 F5 45 73 32 A3 0D
13:58:26.307 R 19FA0401 4F A0 0F 00 00 00 00 F5
13:58:26.307 R 19FA0401 50 46 8B 18 2B CB 3C 0F
13:58:26.308 R 19FA0401 51 00 00 00 00 F5 4E FF
13:58:26.309 R 19FA0401 52 1D 22 24 04 10 00 00
13:58:26.310 R 19FA0401 53 00 00 F5 22 C5 13 95
13:58:26.310 R 19FA0401 54 83 48 0D 00 00 00 00
13:58:26.311 R 19FA0401 55 F5 00 A2 3A B6 D4 D8
13:58:26.312 R 19FA0401 56 0E 00 00 00 00 F5 00
13:58:26.312 R 19FA0401 57 39 28 AB B4 48 0D 00
13:58:26.313 R 19FA0401 58 00 00 00 F5 00 BA 11
13:58:26.314 R 19FA0401 59 66 8A 80 0C 00 00 00
13:58:26.315 R 19FA0401 5A 00 F5 00 2E 17 7F 34
13:58:26.315 R 19FA0401 5B 54 0B 00 00 00 00 F5
13:58:26.316 R 19FA0401 5C 00 51 2C D1 33 48 0D
13:58:26.317 R 19FA0401 5D 00 00 00 00 F5 00 3A
13:58:26.317 R 19FA0401 5E 19 88 CC 10 0E 00 00
13:58:26.318 R 19FA0401 5F 00 00 F5 FF FF FF FF
13:58:26.319 R 09F80101 3A 20 50 1F 47 98 3E 03
13:58:26.319 R 19F11A01 FF FF FF FF FB 01 FF FF
13:58:26.373 R 1CFFF001 3B 9F 8C FF 1D 1D 1F 63
13:58:26.396 R 09F80201 FF FC 00 00 03 00 FF FF
13:58:26.397 R 09F80101 3A 20 50 1F 47 98 3E 03
13:58:26.402 R 09FD02B1 FF 2A 01 3F 7C FA FF FF
13:58:26.402 R 09FD02B1 FF 2A 01 3F 7C FC FF FF
13:58:26.403 R 09FD02B1 FF 2C 01 D3 8E F9 FF FF
13:58:26.476 R 09F50373 00 00 00 FF FF 00 FF FF
13:58:26.497 R 0DF80501 60 2B 88 E4 50 14 85 B1
13:58:26.498 R 0DF80501 61 19 00 C4 51 FA 55 66
13:58:26.499 R 0DF80501 62 4A 07 00 06 DE 5B 4F
13:58:26.499 R 0DF80501 63 63 C1 00 60 08 6D 02
13:58:26.500 R 0DF80501 64 00 00 00 00 23 FC 14
13:58:26.501 R 0DF80501 65 3C 00 FF 7F EE 11 00
13:58:26.501 R 09FD02B1 FF 29 01 3A 7C FA FF FF
13:58:26.502 R 09FD02B1 FF 29 01 3A 7C FC FF FF
13:58:26.502 R 0DF80501 66 00 00 FF FF FF FF FF
13:58:26.503 R 09FD02B1 FF 2B 01 C9 8E F9 FF FF
13:58:26.503 R 09F80101 3A 20 50 1F 47 98 3E 03
13:58:26.503 R 0DF80901 E4 50 14 85 B1 19 78 00
13:58:26.565 R 09F11273 00 BD 20 FF 7F FF 7F FD
13:58:26.565 R 09F10D73 FF F8 FF FF 0C 02 FF FF
13:58:26.566 R 1CFF0873 3B 9F 00 00 14 00 FF FF
13:58:26.567 R 1CFF4F73 3B 9F 00 FF FF BD 20 FF
13:58:26.567 R 1DEFFF73 00 16 3B 9F F0 81 84 06
13:58:26.568 R 1DEFFF73 01 18 00 40 00 03 00 06
13:58:26.569 R 1DEFFF73 02 FF FF 00 00 00 01 00
13:58:26.569 R 1DEFFF73 03 00 00 FF FF FF FF FF
13:58:26.597 R 09F50373 00 00 00 FF FF 00 FF FF
13:58:26.597 R 1CFF1A73 3B 9F 00 00 FF FF FF FF
13:58:26.598 R 09F80201 FF FC 00 00 03 00 FF FF
13:58:26.599 R 09F80101 3A 20 50 1F 47 98 3E 03
13:58:26.590 R 0DF01001 FF FF E4 50 2C 8B B1 19
13:58:26.591 R 09FD02B1 FF 28 01 32 7C FA FF FF
13:58:26.591 R 09FD02B1 FF 28 01 32 7C FC FF FF
13:58:26.592 R 09FD02B1 FF 2A 01 BE 8E F9 FF FF
13:58:26.617 R 15FD0773 00 C0 53 7A FF 7F FF FF
13:58:26.648 R 15FD0773 00 C0 53 7A FF 7F FF FF
13:58:26.690 R 09FD02B1 FF 26 01 2B 7C FA FF FF
13:58:26.691 R 09FD02B1 FF 26 01 2B 7C FC FF FF
13:58:26.691 R 09FD02B1 FF 29 01 B4 8E F9 FF FF
13:58:26.693 R 09F80101 3A 20 50 1F 47 98 3E 03
13:58:26.772 R 1DEFFF73 20 16 3B 9F F0 81 90 00
13:58:26.773 R 1DEFFF73 21 03 01 00 00 49 00 06
13:58:26.774 R 1DEFFF73 22 00 00 00 00 00 01 00
13:58:26.774 R 1DEFFF73 23 00 00 FF FF FF FF FF
13:58:26.789 R 09FD02B1 FF 25 01 23 7C FA FF FF
13:58:26.790 R 09FD02B1 FF 25 01 23 7C FC FF FF
13:58:26.791 R 09FD02B1 FF 28 01 AA 8E F9 FF FF
13:58:26.794 R 09F80201 FF FC 00 00 03 00 FF FF
13:58:26.795 R 09F80101 3A 20 50 1F 47 98 3E 03
13:58:26.795 R 0DF90B01 FF FC FB 01 03 00 FF FF
13:58:26.813 R 09F11273 00 66 20 FF 7F FF 7F FD
13:58:26.814 R 09F10D73 FF F8 FF FF 0C 02 FF FF
13:58:26.815 R 1CFF4F73 3B 9F 00 FF FF 66 20 FF
13:58:26.815 R 1DEFFF73 40 16 3B 9F F0 81 9C C1
13:58:26.816 R 1DEFFF73 41 17 03 00 00 49 00 06
13:58:26.817 R 1DEFFF73 42 00 00 00 00 00 01 00
13:58:26.817 R 1DEFFF73 43 00 00 FF FF FF FF FF
13:58:26.870 R 11F80F00 20 1B 12 0D 1F 98 0E 30
13:58:26.870 R 11F80F00 21 C9 44 03 FC 58 5A 1F
13:58:26.871 R 11F80F00 22 6B 8E BB 62 01 06 00
13:58:26.872 R 11F80F00 23 06 FF FF 00 74 FF FF
13:58:26.889 R 09FD02B1 FF 24 01 19 7C FA FF FF
13:58:26.890 R 09FD02B1 FF 24 01 19 7C FC FF FF
13:58:26.890 R 09FD02B1 FF 27 01 9F 8E F9 FF FF
13:58:26.894 R 11F80E00 E0 1C 01 A5 04 8E 0E DB
13:58:26.895 R 11F80E00 E1 B8 3D 03 75 53 4D 1F
13:58:26.895 R 11F80E00 E2 6C FF FF 00 00 BA C0
13:58:26.896 R 09F80101 3B 20 50 1F 46 98 3E 03
13:58:26.896 R 11F80E00 E3 08 FF FF FF 7F C0 F8
13:58:26.897 R 11F80E00 E4 FF FF FF FF FF FF FF
13:58:26.988 R 09FD02B1 FF 23 01 11 7C FA FF FF
13:58:26.989 R 09FD02B1 FF 23 01 11 7C FC FF FF
13:58:26.989 R 09FD02B1 FF 26 01 93 8E F9 FF FF
13:58:26.996 R 09F80201 FF FC 00 00 03 00 FF FF
13:58:26.997 R 0DFE1101 E0 0E C0 84 00 00 03 00
13:58:26.998 R 0DFE1101 E1 FF FF FF FF FB 01 03
13:58:26.998 R 0DFE1101 E2 00 FF FF FF FF FF FF
13:58:26.999 R 09F80101 3B 20 50 1F 46 98 3E 03
13:58:27.026 R 1CFF7400 3B 9F FD 00 00 FF FF FF
13:58:27.088 R 09FD02B1 FF 22 01 04 7C FA FF FF
13:58:27.089 R 09FD02B1 FF 22 01 04 7C FC FF FF
13:58:27.090 R 09FD02B1 FF 25 01 85 8E F9 FF FF
13:58:27.098 R 0DF90301 FF 7F FF FF FF 7F FF FF
13:58:27.098 R 09F80101 3B 20 50 1F 46 98 3E 03
13:58:27.099 R 1DFFF001 E0 0D 3B 9F 90 FF FF FF
13:58:27.100 R 1DFFF001 E1 FF FF FF FF FF DD 00
13:58:27.187 R 09FD02B1 FF 21 01 F8 7B FA FF FF
13:58:27.188 R 09FD02B1 FF 21 01 F8 7B FC FF FF
13:58:27.188 R 09FD02B1 FF 23 01 78 8E F9 FF FF
13:58:27.189 R 11F80E00 00 1C 01 B3 39 95 0E 53
13:58:27.189 R 11F80E00 01 27 3F 03 42 06 52 1F
13:58:27.190 R 11F80E00 02 6D BA 11 B0 01 05 04
13:58:27.191 R 11F80E00 03 09 5C 10 00 00 C0 F8
13:58:27.191 R 11F80E00 04 FF FF FF FF FF FF FF
13:58:27.197 R 0DF50B73 00 F4 01 00 00 FF FF FF
13:58:27.199 R 09F80201 FF FC 00 00 03 00 FF FF
13:58:27.200 R 09F80101 3B 20 50 1F 46 98 3E 03
13:58:27.201 R 19FA0301 00 DB 3C 00 5A 00 3E 00
13:58:27.201 R 19FA0601 60 0F 88 41 00 FF FF FF
13:58:27.202 R 19FA0601 61 FF FF FF FF FF FF FF
13:58:27.203 R 19FA0601 62 FF FF FF FF FF FF FF
13:58:27.203 R 19FA0B01 60 0F 88 0B 00 FF FF FF
13:58:27.204 R 19FA0B01 61 FF FF FF FF FF FF FF
13:58:27.205 R 19FA0B01 62 FF FF FF FF FF FF FF
13:58:27.222 R 11F80F00 40 1B 12 7C 13 8D 0E 19
13:58:27.222 R 11F80F00 41 98 3E 03 EE 1F 50 1F
13:58:27.223 R 11F80F00 42 6F FF FF 00 00 00 00
13:58:27.224 R 11F80F00 43 20 FF FF 00 70 FE FF
13:58:27.224 R 1CFF0800 3B 9F FF 00 71 04 FF FF
13:58:27.238 R 19F51373 60 0E FF FF FF FF FF FF
13:58:27.239 R 19F51373 61 86 85 B0 00 00 00 00
13:58:27.240 R 19F51373 62 00 FF FF FF FF FF FF
13:58:27.240 R 1DFF6773 80 0B 3B 9F 03 00 04 B4
13:58:27.241 R 1DFF6773 81 6E 11 19 09 09 FF FF
13:58:27.242 R 1DFF6773 A0 0B 3B 9F 03 02 04 B4
13:58:27.242 R 1DFF6773 A1 6E 11 19 09 09 FF FF
13:58:27.286 R 09FD02B1 FF 20 01 EE 7B FA FF FF
13:58:27.288 R 09FD02B1 FF 20 01 EE 7B FC FF FF
13:58:27.289 R 09FD02B1 FF 22 01 6B 8E F9 FF FF
13:58:27.301 R 19FA0401 60 DB 88 FF 12 05 AE 1E
13:58:27.301 R 19FA0401 61 E5 CD 3C 0F 00 00 00
13:58:27.302 R 19FA0401 62 00 F5 07 E8 28 22 33
13:58:27.303 R 19FA0401 63 10 0E 00 00 00 00 F5
13:58:27.304 R 19FA0401 64 09 C5 13 AD 3C 74 0E
13:58:27.304 R 19FA0401 65 00 00 00 00 F5 0B 5D
13:58:27.305 R 19FA0401 66 10 AC 96 1C 0C 00 00
13:58:27.306 R 19FA0401 67 00 00 F5 14 0B 11 1F
13:58:27.306 R 19FA0401 68 BA AC 0D 00 00 00 00
13:58:27.307 R 19FA0401 69 F5 15 73 32 B7 A7 A0
13:58:27.308 R 19FA0401 6A 0F 00 00 00 00 F5 1E
13:58:27.309 R 19FA0401 6B AE 2D 66 7B 04 10 00
13:58:27.310 R 19FA0401 6C 00 00 00 F5 44 80 16
13:58:27.311 R 19FA0401 6D B9 3E E4 0C 00 00 00
13:58:27.312 R 19FA0401 6E 00 F5 45 73 32 A3 0D
13:58:27.312 R 19FA0401 6F 3C 0F 00 00 00 00 F5
13:58:27.313 R 19FA0401 70 46 8B 18 2B CB 68 10
13:58:27.314 R 19FA0401 71 00 00 00 00 F5 4E FF
13:58:27.314 R 19FA0401 72 1D 22 24 04 10 00 00
13:58:27.315 R 19FA0401 73 00 00 F5 22 C5 13 95
13:58:27.316 R 19FA0401 74 83 E4 0C 00 00 00 00
13:58:27.316 R 19FA0401 75 F5 00 A2 3A B6 D4 D8
13:58:27.317 R 19FA0401 76 0E 00 00 00 00 F5 00
13:58:27.318 R 19FA0401 77 39 28 AB B4 AC 0D 00
13:58:27.319 R 19FA0401 78 00 00 00 F5 00 BA 11
13:58:27.319 R 19FA0401 79 66 8A 80 0C 00 00 00
13:58:27.320 R 19FA0401 7A 00 F5 00 2E 17 7F 34
13:58:27.321 R 19FA0401 7B 54 0B 00 00 00 00 F5
13:58:27.321 R 19FA0401 7C 00 51 2C D1 33 AC 0D
13:58:27.322 R 19FA0401 7D 00 00 00 00 F5 00 3A
13:58:27.323 R 19FA0401 7E 19 88 CC 10 0E 00 00
13:58:27.323 R 19FA0401 7F 00 00 F5 FF FF FF FF
13:58:27.324 R 09F80101 3B 20 50 1F 46 98 3E 03
13:58:27.325 R 19F11A01 FF FF FF FF FB 01 FF FF
13:58:27.369 R 1CFFF001 3B 9F 8C FF 2E 1D ED 62
13:58:27.378 R 11F80F00 60 1B 12 C9 E8 8B 0E CB
13:58:27.378 R 11F80F00 61 96 3E 03 D4 F4 4F 1F
13:58:27.379 R 11F80F00 62 6C EC 98 00 00 06 00
13:58:27.379 R 11F80F00 63 06 FF FF 00 74 FF FF
13:58:27.381 R 1DEFFF73 C0 16 3B 9F F0 81 84 86
13:58:27.382 R 1DEFFF73 C1 17 00 40 00 03 00 06
13:58:27.382 R 1DEFFF73 C2 00 00 00 00 00 01 00
13:58:27.383 R 1DEFFF73 C3 00 00 FF FF FF FF FF
13:58:27.384 R 09F11273 00 0E 20 FF 7F FF 7F FD
13:58:27.384 R 09F10D73 FF F8 FF FF 0C 02 FF FF
13:58:27.385 R 1CFF0873 3B 9F 00 00 14 00 FF FF
13:58:27.386 R 1CFF4F73 3B 9F 00 FF FF 0E 20 FF
13:58:27.386 R 09FD02B1 FF 1E 01 E1 7B FA FF FF
13:58:27.387 R 09FD02B1 FF 1E 01 E1 7B FC FF FF
13:58:27.387 R 09FD02B1 FF 21 01 5E 8E F9 FF FF
13:58:27.402 R 09F80201 FF FC 00 00 03 00 FF FF
13:58:27.403 R 09F80101 3B 20 50 1F 46 98 3E 03
13:58:27.458 R 19FB1200 00 23 18 5E D3 99 0C 24
13:58:27.458 R 19FB1200 01 53 52 54 45 2F 42 33
13:58:27.459 R 19FB1200 02 44 4B 37 38 34 37 40
13:58:27.459 R 19FB1200 03 78 00 28 00 14 00 46
13:58:27.460 R 19FB1200 04 00 00 00 00 00 03 E1
13:58:27.461 R 19FB1200 05 FF FF FF FF FF FF FF
13:58:27.461 R 1DFF7700 00 1C 3B 9F 18 5E D3 99
13:58:27.462 R 1DFF7700 01 0C 01 24 53 52 54 45
13:58:27.462 R 1DFF7700 02 2F 42 33 44 4B 37 38
13:58:27.463 R 1DFF7700 03 34 37 40 82 50 E0 C0
13:58:27.463 R 1DFF7700 04 FF FF FF FF FF FF FF
13:58:27.464 R 09F50373 00 00 00 FF FF 00 FF FF
13:58:27.465 R 1CFF1A73 3B 9F 00 00 FF FF FF FF
13:58:27.485 R 09FD02B1 FF 1D 01 D5 7B FA FF FF
13:58:27.486 R 09FD02B1 FF 1D 01 D5 7B FC FF FF
13:58:27.486 R 09FD02B1 FF 20 01 4F 8E F9 FF FF
13:58:27.503 R 0DF80501 80 2B 89 E4 50 B8 AE B1
13:58:27.504 R 0DF80501 81 19 00 8E EC 35 56 66
13:58:27.504 R 0DF80501 82 4A 07 00 72 A8 E4 4E
13:58:27.505 R 0DF80501 83 63 C1 00 C0 81 6B 02
13:58:27.506 R 0DF80501 84 00 00 00 00 23 FC 14
13:58:27.506 R 0DF80501 85 3C 00 FF 7F EE 11 00
13:58:27.507 R 0DF80501 86 00 00 FF FF FF FF FF
13:58:27.508 R 09F80101 3B 20 50 1F 45 98 3E 03
13:58:27.508 R 0DF80901 E4 50 B8 AE B1 19 78 00
13:58:27.550 R 15FD0773 00 C0 53 7A FF 7F FF FF
13:58:27.584 R 09FD02B1 FF 1C 01 C8 7B FA FF FF
13:58:27.584 R 09FD02B1 FF 1C 01 C8 7B FC FF FF
13:58:27.585 R 09FD02B1 FF 1E 01 3E 8E F9 FF FF
13:58:27.603 R 09F80201 FF FC 00 00 03 00 FF FF
13:58:27.604 R 09F80101 3B 20 50 1F 45 98 3E 03
13:58:27.500 R 0DF01001 FF FF E4 50 B8 AE B1 19
13:58:27.576 R 15FD0773 00 C0 53 7A FF 7F FF FF
13:58:27.578 R 09FD02B1 FF 1A 01 B5 7B FA FF FF
13:58:27.579 R 09FD02B1 FF 1A 01 B5 7B FC FF FF
13:58:27.579 R 09FD02B1 FF 1D 01 2C 8E F9 FF FF
13:58:27.600 R 09F80101 3C 20 50 1F 45 98 3E 03
13:58:27.677 R 09FD02B1 FF 19 01 A3 7B FA FF FF
13:58:27.678 R 09FD02B1 FF 19 01 A3 7B FC FF FF
13:58:27.679 R 09FD02B1 FF 1C 01 18 8E F9 FF FF
13:58:27.699 R 11F80E00 20 1C 01 2C 37 95 0E FB
13:58:27.699 R 11F80E00 21 A7 3E 03 D2 10 5D 1F
13:58:27.700 R 11F80E00 22 65 76 D5 96 01 F1 40
13:58:27.700 R 11F80E00 23 01 B6 D4 00 00 D0 F8
13:58:27.701 R 09F80201 FF FC 00 00 03 00 FF FF
13:58:27.701 R 11F80E00 24 FF FF FF FF FF FF FF
13:58:27.702 R 09F80101 3C 20 50 1F 45 98 3E 03
13:58:27.703 R 0DF90B01 FF FC FB 01 03 00 FF FF
13:58:27.725 R 11F80E00 40 1C 01 91 72 96 0E F5
13:58:27.726 R 11F80E00 41 96 41 03 FC E1 52 1F
13:58:27.726 R 11F80E00 42 73 03 9D 00 00 5D C1
13:58:27.727 R 11F80E00 43 08 FF FF FF 7F CF F8
13:58:27.728 R 11F80E00 44 FF FF FF FF FF FF FF
13:58:27.777 R 09FD02B1 FF 18 01 92 7B FA FF FF
13:58:27.778 R 09FD02B1 FF 18 01 92 7B FC FF FF
13:58:27.778 R 09FD02B1 FF 1A 01 04 8E F9 FF FF
13:58:27.802 R 09F80101 3C 20 50 1F 45 98 3E 03
13:58:27.806 R 11F80E00 60 1C 03 50 53 8F 0E 0D
13:58:27.806 R 11F80E00 61 7A 3B 03 58 D3 4B 1F
13:58:27.807 R 11F80E00 62 6D 2D 44 05 00 F1 0F
13:58:27.807 R 11F80E00 63 00 7D 9D 0A 00 C0 F8
13:58:27.808 R 11F80E00 64 FF FF FF FF FF FF FF
13:58:27.876 R 09FD02B1 FF 17 01 7F 7B FA FF FF
13:58:27.878 R 09FD02B1 FF 17 01 7F 7B FC FF FF
13:58:27.879 R 09FD02B1 FF 19 01 F2 8D F9 FF FF
13:58:27.893 R 1CFF4F73 3B 9F 00 FF FF 66 20 FF
13:58:27.894 R 1DEFFF73 E0 16 3B 9F F0 81 9C C1
13:58:27.894 R 1DEFFF73 E1 17 03 45 05 67 EB F7
13:58:27.895 R 1DEFFF73 E2 FF FF 00 00 00 01 00
13:58:27.896 R 1DEFFF73 E3 00 00 FF FF FF FF FF
13:58:27.896 R 09F11273 00 66 20 FF 7F FF 7F FD
13:58:27.897 R 09F10D73 FF F8 FF FF 0C 02 FF FF
13:58:27.903 R 09F80201 FF FC 00 00 03 00 FF FF
13:58:27.904 R 0DFE1101 00 0E C0 85 00 00 03 00
13:58:27.905 R 0DFE1101 01 FF FF FF FF FB 01 03
13:58:27.905 R 0DFE1101 02 00 FF FF FF FF FF FF
13:58:27.906 R 09F80101 3C 20 50 1F 45 98 3E 03
13:58:27.976 R 09FD02B1 FF 15 01 6F 7B FA FF FF
13:58:27.976 R 09FD02B1 FF 15 01 6F 7B FC FF FF
13:58:27.977 R 09FD02B1 FF 18 01 E0 8D F9 FF FF
13:58:28.004 R 0DF90301 FF 7F FF FF FF 7F FF FF
13:58:28.005 R 09F80101 3C 20 50 1F 45 98 3E 03
13:58:28.006 R 1DFFF001 00 0D 3B 9F 90 FF FF FF
13:58:28.006 R 1DFFF001 01 FF FF FF FF FF DD 00
13:58:28.075 R 09FD02B1 FF 14 01 5F 7B FA FF FF
13:58:28.077 R 09FD02B1 FF 14 01 5F 7B FC FF FF
13:58:28.078 R 09FD02B1 FF 17 01 CE 8D F9 FF FF
13:58:28.095 R 0DF50B73 00 EE 01 00 00 FF FF FF
13:58:28.106 R 09F80201 FF FC 00 00 03 00 FF FF
13:58:28.106 R 09F80101 3C 20 50 1F 44 98 3E 03
13:58:28.107 R 19FA0301 00 DB 3C 00 5A 00 3E 00
13:58:28.108 R 19FA0601 80 0F 89 40 00 FF FF FF
13:58:28.109 R 19FA0601 81 FF FF FF FF FF FF FF
13:58:28.109 R 19FA0601 82 FF FF FF FF FF FF FF
13:58:28.110 R 19FA0B01 80 0F 89 0B 00 FF FF FF
13:58:28.111 R 19FA0B01 81 FF FF FF FF FF FF FF
13:58:28.111 R 19FA0B01 82 FF FF FF FF FF FF FF
13:58:28.120 R 11F80F00 80 1B 12 7C 13 8D 0E 19
13:58:28.121 R 11F80F00 81 98 3E 03 EE 1F 50 1F
13:58:28.121 R 11F80F00 82 73 FF FF 00 00 00 00
13:58:28.122 R 11F80F00 83 20 FF FF 00 70 FE FF
13:58:28.136 R 19F51373 00 0E FF FF FF FF FF FF
13:58:28.136 R 19F51373 01 86 85 B0 00 00 00 00
13:58:28.137 R 19F51373 02 00 FF FF FF FF FF FF
13:58:28.138 R 1DFF6773 20 0B 3B 9F 03 00 04 B4
13:58:28.138 R 1DFF6773 21 6E 11 19 09 09 FF FF
13:58:28.139 R 1DFF6773 40 0B 3B 9F 03 02 04 B4
13:58:28.140 R 1DFF6773 41 6E 11 19 09 09 FF FF
13:58:28.174 R 09FD02B1 FF 13 01 4B 7B FA FF FF
13:58:28.175 R 09FD02B1 FF 13 01 4B 7B FC FF FF
13:58:28.176 R 09FD02B1 FF 15 01 BD 8D F9 FF FF
13:58:28.207 R 19FA0401 80 DB 89 FF 12 05 AE 1E
13:58:28.208 R 19FA0401 81 E5 CD 3C 0F 00 00 00
13:58:28.209 R 19FA0401 82 00 F5 07 E8 28 22 33
13:58:28.209 R 19FA0401 83 74 0E 00 00 00 00 F5
13:58:28.210 R 19FA0401 84 09 C5 13 AD 3C 74 0E
13:58:28.211 R 19FA0401 85 00 00 00 00 F5 0B 5D
13:58:28.212 R 19FA0401 86 10 AC 96 1C 0C 00 00
13:58:28.212 R 19FA0401 87 00 00 F5 14 0B 11 1F
13:58:28.213 R 19FA0401 88 BA AC 0D 00 00 00 00
13:58:28.214 R 19FA0401 89 F5 15 73 32 B7 A7 A0
13:58:28.214 R 19FA0401 8A 0F 00 00 00 00 F5 1E
13:58:28.215 R 19FA0401 8B AE 2D 66 7B A0 0F 00
13:58:28.216 R 19FA0401 8C 00 00 00 F5 44 80 16
13:58:28.216 R 19FA0401 8D B9 3E E4 0C 00 00 00
13:58:28.217 R 19FA0401 8E 00 F5 45 73 32 A3 0D
13:58:28.218 R 19FA0401 8F 3C 0F 00 00 00 00 F5
13:58:28.218 R 19FA0401 90 46 8B 18 2B CB 68 10
13:58:28.219 R 19FA0401 91 00 00 00 00 F5 4E FF
13:58:28.220 R 19FA0401 92 1D 22 24 04 10 00 00
13:58:28.221 R 19FA0401 93 00 00 F5 22 C5 13 95
13:58:28.221 R 19FA0401 94 83 80 0C 00 00 00 00
13:58:28.222 R 19FA0401 95 F5 00 A2 3A B6 D4 D8
13:58:28.993 R 0DFE1101 20 0E C0 86 00 00 03 00
13:58:28.993 R 0DFE1101 21 FF FF FF FF FB 01 03
13:58:28.994 R 0DFE1101 22 00 FF FF FF FF FF FF
13:58:28.995 R 09F80101 3D 20 50 1F 43 98 3E 03
13:58:29.033 R 11F80E00 80 1C 01 EC 9B 94 0E 51
13:58:29.034 R 11F80E00 81 EE 3C 03 DC 71 4D 1F
13:58:29.034 R 11F80E00 82 77 7A 06 AA 01 E8 56
13:58:29.035 R 11F80E00 83 08 FF FF FF 7F C0 F8
13:58:29.036 R 11F80E00 84 FF FF FF FF FF FF FF
13:58:29.046 R 09FD02B1 FF 0A 01 D7 7B FA FF FF
13:58:29.046 R 09FD02B1 FF 0A 01 D7 7B FC FF FF
13:58:29.047 R 09FD02B1 FF 0D 01 61 8E F9 FF FF
13:58:29.095 R 0DF90301 FF 7F FF FF FF 7F FF FF
13:58:29.095 R 09F80101 3D 20 50 1F 43 98 3E 03
13:58:29.096 R 1DFFF001 20 0D 3B 9F 90 FF FF FF
13:58:29.097 R 1DFFF001 21 FF FF FF FF FF DD 00
13:58:29.145 R 09FD02B1 FF 0A 01 DC 7B FA FF FF
13:58:29.146 R 09FD02B1 FF 0A 01 DC 7B FC FF FF
13:58:29.146 R 09FD02B1 FF 0C 01 6F 8E F9 FF FF
13:58:29.169 R 11F80F00 A0 1B 12 00 AC 97 0E 16
13:58:29.169 R 11F80F00 A1 21 3E 03 80 9E 4F 1F
13:58:29.170 R 11F80F00 A2 70 D5 76 38 00 06 00
13:58:29.171 R 11F80F00 A3 0E FF FF 00 74 FF FF
13:58:29.184 R 0DF50B73 00 EE 01 00 00 FF FF FF
13:58:29.195 R 11F80F00 C0 1B 12 EE AB 8B 0E DC
13:58:29.195 R 11F80F00 C1 08 45 03 33 49 5D 1F
13:58:29.196 R 11F80F00 C2 74 21 6C 2F 01 BE 08
13:58:29.197 R 11F80F00 C3 08 FF FF 00 70 FE FF
13:58:29.197 R 09F80201 FF FC 00 00 03 00 FF FF
13:58:29.198 R 09F80101 3D 20 50 1F 43 98 3E 03
13:58:29.199 R 19FA0301 00 DB 3C 00 5A 00 3E 00
13:58:29.199 R 19FA0601 A0 0F 8A 40 00 FF FF FF
13:58:29.200 R 19FA0601 A1 FF FF FF FF FF FF FF
13:58:29.201 R 11F80F00 E0 1B 12 7C 13 8D 0E 19
13:58:29.201 R 11F80F00 E1 98 3E 03 EE 1F 50 1F
13:58:29.202 R 11F80F00 E2 77 FF FF 00 00 00 00
13:58:29.202 R 11F80F00 E3 20 FF FF 00 70 FE FF
13:58:29.203 R 19FA0601 A2 FF FF FF FF FF FF FF
13:58:29.204 R 19FA0B01 A0 0F 8A 0A 00 FF FF FF
13:58:29.204 R 19FA0B01 A1 FF FF FF FF FF FF FF
13:58:29.205 R 19FA0B01 A2 FF FF FF FF FF FF FF
13:58:29.215 R 19F51373 C0 0E FF FF FF FF FF FF
13:58:29.216 R 19F51373 C1 86 85 B0 00 00 00 00
13:58:29.216 R 19F51373 C2 00 FF FF FF FF FF FF
13:58:29.217 R 1DFF6773 E0 0B 3B 9F 03 00 04 B4
13:58:29.218 R 1DFF6773 E1 6E 11 19 09 09 FF FF
13:58:29.218 R 1DFF6773 00 0B 3B 9F 03 02 04 B4
13:58:29.219 R 1DFF6773 01 6E 11 19 09 09 FF FF
13:58:29.245 R 09FD02B1 FF 09 01 D6 7B FA FF FF
13:58:29.245 R 09FD02B1 FF 09 01 D6 7B FC FF FF
13:58:29.246 R 09FD02B1 FF 0C 01 6F 8E F9 FF FF
13:58:29.300 R 19FA0401 A0 DB 8A FF 12 05 AE 1E
13:58:29.301 R 19FA0401 A1 E5 CD 3C 0F 00 00 00
13:58:29.301 R 19FA0401 A2 00 F5 07 E8 28 22 33
13:58:29.302 R 19FA0401 A3 10 0E 00 00 00 00 F5
13:58:29.303 R 19FA0401 A4 09 C5 13 AD 3C 74 0E
13:58:29.303 R 19FA0401 A5 00 00 00 00 F5 0B 5D
13:58:29.304 R 19FA0401 A6 10 AC 96 1C 0C 00 00
13:58:29.305 R 19FA0401 A7 00 00 F5 14 0B 11 1F
13:58:29.306 R 19FA0401 A8 BA 10 0E 00 00 00 00
13:58:29.306 R 19FA0401 A9 F5 15 73 32 B7 A7 A0
13:58:29.307 R 19FA0401 AA 0F 00 00 00 00 F5 1E
13:58:29.308 R 19FA0401 AB AE 2D 66 7B 04 10 00
13:58:29.308 R 19FA0401 AC 00 00 00 F5 44 80 16
13:58:29.309 R 19FA0401 AD B9 3E AC 0D 00 00 00
13:58:29.310 R 19FA0401 AE 00 F5 45 73 32 A3 0D
13:58:29.310 R 19FA0401 AF 3C 0F 00 00 00 00 F5
13:58:29.311 R 19FA0401 B0 46 8B 18 2B CB 3C 0F
13:58:29.312 R 19FA0401 B1 00 00 00 00 F5 4E FF
13:58:29.313 R 19FA0401 B2 1D 22 24 04 10 00 00
13:58:29.313 R 19FA0401 B3 00 00 F5 22 C5 13 95
13:58:29.314 R 19FA0401 B4 83 80 0C 00 00 00 00
13:58:29.315 R 19FA0401 B5 F5 00 A2 3A B6 D4 D8
13:58:29.315 R 19FA0401 B6 0E 00 00 00 00 F5 00
13:58:29.316 R 19FA0401 B7 39 28 AB B4 AC 0D 00
13:58:29.317 R 19FA0401 B8 00 00 00 F5 00 BA 11
13:58:29.317 R 19FA0401 B9 66 8A 80 0C 00 00 00
13:58:29.318 R 19FA0401 BA 00 F5 00 2E 17 7F 34
13:58:29.319 R 19FA0401 BB B8 0B 00 00 00 00 F5
13:58:29.319 R 19FA0401 BC 00 51 2C D1 33 48 0D
13:58:29.320 R 19FA0401 BD 00 00 00 00 F5 00 3A
13:58:29.321 R 19FA0401 BE 19 88 CC 10 0E 00 00
13:58:29.322 R 19FA0401 BF 00 00 F5 FF FF FF FF
13:58:29.322 R 09F80101 3D 20 50 1F 43 98 3E 03
13:58:29.323 R 19F11A01 FF FF FF FF FB 01 FF FF
13:58:29.325 R 1CFFFF01 4F 9A 00 F5 FF FF FF FF
13:58:29.344 R 09FD02B1 FF 09 01 C3 7B FA FF FF
